ISO-10303-21;
HEADER;
/* Generated by software containing ST-Developer
 * from STEP Tools, Inc. (www.steptools.com) 
 */

FILE_DESCRIPTION(
/* description */ (''),
/* implementation_level */ '2;1');

FILE_NAME(
/* name */ '',
/* time_stamp */ '2025-12-10T09:45:41+08:00',
/* author */ (''),
/* organization */ (''),
/* preprocessor_version */ 'ST-DEVELOPER v20.1',
/* originating_system */ 'Autodesk Translation Framework v14.21.0.0',
/* authorisation */ '');

FILE_SCHEMA (('AUTOMOTIVE_DESIGN { 1 0 10303 214 3 1 1 }'));
ENDSEC;

DATA;
#10=MECHANICAL_DESIGN_GEOMETRIC_PRESENTATION_REPRESENTATION('',(#13),#1722);
#11=SHAPE_REPRESENTATION_RELATIONSHIP('SRR','None',#1729,#12);
#12=ADVANCED_BREP_SHAPE_REPRESENTATION('',(#14),#1721);
#13=STYLED_ITEM('',(#1738),#14);
#14=MANIFOLD_SOLID_BREP('\X2\5B9E4F53\X0\1',#171);
#15=PLANE('',#193);
#16=PLANE('',#196);
#17=B_SPLINE_SURFACE_WITH_KNOTS('',3,3,((#561,#562,#563,#564,#565,#566,
#567,#568,#569,#570,#571,#572,#573,#574,#575,#576,#577,#578,#579,#580,#581,
#582,#583,#584,#585,#586,#587,#588,#589,#590,#591,#592,#593,#594,#595,#596,
#597,#598,#599,#600,#601,#602,#603,#604,#605,#606,#607),(#608,#609,#610,
#611,#612,#613,#614,#615,#616,#617,#618,#619,#620,#621,#622,#623,#624,#625,
#626,#627,#628,#629,#630,#631,#632,#633,#634,#635,#636,#637,#638,#639,#640,
#641,#642,#643,#644,#645,#646,#647,#648,#649,#650,#651,#652,#653,#654),
(#655,#656,#657,#658,#659,#660,#661,#662,#663,#664,#665,#666,#667,#668,
#669,#670,#671,#672,#673,#674,#675,#676,#677,#678,#679,#680,#681,#682,#683,
#684,#685,#686,#687,#688,#689,#690,#691,#692,#693,#694,#695,#696,#697,#698,
#699,#700,#701),(#702,#703,#704,#705,#706,#707,#708,#709,#710,#711,#712,
#713,#714,#715,#716,#717,#718,#719,#720,#721,#722,#723,#724,#725,#726,#727,
#728,#729,#730,#731,#732,#733,#734,#735,#736,#737,#738,#739,#740,#741,#742,
#743,#744,#745,#746,#747,#748)),.UNSPECIFIED.,.F.,.F.,.F.,(4,4),(4,1,1,
1,1,1,1,1,1,1,1,1,1,1,1,1,1,1,1,1,1,1,1,1,1,1,1,1,1,1,1,1,1,1,1,1,1,1,1,
1,1,1,1,1,4),(-0.00577367956153963,0.0937037828325132),(8.05114106133769,
8.57434900410714,9.0975569468766,9.62076488964605,10.1439728324155,10.3765096958686,
10.8415834227748,11.1903887179544,11.539194013134,11.7135966607239,11.8879993083137,
12.2368046034933,12.5856098986729,12.9344151938526,13.2832204890322,13.5448244604169,
13.6320257842118,14.097099511118,14.3296363745711,14.6784416697507,15.0272469649304,
15.2452502744177,15.37605226011,15.7248575552897,16.0736628504693,16.4224681456489,
16.7712734408286,16.9456760884184,16.9892767503158,17.1200787360082,17.8176893263675,
18.1664946215471,18.5152999167267,19.0385078594962,19.1693098451885,19.5617158022656,
19.9105210974453,20.2593263926249,20.6081316878045,20.7389336734969,21.131339630574,
21.6545475733434,22.1777555161129,22.3085575018053,22.7009634588823),
 .UNSPECIFIED.);
#18=B_SPLINE_SURFACE_WITH_KNOTS('',3,3,((#1200,#1201,#1202,#1203,#1204,
#1205,#1206,#1207,#1208,#1209,#1210,#1211,#1212,#1213,#1214,#1215,#1216,
#1217,#1218,#1219,#1220,#1221,#1222,#1223,#1224,#1225,#1226,#1227,#1228,
#1229,#1230,#1231,#1232,#1233,#1234,#1235,#1236,#1237,#1238,#1239,#1240,
#1241,#1242),(#1243,#1244,#1245,#1246,#1247,#1248,#1249,#1250,#1251,#1252,
#1253,#1254,#1255,#1256,#1257,#1258,#1259,#1260,#1261,#1262,#1263,#1264,
#1265,#1266,#1267,#1268,#1269,#1270,#1271,#1272,#1273,#1274,#1275,#1276,
#1277,#1278,#1279,#1280,#1281,#1282,#1283,#1284,#1285),(#1286,#1287,#1288,
#1289,#1290,#1291,#1292,#1293,#1294,#1295,#1296,#1297,#1298,#1299,#1300,
#1301,#1302,#1303,#1304,#1305,#1306,#1307,#1308,#1309,#1310,#1311,#1312,
#1313,#1314,#1315,#1316,#1317,#1318,#1319,#1320,#1321,#1322,#1323,#1324,
#1325,#1326,#1327,#1328),(#1329,#1330,#1331,#1332,#1333,#1334,#1335,#1336,
#1337,#1338,#1339,#1340,#1341,#1342,#1343,#1344,#1345,#1346,#1347,#1348,
#1349,#1350,#1351,#1352,#1353,#1354,#1355,#1356,#1357,#1358,#1359,#1360,
#1361,#1362,#1363,#1364,#1365,#1366,#1367,#1368,#1369,#1370,#1371)),
 .UNSPECIFIED.,.F.,.F.,.F.,(4,4),(4,1,1,1,1,1,1,1,1,1,1,1,1,1,1,1,1,1,1,
1,1,1,1,1,1,1,1,1,1,1,1,1,1,1,1,1,1,1,1,1,4),(0.00577366854886937,0.105251130941668),
(11.8565557306049,12.3797636733744,12.9029716161439,13.4261795589134,13.9493875016828,
14.4725954444523,14.9958033872218,15.3446086824014,15.6934139775811,15.8678166251709,
16.0422192727607,16.3910245679404,16.73982986312,17.0886351582997,17.4374404534793,
17.7862457486589,18.1350510438386,18.4838563390182,18.8326616341979,19.1814669293775,
19.5302722245572,19.8790775197368,20.2278828149165,20.5766881100961,20.9254934052758,
21.2742987004554,21.6231039956351,21.9719092908147,22.3207145859944,22.669519881174,
23.0183251763537,23.3671304715333,23.7159357667129,24.1810094936191,24.4135463570722,
24.8059523141493,24.9367542998417,25.4599622426112,25.9831701853807,26.3755761424578,
26.5063781281501),.UNSPECIFIED.);
#19=FACE_OUTER_BOUND('',#29,.T.);
#20=FACE_OUTER_BOUND('',#30,.T.);
#21=FACE_OUTER_BOUND('',#31,.T.);
#22=FACE_OUTER_BOUND('',#32,.T.);
#23=FACE_OUTER_BOUND('',#33,.T.);
#24=FACE_OUTER_BOUND('',#34,.T.);
#25=FACE_OUTER_BOUND('',#35,.T.);
#26=FACE_OUTER_BOUND('',#36,.T.);
#27=FACE_OUTER_BOUND('',#37,.T.);
#28=FACE_OUTER_BOUND('',#38,.T.);
#29=EDGE_LOOP('',(#107,#108,#109,#110));
#30=EDGE_LOOP('',(#111,#112,#113,#114));
#31=EDGE_LOOP('',(#115,#116,#117,#118));
#32=EDGE_LOOP('',(#119,#120,#121,#122));
#33=EDGE_LOOP('',(#123,#124,#125,#126,#127,#128,#129,#130));
#34=EDGE_LOOP('',(#131,#132,#133,#134));
#35=EDGE_LOOP('',(#135,#136,#137,#138,#139,#140,#141,#142));
#36=EDGE_LOOP('',(#143,#144,#145,#146));
#37=EDGE_LOOP('',(#147,#148,#149,#150));
#38=EDGE_LOOP('',(#151,#152,#153,#154));
#39=CIRCLE('',#186,27.325);
#40=CIRCLE('',#189,26.4635);
#41=CIRCLE('',#192,26.4635);
#42=CIRCLE('',#194,27.325);
#43=B_SPLINE_CURVE_WITH_KNOTS('',3,(#233,#234,#235,#236,#237,#238,#239,
#240,#241,#242,#243,#244,#245,#246,#247,#248,#249,#250,#251),
 .UNSPECIFIED.,.F.,.F.,(4,3,3,3,3,3,4),(-37.1049996192613,-37.0792837376725,
-35.6448731971135,-34.2104626565545,-33.2541889628485,-32.2979152691425,
-32.2581031626742),.UNSPECIFIED.);
#44=B_SPLINE_CURVE_WITH_KNOTS('',3,(#254,#255,#256,#257,#258,#259,#260,
#261,#262,#263),.UNSPECIFIED.,.F.,.F.,(4,3,3,4),(-6.42308507166489,-5.52603682262728,
-4.09182841434471,-2.65762000606216),.UNSPECIFIED.);
#45=B_SPLINE_CURVE_WITH_KNOTS('',3,(#268,#269,#270,#271,#272,#273,#274,
#275,#276,#277,#278,#279,#280,#281,#282,#283,#284,#285,#286,#287,#288,#289,
#290,#291,#292,#293,#294,#295,#296,#297,#298,#299,#300,#301,#302,#303,#304,
#305,#306,#307,#308,#309,#310,#311,#312,#313,#314,#315,#316,#317,#318,#319,
#320,#321,#322,#323,#324,#325,#326,#327,#328),.UNSPECIFIED.,.F.,.F.,(4,
3,3,3,3,3,3,3,3,3,3,3,3,3,3,3,3,3,3,3,4),(-32.2581031626742,-31.8198386708063,
-31.3417675447151,-30.3856252925328,-29.4294830403504,-28.473340788168,
-27.5171985359856,-26.5610562838032,-25.6049140316209,-24.6487717794385,
-23.6926295272561,-22.7364872750737,-21.7803450228913,-20.824202770709,
-19.8680605185266,-18.9119182663442,-17.9557760141618,-16.9996337619794,
-16.0434915097971,-15.0873492576147,-15.0346864498078),.UNSPECIFIED.);
#46=B_SPLINE_CURVE_WITH_KNOTS('',3,(#329,#330,#331,#332,#333,#334,#335,
#336,#337,#338,#339,#340,#341,#342,#343,#344,#345,#346,#347,#348,#349,#350,
#351,#352,#353,#354,#355,#356,#357,#358,#359,#360,#361,#362,#363,#364,#365,
#366,#367,#368,#369,#370,#371,#372,#373,#374,#375,#376,#377,#378,#379,#380,
#381,#382,#383,#384,#385,#386,#387,#388,#389,#390,#391,#392),
 .UNSPECIFIED.,.F.,.F.,(4,3,3,3,3,3,3,3,3,3,3,3,3,3,3,3,3,3,3,3,3,4),(-23.6463633020767,
-22.7364630868825,-22.3779126252117,-21.780328522427,-20.8241939579714,
-19.8680593935159,-19.2306363505456,-17.9557902646048,-17.716756623491,
-16.9996557001493,-16.0435211356938,-15.0873865712383,-14.1312520067827,
-13.1751174423272,-12.6970501600994,-12.2189828778717,-11.2628483134161,
-10.3067137489606,-9.03186766301989,-8.39444462004953,-6.96024277336624,
-6.42308507166489),.UNSPECIFIED.);
#47=B_SPLINE_CURVE_WITH_KNOTS('',3,(#398,#399,#400,#401,#402,#403,#404,
#405,#406,#407,#408,#409,#410,#411,#412,#413,#414,#415,#416,#417,#418,#419,
#420,#421,#422),.UNSPECIFIED.,.F.,.F.,(4,3,3,3,3,3,3,3,4),(-34.7811378822583,
-34.7562345518649,-34.1388625034737,-32.9041184066912,-31.9780603341044,
-31.0520022615175,-30.1259441889307,-29.1998861163439,-28.3248290120302),
 .UNSPECIFIED.);
#48=B_SPLINE_CURVE_WITH_KNOTS('',3,(#425,#426,#427,#428,#429,#430,#431,
#432,#433,#434),.UNSPECIFIED.,.F.,.F.,(4,3,3,4),(1.41964852331763,2.46133884632718,
2.80856895399742,3.30386202287813),.UNSPECIFIED.);
#49=B_SPLINE_CURVE_WITH_KNOTS('',3,(#439,#440,#441,#442,#443,#444,#445,
#446,#447,#448,#449,#450,#451,#452,#453,#454,#455,#456,#457,#458,#459,#460,
#461,#462,#463,#464,#465,#466,#467,#468,#469,#470,#471,#472,#473,#474,#475,
#476,#477,#478,#479,#480,#481,#482,#483,#484,#485,#486,#487,#488,#489,#490,
#491,#492,#493,#494,#495,#496,#497,#498,#499),.UNSPECIFIED.,.F.,.F.,(4,
3,3,3,3,3,3,3,3,3,3,3,3,3,3,3,3,3,3,3,4),(-28.3248290120302,-28.2738305356529,
-27.3478177100555,-26.4218048844581,-25.4957920588606,-24.5697792332632,
-23.6437664076658,-22.7177535820684,-21.791740756471,-20.8657279308736,
-19.9397151052762,-19.0137022796788,-18.0876894540814,-17.161676628484,
-16.2356638028865,-15.3096509772891,-14.3836381516917,-13.4576253260943,
-12.5316125004969,-12.0686060876982,-11.6441470945401),.UNSPECIFIED.);
#50=B_SPLINE_CURVE_WITH_KNOTS('',3,(#500,#501,#502,#503,#504,#505,#506,
#507,#508,#509,#510,#511,#512,#513,#514,#515,#516,#517,#518,#519,#520,#521,
#522,#523,#524,#525,#526,#527,#528,#529,#530,#531,#532,#533,#534,#535,#536,
#537,#538,#539,#540,#541,#542,#543,#544,#545,#546,#547,#548,#549,#550,#551,
#552,#553,#554,#555,#556,#557,#558,#559,#560),.UNSPECIFIED.,.F.,.F.,(4,
3,3,3,3,3,3,3,3,3,3,3,3,3,3,3,3,3,3,3,4),(3.30386202287813,4.19754917441041,
5.5865625332893,6.62832255244848,6.97557589216822,7.90158479808747,8.82759370400676,
9.75360260992602,10.7953626290852,11.1426159688049,12.5316293276838,13.4576382336031,
14.3836471395224,16.2356649513609,16.5829182910806,16.6986694043205,17.1616738572802,
18.0876827631994,19.0136916691187,19.939700575038,19.9844733335514),
 .UNSPECIFIED.);
#51=B_SPLINE_CURVE_WITH_KNOTS('',3,(#750,#751,#752,#753,#754,#755,#756,
#757,#758,#759,#760,#761,#762,#763,#764,#765,#766,#767,#768,#769,#770,#771,
#772,#773,#774,#775,#776,#777,#778,#779,#780,#781,#782,#783,#784,#785,#786,
#787,#788,#789,#790,#791,#792,#793,#794,#795,#796,#797,#798,#799,#800,#801,
#802,#803,#804,#805,#806,#807,#808,#809,#810,#811,#812,#813,#814,#815,#816,
#817,#818,#819,#820,#821,#822,#823,#824,#825,#826,#827,#828,#829,#830,#831,
#832,#833,#834,#835,#836,#837,#838,#839,#840,#841,#842,#843,#844,#845,#846,
#847,#848,#849,#850,#851,#852,#853,#854,#855,#856,#857,#858,#859,#860,#861,
#862,#863,#864,#865,#866,#867,#868,#869,#870,#871,#872,#873,#874,#875,#876,
#877,#878,#879,#880,#881,#882,#883,#884,#885,#886,#887,#888,#889,#890,#891,
#892,#893,#894,#895,#896,#897,#898,#899,#900,#901,#902,#903,#904,#905,#906),
 .UNSPECIFIED.,.F.,.F.,(4,3,3,3,3,3,3,3,3,3,3,3,3,3,3,3,3,3,3,3,3,3,3,3,
3,3,3,3,3,3,3,3,3,3,3,3,3,3,3,3,3,3,3,3,3,3,3,3,3,3,3,3,4),(1.41373563064832,
1.56894110693314,1.72477832011795,1.88056716895021,2.02505832111738,2.05785895023127,
2.07097911476871,2.22659794247497,2.38314321739178,2.45853177761887,2.61462933112715,
2.77022716751663,2.80866234677758,2.96524867512693,3.0432808912902,3.07985849261673,
3.09678637453779,3.11081382324576,3.26613273224641,3.42281771928732,3.58024861161565,
3.73862749214654,3.89488117292625,4.05432265333275,4.134043393536,4.14823211128449,
4.16266325824357,4.21376413373924,4.36757659128742,4.52543453179446,4.68320028656526,
4.84135547565213,4.99916580753634,5.15698438448817,5.18835124442912,5.20195303673939,
5.21536539838679,5.37365310733712,5.5323984463279,5.63044011534367,5.78836735360419,
5.9469106063782,6.10536775602346,6.25388064963754,6.27127843008781,6.42994483463896,
6.58857911849581,6.69941933047977,6.78228708272485,6.80660135847223,6.82325051234431,
6.98178875669012,7.03089033946007),.UNSPECIFIED.);
#52=B_SPLINE_CURVE_WITH_KNOTS('',3,(#907,#908,#909,#910,#911,#912,#913,
#914,#915,#916,#917,#918,#919,#920,#921,#922,#923,#924,#925,#926,#927,#928,
#929,#930,#931,#932,#933,#934,#935,#936,#937,#938,#939,#940,#941,#942,#943,
#944,#945,#946,#947,#948,#949,#950,#951,#952,#953,#954,#955,#956,#957,#958),
 .UNSPECIFIED.,.F.,.F.,(4,3,3,3,3,3,3,3,3,3,3,3,3,3,3,3,3,4),(-37.1049996192605,
-37.0792859393233,-36.1230941165212,-35.166902293719,-34.2107104709168,
-33.1349946702644,-32.7764227367136,-31.3421350025104,-30.3859431797082,
-29.429751356906,-27.5173677113017,-27.1587957777509,-27.0392717999006,
-26.5611758884996,-25.6049840656974,-24.6487922428952,-23.6926004200931,
-23.6463633020767),.UNSPECIFIED.);
#53=B_SPLINE_CURVE_WITH_KNOTS('',3,(#960,#961,#962,#963,#964,#965,#966,
#967,#968,#969,#970,#971,#972,#973,#974,#975,#976,#977,#978,#979,#980,#981,
#982,#983,#984,#985,#986,#987,#988,#989,#990,#991,#992,#993,#994,#995,#996,
#997,#998,#999,#1000,#1001,#1002,#1003,#1004,#1005,#1006,#1007,#1008,#1009,
#1010,#1011,#1012,#1013,#1014,#1015,#1016,#1017,#1018,#1019,#1020,#1021,
#1022,#1023,#1024,#1025,#1026,#1027,#1028,#1029,#1030,#1031,#1032,#1033,
#1034,#1035,#1036,#1037,#1038,#1039,#1040,#1041,#1042,#1043,#1044,#1045,
#1046,#1047,#1048,#1049,#1050,#1051,#1052,#1053,#1054,#1055,#1056,#1057,
#1058,#1059,#1060,#1061,#1062,#1063,#1064,#1065,#1066,#1067,#1068,#1069,
#1070,#1071,#1072,#1073,#1074,#1075,#1076,#1077,#1078,#1079,#1080,#1081,
#1082,#1083,#1084,#1085,#1086,#1087,#1088,#1089,#1090,#1091,#1092,#1093,
#1094,#1095,#1096,#1097,#1098,#1099,#1100,#1101,#1102,#1103,#1104,#1105,
#1106,#1107),.UNSPECIFIED.,.F.,.F.,(4,3,3,3,3,3,3,3,3,3,3,3,3,3,3,3,3,3,
3,3,3,3,3,3,3,3,3,3,3,3,3,3,3,3,3,3,3,3,3,3,3,3,3,3,3,3,3,3,3,4),(2.07301994512633,
2.22531809234003,2.38037494034434,2.53644350340234,2.6928578974591,2.84890009937043,
2.99719308809762,3.05280295887031,3.08141498906638,3.09985932704309,3.25652151724961,
3.41343544370382,3.44207205427917,3.59722116724438,3.75398625191747,3.91083979054436,
4.02796171982142,4.13055724761618,4.14251363862425,4.29876624668685,4.45633393181299,
4.61393681305405,4.77058579754186,4.8478152247608,5.00517236812622,5.16250335823185,
5.18016139260829,5.19506019668011,5.35118716880729,5.50870222504372,5.66698328138057,
5.82502766163559,5.98221460158442,6.12301744527783,6.19341886712453,6.23638080989847,
6.25042016142848,6.26382028897124,6.41891990547983,6.57782462408522,6.73645533404833,
6.89527738332698,7.05356736475445,7.09543690375681,7.11865419459597,7.13678954060627,
7.29594174491756,7.45534401066887,7.61412100935713,7.69015765432294),
 .UNSPECIFIED.);
#54=B_SPLINE_CURVE_WITH_KNOTS('',3,(#1108,#1109,#1110,#1111,#1112,#1113,
#1114,#1115,#1116,#1117,#1118,#1119,#1120,#1121,#1122,#1123,#1124,#1125,
#1126,#1127,#1128,#1129,#1130,#1131,#1132,#1133,#1134,#1135,#1136,#1137,
#1138,#1139,#1140,#1141,#1142,#1143,#1144,#1145,#1146,#1147,#1148,#1149,
#1150,#1151,#1152,#1153,#1154,#1155,#1156,#1157,#1158,#1159,#1160,#1161,
#1162,#1163,#1164,#1165,#1166,#1167,#1168),.UNSPECIFIED.,.F.,.F.,(4,3,3,
3,3,3,3,3,3,3,3,3,3,3,3,3,3,3,3,3,4),(19.9844733335514,20.8657328755901,
21.2129954340243,21.7917663647478,22.7177998539056,23.6438333430634,24.2611890025019,
25.4959003213789,25.7274086936683,26.4219338105366,27.3479672996944,28.2740007888521,
29.2000342780099,30.1260677671676,30.5890845117465,31.0521012563254,31.9781347454831,
32.9041682346409,34.1388795535179,34.7562352129564,34.7811378822583),
 .UNSPECIFIED.);
#55=B_SPLINE_CURVE_WITH_KNOTS('',3,(#1172,#1173,#1174,#1175,#1176,#1177,
#1178,#1179,#1180,#1181,#1182,#1183,#1184,#1185,#1186,#1187,#1188,#1189,
#1190,#1191,#1192,#1193,#1194,#1195,#1196,#1197,#1198,#1199),
 .UNSPECIFIED.,.F.,.F.,(4,3,3,3,3,3,3,3,3,4),(-11.6441470945401,-11.605600390942,
-10.6796047666123,-9.75360914228256,-8.36461570578802,-6.97562226929348,
-5.58662883279894,-4.1976353963044,-2.80864195980986,-1.41964852331763),
 .UNSPECIFIED.);
#56=B_SPLINE_CURVE_WITH_KNOTS('',3,(#1373,#1374,#1375,#1376,#1377,#1378,
#1379,#1380,#1381,#1382,#1383,#1384,#1385,#1386,#1387,#1388,#1389,#1390,
#1391,#1392,#1393,#1394,#1395,#1396,#1397,#1398,#1399,#1400,#1401,#1402,
#1403,#1404,#1405,#1406,#1407,#1408,#1409,#1410,#1411,#1412,#1413,#1414,
#1415,#1416,#1417,#1418,#1419,#1420,#1421,#1422,#1423,#1424,#1425,#1426,
#1427,#1428,#1429,#1430,#1431,#1432,#1433,#1434,#1435,#1436,#1437,#1438,
#1439,#1440,#1441,#1442,#1443,#1444,#1445,#1446,#1447,#1448,#1449,#1450,
#1451,#1452,#1453,#1454,#1455,#1456,#1457,#1458,#1459,#1460,#1461,#1462,
#1463,#1464,#1465,#1466,#1467,#1468,#1469,#1470,#1471,#1472,#1473,#1474,
#1475,#1476,#1477,#1478,#1479,#1480,#1481,#1482,#1483,#1484,#1485,#1486,
#1487,#1488,#1489,#1490,#1491,#1492,#1493,#1494,#1495,#1496,#1497,#1498,
#1499,#1500,#1501,#1502,#1503,#1504,#1505,#1506,#1507,#1508,#1509,#1510,
#1511,#1512,#1513,#1514,#1515,#1516,#1517,#1518,#1519,#1520,#1521,#1522,
#1523),.UNSPECIFIED.,.F.,.F.,(4,3,3,3,3,3,3,3,3,3,3,3,3,3,3,3,3,3,3,3,3,
3,3,3,3,3,3,3,3,3,3,3,3,3,3,3,3,3,3,3,3,3,3,3,3,3,3,3,3,3,4),(0.331541149520172,
0.490883282199817,0.649691444032877,0.69030038028424,0.849559068423386,
0.963478130399785,1.06484360919861,1.07920079863508,1.23691370751798,1.39563580128416,
1.55424993869695,1.71182934580081,1.76091156423458,1.91982346730368,2.07714832838518,
2.11278217597882,2.12570119936945,2.13899614510919,2.29590570057515,2.45388474302591,
2.61223462792609,2.76974800540925,2.92612446309129,3.0800373004414,3.1784223559557,
3.19290623752995,3.34660773164947,3.50306878675707,3.66048924412012,3.81817700956849,
3.9754056805531,4.12775735146157,4.18488922805225,4.21539446022462,4.22919827758672,
4.38579660593999,4.54252094237017,4.584812364187,4.74074285717966,4.89687020921261,
4.93522345109896,5.09188909562121,5.19988598153956,5.24713461912884,5.26864562986904,
5.2825989626502,5.43743701465182,5.59350583115068,5.74963142444072,5.90496707525433,
5.95586418296801),.UNSPECIFIED.);
#57=B_SPLINE_CURVE_WITH_KNOTS('',3,(#1524,#1525,#1526,#1527,#1528,#1529,
#1530,#1531,#1532,#1533,#1534,#1535,#1536,#1537,#1538,#1539,#1540,#1541,
#1542,#1543,#1544,#1545,#1546,#1547,#1548,#1549,#1550,#1551,#1552,#1553,
#1554,#1555,#1556,#1557,#1558,#1559,#1560,#1561,#1562,#1563,#1564,#1565,
#1566,#1567,#1568,#1569,#1570,#1571,#1572,#1573,#1574,#1575,#1576,#1577,
#1578,#1579,#1580,#1581,#1582,#1583,#1584,#1585,#1586,#1587,#1588,#1589,
#1590,#1591,#1592,#1593,#1594,#1595,#1596,#1597,#1598,#1599,#1600,#1601,
#1602,#1603,#1604,#1605,#1606,#1607,#1608,#1609,#1610,#1611,#1612,#1613,
#1614,#1615,#1616,#1617,#1618,#1619,#1620,#1621,#1622,#1623,#1624,#1625,
#1626,#1627,#1628,#1629,#1630,#1631,#1632,#1633,#1634,#1635,#1636,#1637,
#1638,#1639,#1640,#1641,#1642,#1643,#1644,#1645,#1646,#1647,#1648,#1649,
#1650,#1651,#1652,#1653,#1654,#1655,#1656,#1657,#1658,#1659,#1660,#1661,
#1662,#1663,#1664,#1665,#1666,#1667,#1668,#1669,#1670,#1671,#1672,#1673,
#1674),.UNSPECIFIED.,.F.,.F.,(4,3,3,3,3,3,3,3,3,3,3,3,3,3,3,3,3,3,3,3,3,
3,3,3,3,3,3,3,3,3,3,3,3,3,3,3,3,3,3,3,3,3,3,3,3,3,3,3,3,3,4),(0.331541149520236,
0.489928224311453,0.649576911789499,0.809060866616897,0.967661665462439,
1.01817569592864,1.05008859794695,1.06486480200387,1.07917855107905,1.24322459788546,
1.40214882491416,1.56875578160944,1.72613662465548,1.73536273830472,1.89420451064932,
2.05157603435343,2.12588231349435,2.13901108821307,2.29585941123672,2.45378747250445,
2.61210900539156,2.76967014935208,2.92613933226487,3.08030401381831,3.15317670028217,
3.17570169274908,3.18912452556531,3.34303906924643,3.4996196932872,3.65707385549827,
3.81468400559983,3.97171208662034,4.11870061709595,4.17382131602431,4.20253375861712,
4.22191627759054,4.2367890353392,4.398227621931,4.5596662085228,4.71527249103286,
4.87215093907811,5.02888459046689,5.18476685648911,5.23296043939404,5.2624771835622,
5.27914288855979,5.43450099721109,5.59067718850791,5.74662318004317,5.90136096385838,
5.95586418296797),.UNSPECIFIED.);
#58=B_SPLINE_CURVE_WITH_KNOTS('',3,(#1675,#1676,#1677,#1678,#1679,#1680,
#1681,#1682,#1683,#1684,#1685,#1686,#1687,#1688,#1689,#1690,#1691,#1692,
#1693,#1694,#1695,#1696,#1697,#1698,#1699,#1700,#1701,#1702,#1703,#1704,
#1705,#1706,#1707,#1708,#1709,#1710,#1711,#1712,#1713,#1714),
 .UNSPECIFIED.,.F.,.F.,(4,3,3,3,3,3,3,3,3,3,3,3,3,4),(-15.0346864498078,
-14.1312157668551,-13.1750827867891,-12.218949806723,-11.262816826657,-10.306683846591,
-9.03183987316961,-8.39441788645892,-7.31876828388464,-6.96021841635988,
-5.52601894626083,-4.09181947616178,-3.0161698735875,-2.65762000606304),
 .UNSPECIFIED.);
#59=LINE('',#231,#63);
#60=LINE('',#267,#64);
#61=LINE('',#396,#65);
#62=LINE('',#438,#66);
#63=VECTOR('',#201,26.5);
#64=VECTOR('',#206,26.5);
#65=VECTOR('',#209,26.5635);
#66=VECTOR('',#214,26.5635);
#67=VERTEX_POINT('',#229);
#68=VERTEX_POINT('',#230);
#69=VERTEX_POINT('',#232);
#70=VERTEX_POINT('',#252);
#71=VERTEX_POINT('',#265);
#72=VERTEX_POINT('',#266);
#73=VERTEX_POINT('',#394);
#74=VERTEX_POINT('',#395);
#75=VERTEX_POINT('',#397);
#76=VERTEX_POINT('',#423);
#77=VERTEX_POINT('',#436);
#78=VERTEX_POINT('',#437);
#79=VERTEX_POINT('',#749);
#80=VERTEX_POINT('',#959);
#81=VERTEX_POINT('',#1170);
#82=VERTEX_POINT('',#1372);
#83=EDGE_CURVE('',#67,#68,#59,.T.);
#84=EDGE_CURVE('',#67,#69,#43,.F.);
#85=EDGE_CURVE('',#70,#69,#39,.F.);
#86=EDGE_CURVE('',#70,#68,#44,.F.);
#87=EDGE_CURVE('',#71,#72,#60,.T.);
#88=EDGE_CURVE('',#71,#67,#45,.F.);
#89=EDGE_CURVE('',#68,#72,#46,.F.);
#90=EDGE_CURVE('',#73,#74,#61,.T.);
#91=EDGE_CURVE('',#73,#75,#47,.F.);
#92=EDGE_CURVE('',#76,#75,#40,.F.);
#93=EDGE_CURVE('',#74,#76,#48,.F.);
#94=EDGE_CURVE('',#77,#78,#62,.T.);
#95=EDGE_CURVE('',#77,#73,#49,.F.);
#96=EDGE_CURVE('',#78,#74,#50,.F.);
#97=EDGE_CURVE('',#79,#76,#51,.F.);
#98=EDGE_CURVE('',#72,#79,#52,.F.);
#99=EDGE_CURVE('',#80,#70,#53,.T.);
#100=EDGE_CURVE('',#80,#78,#54,.F.);
#101=EDGE_CURVE('',#81,#80,#41,.T.);
#102=EDGE_CURVE('',#81,#77,#55,.F.);
#103=EDGE_CURVE('',#75,#82,#56,.F.);
#104=EDGE_CURVE('',#69,#81,#57,.T.);
#105=EDGE_CURVE('',#82,#71,#58,.F.);
#106=EDGE_CURVE('',#82,#79,#42,.T.);
#107=ORIENTED_EDGE('',*,*,#83,.F.);
#108=ORIENTED_EDGE('',*,*,#84,.T.);
#109=ORIENTED_EDGE('',*,*,#85,.F.);
#110=ORIENTED_EDGE('',*,*,#86,.T.);
#111=ORIENTED_EDGE('',*,*,#87,.F.);
#112=ORIENTED_EDGE('',*,*,#88,.T.);
#113=ORIENTED_EDGE('',*,*,#83,.T.);
#114=ORIENTED_EDGE('',*,*,#89,.T.);
#115=ORIENTED_EDGE('',*,*,#90,.F.);
#116=ORIENTED_EDGE('',*,*,#91,.T.);
#117=ORIENTED_EDGE('',*,*,#92,.F.);
#118=ORIENTED_EDGE('',*,*,#93,.F.);
#119=ORIENTED_EDGE('',*,*,#94,.F.);
#120=ORIENTED_EDGE('',*,*,#95,.T.);
#121=ORIENTED_EDGE('',*,*,#90,.T.);
#122=ORIENTED_EDGE('',*,*,#96,.F.);
#123=ORIENTED_EDGE('',*,*,#97,.F.);
#124=ORIENTED_EDGE('',*,*,#98,.F.);
#125=ORIENTED_EDGE('',*,*,#89,.F.);
#126=ORIENTED_EDGE('',*,*,#86,.F.);
#127=ORIENTED_EDGE('',*,*,#99,.F.);
#128=ORIENTED_EDGE('',*,*,#100,.T.);
#129=ORIENTED_EDGE('',*,*,#96,.T.);
#130=ORIENTED_EDGE('',*,*,#93,.T.);
#131=ORIENTED_EDGE('',*,*,#94,.T.);
#132=ORIENTED_EDGE('',*,*,#100,.F.);
#133=ORIENTED_EDGE('',*,*,#101,.F.);
#134=ORIENTED_EDGE('',*,*,#102,.T.);
#135=ORIENTED_EDGE('',*,*,#103,.F.);
#136=ORIENTED_EDGE('',*,*,#91,.F.);
#137=ORIENTED_EDGE('',*,*,#95,.F.);
#138=ORIENTED_EDGE('',*,*,#102,.F.);
#139=ORIENTED_EDGE('',*,*,#104,.F.);
#140=ORIENTED_EDGE('',*,*,#84,.F.);
#141=ORIENTED_EDGE('',*,*,#88,.F.);
#142=ORIENTED_EDGE('',*,*,#105,.F.);
#143=ORIENTED_EDGE('',*,*,#97,.T.);
#144=ORIENTED_EDGE('',*,*,#92,.T.);
#145=ORIENTED_EDGE('',*,*,#103,.T.);
#146=ORIENTED_EDGE('',*,*,#106,.T.);
#147=ORIENTED_EDGE('',*,*,#87,.T.);
#148=ORIENTED_EDGE('',*,*,#98,.T.);
#149=ORIENTED_EDGE('',*,*,#106,.F.);
#150=ORIENTED_EDGE('',*,*,#105,.T.);
#151=ORIENTED_EDGE('',*,*,#99,.T.);
#152=ORIENTED_EDGE('',*,*,#85,.T.);
#153=ORIENTED_EDGE('',*,*,#104,.T.);
#154=ORIENTED_EDGE('',*,*,#101,.T.);
#155=CYLINDRICAL_SURFACE('',#185,27.325);
#156=CYLINDRICAL_SURFACE('',#187,27.325);
#157=CYLINDRICAL_SURFACE('',#188,26.4635);
#158=CYLINDRICAL_SURFACE('',#190,26.4635);
#159=CYLINDRICAL_SURFACE('',#191,26.4635);
#160=CYLINDRICAL_SURFACE('',#195,27.325);
#161=ADVANCED_FACE('',(#19),#155,.T.);
#162=ADVANCED_FACE('',(#20),#156,.T.);
#163=ADVANCED_FACE('',(#21),#157,.T.);
#164=ADVANCED_FACE('',(#22),#158,.T.);
#165=ADVANCED_FACE('',(#23),#17,.F.);
#166=ADVANCED_FACE('',(#24),#159,.T.);
#167=ADVANCED_FACE('',(#25),#18,.F.);
#168=ADVANCED_FACE('',(#26),#15,.F.);
#169=ADVANCED_FACE('',(#27),#160,.T.);
#170=ADVANCED_FACE('',(#28),#16,.T.);
#171=CLOSED_SHELL('',(#161,#162,#163,#164,#165,#166,#167,#168,#169,#170));
#172=DERIVED_UNIT_ELEMENT(#174,1.);
#173=DERIVED_UNIT_ELEMENT(#1724,-3.);
#174=(
MASS_UNIT()
NAMED_UNIT(*)
SI_UNIT(.KILO.,.GRAM.)
);
#175=DERIVED_UNIT((#172,#173));
#176=MEASURE_REPRESENTATION_ITEM('density measure',
POSITIVE_RATIO_MEASURE(7850.),#175);
#177=PROPERTY_DEFINITION_REPRESENTATION(#182,#179);
#178=PROPERTY_DEFINITION_REPRESENTATION(#183,#180);
#179=REPRESENTATION('material name',(#181),#1721);
#180=REPRESENTATION('density',(#176),#1721);
#181=DESCRIPTIVE_REPRESENTATION_ITEM('\X2\94A2\X0\','\X2\94A2\X0\');
#182=PROPERTY_DEFINITION('material property','material name',#1731);
#183=PROPERTY_DEFINITION('material property','density of part',#1731);
#184=AXIS2_PLACEMENT_3D('',#227,#197,#198);
#185=AXIS2_PLACEMENT_3D('',#228,#199,#200);
#186=AXIS2_PLACEMENT_3D('',#253,#202,#203);
#187=AXIS2_PLACEMENT_3D('',#264,#204,#205);
#188=AXIS2_PLACEMENT_3D('',#393,#207,#208);
#189=AXIS2_PLACEMENT_3D('',#424,#210,#211);
#190=AXIS2_PLACEMENT_3D('',#435,#212,#213);
#191=AXIS2_PLACEMENT_3D('',#1169,#215,#216);
#192=AXIS2_PLACEMENT_3D('',#1171,#217,#218);
#193=AXIS2_PLACEMENT_3D('',#1715,#219,#220);
#194=AXIS2_PLACEMENT_3D('',#1716,#221,#222);
#195=AXIS2_PLACEMENT_3D('',#1717,#223,#224);
#196=AXIS2_PLACEMENT_3D('',#1718,#225,#226);
#197=DIRECTION('axis',(0.,0.,1.));
#198=DIRECTION('refdir',(1.,0.,0.));
#199=DIRECTION('center_axis',(0.,0.,1.));
#200=DIRECTION('ref_axis',(0.634110434702244,-0.773242495341358,0.));
#201=DIRECTION('',(0.,0.,-1.));
#202=DIRECTION('center_axis',(5.47382212626882E-48,4.31808427754722E-77,
1.));
#203=DIRECTION('ref_axis',(-1.,0.,0.));
#204=DIRECTION('center_axis',(0.,0.,1.));
#205=DIRECTION('ref_axis',(-1.,0.,0.));
#206=DIRECTION('',(0.,0.,-1.));
#207=DIRECTION('center_axis',(0.,0.,1.));
#208=DIRECTION('ref_axis',(0.347486945447204,0.937684820578733,0.));
#209=DIRECTION('',(0.,0.,1.));
#210=DIRECTION('center_axis',(-5.47382212626882E-48,-4.31808427754722E-77,
-1.));
#211=DIRECTION('ref_axis',(-1.,-2.50770348325745E-16,0.));
#212=DIRECTION('center_axis',(0.,0.,1.));
#213=DIRECTION('ref_axis',(-1.,-2.50770348325745E-16,0.));
#214=DIRECTION('',(0.,0.,1.));
#215=DIRECTION('center_axis',(0.,0.,1.));
#216=DIRECTION('ref_axis',(-0.937683534465728,-0.347490415971233,0.));
#217=DIRECTION('center_axis',(-5.47382212626882E-48,-4.31808427754722E-77,
-1.));
#218=DIRECTION('ref_axis',(-1.,-2.50770348325745E-16,0.));
#219=DIRECTION('center_axis',(-5.47382212626882E-48,-4.31808427754722E-77,
-1.));
#220=DIRECTION('ref_axis',(-1.,0.,5.47382212626882E-48));
#221=DIRECTION('center_axis',(5.47382212626882E-48,4.31808427754722E-77,
1.));
#222=DIRECTION('ref_axis',(-1.,0.,0.));
#223=DIRECTION('center_axis',(0.,0.,1.));
#224=DIRECTION('ref_axis',(-0.773260288771808,0.634088736541298,0.));
#225=DIRECTION('center_axis',(-5.47382212626882E-48,-4.31808427754722E-77,
-1.));
#226=DIRECTION('ref_axis',(-1.,0.,5.47382212626882E-48));
#227=CARTESIAN_POINT('',(0.,0.,0.));
#228=CARTESIAN_POINT('Origin',(-0.000173344838925931,-0.999999717040936,
10.9757976352889));
#229=CARTESIAN_POINT('',(27.3258814385204,-1.00049922942569,10.3978593832214));
#230=CARTESIAN_POINT('',(27.3233484630806,-0.99827610012355,10.3037358873455));
#231=CARTESIAN_POINT('',(27.3248266551611,-0.999999717040933,10.9757976352889));
#232=CARTESIAN_POINT('',(-5.35294433618138,-27.798863437216,9.97579763529464));
#233=CARTESIAN_POINT('Ctrl Pts',(-5.35294433618138,-27.798863437216,9.97579763529464));
#234=CARTESIAN_POINT('Ctrl Pts',(-5.26918911263417,-27.8156127891725,9.97654407101422));
#235=CARTESIAN_POINT('Ctrl Pts',(-5.18535365809891,-27.8319609508122,9.97729050673379));
#236=CARTESIAN_POINT('Ctrl Pts',(-5.1014413894605,-27.8479062651428,9.97803694245337));
#237=CARTESIAN_POINT('Ctrl Pts',(-0.42088466028478,-28.7373226699133,10.0196725076317));
#238=CARTESIAN_POINT('Ctrl Pts',(4.49866500536488,-28.3733538570172,10.0613080728101));
#239=CARTESIAN_POINT('Ctrl Pts',(8.99662057977336,-26.804734436722,10.1029436379884));
#240=CARTESIAN_POINT('Ctrl Pts',(13.4945761541818,-25.2361150164268,10.1445792031668));
#241=CARTESIAN_POINT('Ctrl Pts',(17.5709376373491,-22.4628449887324,10.1862147683451));
#242=CARTESIAN_POINT('Ctrl Pts',(20.6861047928993,-18.8574769036763,10.2278503335235));
#243=CARTESIAN_POINT('Ctrl Pts',(22.7628828965995,-16.4538981803056,10.2556073769757));
#244=CARTESIAN_POINT('Ctrl Pts',(24.4124635213587,-13.6804980981074,10.2833644204279));
#245=CARTESIAN_POINT('Ctrl Pts',(25.5408778282707,-10.7104683814124,10.3111214638802));
#246=CARTESIAN_POINT('Ctrl Pts',(26.6692921351826,-7.74043866471749,10.3388785073324));
#247=CARTESIAN_POINT('Ctrl Pts',(27.2765401242474,-4.57377931352577,10.3666355507846));
#248=CARTESIAN_POINT('Ctrl Pts',(27.3229932185863,-1.3972741319932,10.3943925942369));
#249=CARTESIAN_POINT('Ctrl Pts',(27.3249271790725,-1.26502814079134,10.395548190565));
#250=CARTESIAN_POINT('Ctrl Pts',(27.3258891313173,-1.13276508411991,10.3967037868932));
#251=CARTESIAN_POINT('Ctrl Pts',(27.3258814385204,-1.00049922942569,10.3978593832214));
#252=CARTESIAN_POINT('',(5.35163228333987,-27.7957792637941,9.97579763528892));
#253=CARTESIAN_POINT('Origin',(-0.000173344838925931,-0.999999717040936,
9.97579763528892));
#254=CARTESIAN_POINT('Ctrl Pts',(27.3233484630806,-0.99827610012355,10.3037358873455));
#255=CARTESIAN_POINT('Ctrl Pts',(27.3210869329818,-3.97980642357283,10.2776942670167));
#256=CARTESIAN_POINT('Ctrl Pts',(26.8354300927733,-6.96263790531575,10.2516526466879));
#257=CARTESIAN_POINT('Ctrl Pts',(25.8773576589969,-9.78478356168135,10.225611026359));
#258=CARTESIAN_POINT('Ctrl Pts',(24.345583262536,-14.2968541600021,10.1839754611807));
#259=CARTESIAN_POINT('Ctrl Pts',(21.6062254299481,-18.3981814556293,10.1423398960023));
#260=CARTESIAN_POINT('Ctrl Pts',(18.0260514094457,-21.5395704638422,10.100704330824));
#261=CARTESIAN_POINT('Ctrl Pts',(14.4458773889434,-24.680959472055,10.0590687656456));
#262=CARTESIAN_POINT('Ctrl Pts',(10.0248871805266,-26.8624101928536,10.0174332004673));
#263=CARTESIAN_POINT('Ctrl Pts',(5.35163228333987,-27.7957792637941,9.97579763528892));
#264=CARTESIAN_POINT('Origin',(-0.000173344838925931,-0.999999717040936,
10.9757976352889));
#265=CARTESIAN_POINT('',(27.325304972795,-1.00003485633063,11.8978593832275));
#266=CARTESIAN_POINT('',(27.3255618992249,-0.999961608387999,11.8037358873571));
#267=CARTESIAN_POINT('',(27.3248266551611,-0.999999717040933,10.9757976352889));
#268=CARTESIAN_POINT('Ctrl Pts',(27.3258814385303,-1.00049922942569,10.3978593832157));
#269=CARTESIAN_POINT('Ctrl Pts',(27.3257967421023,0.455726063921304,10.4105823086136));
#270=CARTESIAN_POINT('Ctrl Pts',(27.2081750905419,1.91229052372646,10.4233052340116));
#271=CARTESIAN_POINT('Ctrl Pts',(26.9761703476011,3.35015319413902,10.4360281594095));
#272=CARTESIAN_POINT('Ctrl Pts',(26.7230931059485,4.91861388115239,10.4499066811356));
#273=CARTESIAN_POINT('Ctrl Pts',(26.3339107991553,6.46482120682703,10.4637852028617));
#274=CARTESIAN_POINT('Ctrl Pts',(25.8126535735375,7.96521731596707,10.4776637245879));
#275=CARTESIAN_POINT('Ctrl Pts',(24.7701391223019,10.9660095342472,10.5054207680401));
#276=CARTESIAN_POINT('Ctrl Pts',(23.1993249957677,13.7835568863888,10.5331778114923));
#277=CARTESIAN_POINT('Ctrl Pts',(21.1942279270152,16.2476755703366,10.5609348549446));
#278=CARTESIAN_POINT('Ctrl Pts',(19.1891308582627,18.7117942542844,10.5886918983968));
#279=CARTESIAN_POINT('Ctrl Pts',(16.7497508472918,20.8224842700383,10.616448941849));
#280=CARTESIAN_POINT('Ctrl Pts',(14.0231490761877,22.4527948584285,10.6442059853013));
#281=CARTESIAN_POINT('Ctrl Pts',(11.2965473050836,24.0831054468186,10.6719630287535));
#282=CARTESIAN_POINT('Ctrl Pts',(8.2827237738464,25.2330366078449,10.6997200722057));
#283=CARTESIAN_POINT('Ctrl Pts',(5.16311426809081,25.8332951803963,10.727477115658));
#284=CARTESIAN_POINT('Ctrl Pts',(2.04350476233525,26.4335537529477,10.7552341591102));
#285=CARTESIAN_POINT('Ctrl Pts',(-1.18189071793866,26.4841397370241,10.7829912025624));
#286=CARTESIAN_POINT('Ctrl Pts',(-4.31880058598856,25.9820699147524,10.8107482460147));
#287=CARTESIAN_POINT('Ctrl Pts',(-7.45571045403852,25.4800000924808,10.8385052894669));
#288=CARTESIAN_POINT('Ctrl Pts',(-10.5041347098644,24.4252744638611,10.8662623329191));
#289=CARTESIAN_POINT('Ctrl Pts',(-13.2805433707182,22.8813248869934,10.8940193763714));
#290=CARTESIAN_POINT('Ctrl Pts',(-16.0569520315719,21.3373753101258,10.9217764198236));
#291=CARTESIAN_POINT('Ctrl Pts',(-18.5613450974534,19.3042017850103,10.9495334632758));
#292=CARTESIAN_POINT('Ctrl Pts',(-20.6428758405651,16.9043053017473,10.9772905067281));
#293=CARTESIAN_POINT('Ctrl Pts',(-22.7244065836767,14.5044088184844,11.0050475501803));
#294=CARTESIAN_POINT('Ctrl Pts',(-24.3830750040186,11.737789377074,11.0328045936325));
#295=CARTESIAN_POINT('Ctrl Pts',(-25.5190452564498,8.77099276496382,11.0605616370848));
#296=CARTESIAN_POINT('Ctrl Pts',(-26.655015508881,5.8041961528536,11.088318680537));
#297=CARTESIAN_POINT('Ctrl Pts',(-27.2682875934016,2.63722237004355,11.1160757239892));
#298=CARTESIAN_POINT('Ctrl Pts',(-27.3218231632663,-0.539138005648962,11.1438327674415));
#299=CARTESIAN_POINT('Ctrl Pts',(-27.3753587331309,-3.71549838134147,11.1715898108937));
#300=CARTESIAN_POINT('Ctrl Pts',(-26.8691577883396,-6.90124534991645,11.1993468543459));
#301=CARTESIAN_POINT('Ctrl Pts',(-25.8339738830628,-9.90472038524186,11.2271038977982));
#302=CARTESIAN_POINT('Ctrl Pts',(-24.798789977786,-12.9081954205673,11.2548609412504));
#303=CARTESIAN_POINT('Ctrl Pts',(-23.2346231120237,-15.7293985226432,11.2826179847027));
#304=CARTESIAN_POINT('Ctrl Pts',(-21.2352284449325,-18.1981128391204,11.3103750281549));
#305=CARTESIAN_POINT('Ctrl Pts',(-19.2358337778413,-20.6668271555977,11.3381320716071));
#306=CARTESIAN_POINT('Ctrl Pts',(-16.8012113094212,-22.7830526864763,11.3658891150594));
#307=CARTESIAN_POINT('Ctrl Pts',(-14.0783836389493,-24.4197190691838,11.3936461585116));
#308=CARTESIAN_POINT('Ctrl Pts',(-11.3555559684774,-26.0563854518914,11.4214032019638));
#309=CARTESIAN_POINT('Ctrl Pts',(-8.34452309595356,-27.2134926864279,11.4491602454161));
#310=CARTESIAN_POINT('Ctrl Pts',(-5.22636574588014,-27.8210858067663,11.4769172888683));
#311=CARTESIAN_POINT('Ctrl Pts',(-2.10820839580671,-28.4286789271047,11.5046743323205));
#312=CARTESIAN_POINT('Ctrl Pts',(1.11707343181642,-28.486757933245,11.5324313757728));
#313=CARTESIAN_POINT('Ctrl Pts',(4.2551740851135,-27.9920857264133,11.560188419225));
#314=CARTESIAN_POINT('Ctrl Pts',(7.39327473841061,-27.4974135195816,11.5879454626772));
#315=CARTESIAN_POINT('Ctrl Pts',(10.4441942173816,-26.4499900997779,11.6157025061295));
#316=CARTESIAN_POINT('Ctrl Pts',(13.2241875134747,-24.9125391361444,11.6434595495817));
#317=CARTESIAN_POINT('Ctrl Pts',(16.0041808095677,-23.375088172511,11.6712165930339));
#318=CARTESIAN_POINT('Ctrl Pts',(18.5132479227826,-21.3476096650479,11.6989736364862));
#319=CARTESIAN_POINT('Ctrl Pts',(20.6004355123343,-18.9525803672217,11.7267306799384));
#320=CARTESIAN_POINT('Ctrl Pts',(22.687623101886,-16.5575510693954,11.7544877233906));
#321=CARTESIAN_POINT('Ctrl Pts',(24.3529311677745,-13.7949709812058,11.7822447668429));
#322=CARTESIAN_POINT('Ctrl Pts',(25.4958652873991,-10.8309006387737,11.8100018102951));
#323=CARTESIAN_POINT('Ctrl Pts',(26.6387994070236,-7.86683029634158,11.8377588537473));
#324=CARTESIAN_POINT('Ctrl Pts',(27.2593595803844,-4.70126969966679,11.8655158971996));
#325=CARTESIAN_POINT('Ctrl Pts',(27.3203199926653,-1.52494209362068,11.8932729406518));
#326=CARTESIAN_POINT('Ctrl Pts',(27.3236775960642,-1.34999497684262,11.8948017548437));
#327=CARTESIAN_POINT('Ctrl Pts',(27.3253375793148,-1.17501519691259,11.8963305690356));
#328=CARTESIAN_POINT('Ctrl Pts',(27.325304972795,-1.00003485633054,11.8978593832275));
#329=CARTESIAN_POINT('Ctrl Pts',(27.3255618992249,-0.999961608387999,11.8037358873571));
#330=CARTESIAN_POINT('Ctrl Pts',(27.324930700419,-4.0230184909857,11.7773210491646));
#331=CARTESIAN_POINT('Ctrl Pts',(26.8183763240169,-7.04620617381658,11.7509062109721));
#332=CARTESIAN_POINT('Ctrl Pts',(25.8334735439068,-9.90467831754438,11.7244913727796));
#333=CARTESIAN_POINT('Ctrl Pts',(25.4453679685784,-11.0310727173832,11.714082481485));
#334=CARTESIAN_POINT('Ctrl Pts',(24.982984878269,-12.131890234706,11.7036735901904));
#335=CARTESIAN_POINT('Ctrl Pts',(24.4510170387991,-13.1979242272288,11.6932646988958));
#336=CARTESIAN_POINT('Ctrl Pts',(23.5644039730159,-14.9746475481003,11.6759165467382));
#337=CARTESIAN_POINT('Ctrl Pts',(22.4844999373427,-16.6547499667496,11.6585683945806));
#338=CARTESIAN_POINT('Ctrl Pts',(21.234747993456,-18.1976792711774,11.6412202424229));
#339=CARTESIAN_POINT('Ctrl Pts',(19.2351448832373,-20.6663661582619,11.6134631989707));
#340=CARTESIAN_POINT('Ctrl Pts',(16.8007311279921,-22.7838898729395,11.5857061555184));
#341=CARTESIAN_POINT('Ctrl Pts',(14.0780796327966,-24.4200946463153,11.5579491120662));
#342=CARTESIAN_POINT('Ctrl Pts',(11.3554281376011,-26.0562994196911,11.530192068614));
#343=CARTESIAN_POINT('Ctrl Pts',(8.34453890245511,-27.2111852517652,11.5024350251617));
#344=CARTESIAN_POINT('Ctrl Pts',(5.22607888080303,-27.8203607909768,11.4746779817095));
#345=CARTESIAN_POINT('Ctrl Pts',(3.14710553303496,-28.2264778171178,11.4561732860747));
#346=CARTESIAN_POINT('Ctrl Pts',(1.02032294681974,-28.3900569353199,11.4376685904399));
#347=CARTESIAN_POINT('Ctrl Pts',(-1.09584157503009,-28.3043797780785,11.419163894805));
#348=CARTESIAN_POINT('Ctrl Pts',(-5.32817061872974,-28.1330254635957,11.3821545035354));
#349=CARTESIAN_POINT('Ctrl Pts',(-9.51802740496769,-26.9646460473388,11.3451451122658));
#350=CARTESIAN_POINT('Ctrl Pts',(-13.2246994736576,-24.9135467994723,11.3081357209961));
#351=CARTESIAN_POINT('Ctrl Pts',(-13.9197004865369,-24.5289656904973,11.3011964601331));
#352=CARTESIAN_POINT('Ctrl Pts',(-14.59771453669,-24.1133514624423,11.29425719927));
#353=CARTESIAN_POINT('Ctrl Pts',(-15.2564566887437,-23.6692806981173,11.2873179384069));
#354=CARTESIAN_POINT('Ctrl Pts',(-17.2326831449048,-22.3370684051424,11.2665001558178));
#355=CARTESIAN_POINT('Ctrl Pts',(-19.0354625181718,-20.7487472857374,11.2456823732286));
#356=CARTESIAN_POINT('Ctrl Pts',(-20.6008745259247,-18.9528812634422,11.2248645906394));
#357=CARTESIAN_POINT('Ctrl Pts',(-22.6880905362618,-16.5583932337153,11.1971075471872));
#358=CARTESIAN_POINT('Ctrl Pts',(-24.3533201190181,-13.7949364877394,11.1693505037349));
#359=CARTESIAN_POINT('Ctrl Pts',(-25.496184342321,-10.8306374594767,11.1415934602827));
#360=CARTESIAN_POINT('Ctrl Pts',(-26.6390485656239,-7.86633843121402,11.1138364168305));
#361=CARTESIAN_POINT('Ctrl Pts',(-27.2595474294735,-4.70119712066463,11.0860793733782));
#362=CARTESIAN_POINT('Ctrl Pts',(-27.3206111875683,-1.52502764372911,11.058322329926));
#363=CARTESIAN_POINT('Ctrl Pts',(-27.3816749456631,1.65114183320643,11.0305652864738));
#364=CARTESIAN_POINT('Ctrl Pts',(-26.8833035980032,4.8383394765281,11.0028082430215));
#365=CARTESIAN_POINT('Ctrl Pts',(-25.8549752175641,7.84419867364973,10.9750511995693));
#366=CARTESIAN_POINT('Ctrl Pts',(-24.8266468371249,10.8500578707714,10.9472941561171));
#367=CARTESIAN_POINT('Ctrl Pts',(-23.2683614239064,13.6745786216929,10.9195371126648));
#368=CARTESIAN_POINT('Ctrl Pts',(-21.2751022062837,16.1480338277948,10.8917800692126));
#369=CARTESIAN_POINT('Ctrl Pts',(-20.2784725974724,17.3847614308457,10.8779015474865));
#370=CARTESIAN_POINT('Ctrl Pts',(-19.17309953756,18.5337226476917,10.8640230257604));
#371=CARTESIAN_POINT('Ctrl Pts',(-17.9766219100966,19.5789260841821,10.8501445040343));
#372=CARTESIAN_POINT('Ctrl Pts',(-16.7801442826333,20.6241295206725,10.8362659823081));
#373=CARTESIAN_POINT('Ctrl Pts',(-15.492562087619,21.5655751768074,10.822387460582));
#374=CARTESIAN_POINT('Ctrl Pts',(-14.132986054357,22.3869965320138,10.8085089388559));
#375=CARTESIAN_POINT('Ctrl Pts',(-11.4138339878329,24.0298392424266,10.7807518954037));
#376=CARTESIAN_POINT('Ctrl Pts',(-8.40670656831785,25.1925847491255,10.7529948519514));
#377=CARTESIAN_POINT('Ctrl Pts',(-5.28973045619167,25.808038943908,10.7252378084992));
#378=CARTESIAN_POINT('Ctrl Pts',(-2.17275434406549,26.4234931386904,10.697480765047));
#379=CARTESIAN_POINT('Ctrl Pts',(1.05407046067183,26.4916560215563,10.6697237215947));
#380=CARTESIAN_POINT('Ctrl Pts',(4.1925891956737,26.0031526461133,10.6419666781425));
#381=CARTESIAN_POINT('Ctrl Pts',(8.37728084234287,25.3518148121893,10.6049572868729));
#382=CARTESIAN_POINT('Ctrl Pts',(12.4049839205934,23.710848074605,10.5679478956032));
#383=CARTESIAN_POINT('Ctrl Pts',(15.8575267940157,21.2559590595591,10.5309385043336));
#384=CARTESIAN_POINT('Ctrl Pts',(17.5837982307268,20.0285145520362,10.5124338086988));
#385=CARTESIAN_POINT('Ctrl Pts',(19.1662796162309,18.5975894751478,10.4939291130639));
#386=CARTESIAN_POINT('Ctrl Pts',(20.5600619036783,17.0024682980862,10.4754244174291));
#387=CARTESIAN_POINT('Ctrl Pts',(23.6960720504351,13.4134456496978,10.4337888522508));
#388=CARTESIAN_POINT('Ctrl Pts',(25.8767930132804,8.99318024418286,10.3921532870724));
#389=CARTESIAN_POINT('Ctrl Pts',(26.8050580145361,4.32164059091825,10.3505177218941));
#390=CARTESIAN_POINT('Ctrl Pts',(27.1527250432722,2.57198902732737,10.3349237770446));
#391=CARTESIAN_POINT('Ctrl Pts',(27.3247026866348,0.787089742857499,10.319329832195));
#392=CARTESIAN_POINT('Ctrl Pts',(27.3233484630806,-0.99827610012355,10.3037358873455));
#393=CARTESIAN_POINT('Origin',(-0.000173344838925931,-0.999999717040936,
7.20298496621504));
#394=CARTESIAN_POINT('',(26.4637899015057,-1.00003374402933,12.3952464220693));
#395=CARTESIAN_POINT('',(26.4594772571565,-1.00042523132029,12.8063488485091));
#396=CARTESIAN_POINT('',(26.4633266551611,-0.999999717040927,7.20298496621504));
#397=CARTESIAN_POINT('',(-20.0737483539403,16.2455543792233,12.9757976352931));
#398=CARTESIAN_POINT('Ctrl Pts',(-20.0737483539403,16.2455543792233,12.9757976352931));
#399=CARTESIAN_POINT('Ctrl Pts',(-20.0198773673405,16.3083596184697,12.9750511995734));
#400=CARTESIAN_POINT('Ctrl Pts',(-19.9657089174775,16.3709115260713,12.9743047638538));
#401=CARTESIAN_POINT('Ctrl Pts',(-19.9112447771834,16.4332070127708,12.9735583281342));
#402=CARTESIAN_POINT('Ctrl Pts',(-18.5610383057616,17.9775583754832,12.9550536324993));
#403=CARTESIAN_POINT('Ctrl Pts',(-17.0291061407379,19.3643183473611,12.9365489368645));
#404=CARTESIAN_POINT('Ctrl Pts',(-15.3576563460746,20.5536840480966,12.9180442412297));
#405=CARTESIAN_POINT('Ctrl Pts',(-12.0147567567482,22.9324154495676,12.88103484996));
#406=CARTESIAN_POINT('Ctrl Pts',(-8.11378664886392,24.521569766469,12.8440254586904));
#407=CARTESIAN_POINT('Ctrl Pts',(-4.06098654550816,25.1521939296062,12.8070160674207));
#408=CARTESIAN_POINT('Ctrl Pts',(-1.02138646799132,25.6251620519592,12.7792590239685));
#409=CARTESIAN_POINT('Ctrl Pts',(2.10361798197827,25.5589569628197,12.7515019805163));
#410=CARTESIAN_POINT('Ctrl Pts',(5.1224900779369,24.9628470183041,12.723744937064));
#411=CARTESIAN_POINT('Ctrl Pts',(8.14136217389559,24.3667370737884,12.6959878936118));
#412=CARTESIAN_POINT('Ctrl Pts',(11.0541019158433,23.2407222738964,12.6682308501596));
#413=CARTESIAN_POINT('Ctrl Pts',(13.6870948011183,21.6497677056381,12.6404738067073));
#414=CARTESIAN_POINT('Ctrl Pts',(16.3200876863931,20.0588131373799,12.6127167632551));
#415=CARTESIAN_POINT('Ctrl Pts',(18.6733337149951,18.0029188007552,12.5849597198029));
#416=CARTESIAN_POINT('Ctrl Pts',(20.6042181015274,15.6073115508058,12.5572026763506));
#417=CARTESIAN_POINT('Ctrl Pts',(22.5351024880598,13.2117043008563,12.5294456328984));
#418=CARTESIAN_POINT('Ctrl Pts',(24.0436252325224,10.4763841375819,12.5016885894462));
#419=CARTESIAN_POINT('Ctrl Pts',(25.0393485717856,7.56541839727232,12.4739315459939));
#420=CARTESIAN_POINT('Ctrl Pts',(25.9802342546016,4.81476881397336,12.4477031713524));
#421=CARTESIAN_POINT('Ctrl Pts',(26.4632481768315,1.90728763379484,12.4214747967109));
#422=CARTESIAN_POINT('Ctrl Pts',(26.4637899015057,-1.00003374402933,12.3952464220693));
#423=CARTESIAN_POINT('',(20.0724371920258,16.2454964626967,12.9757976352889));
#424=CARTESIAN_POINT('Origin',(-0.000173344838925931,-0.999999717040936,
12.9757976352889));
#425=CARTESIAN_POINT('Ctrl Pts',(20.0724371920211,16.2454964626928,12.9757976352854));
#426=CARTESIAN_POINT('Ctrl Pts',(22.3281823365777,13.619959146445,12.9445709614016));
#427=CARTESIAN_POINT('Ctrl Pts',(24.0596110195753,10.5466703746471,12.9133442875179));
#428=CARTESIAN_POINT('Ctrl Pts',(25.1422589910206,7.25896456044149,12.8821176136342));
#429=CARTESIAN_POINT('Ctrl Pts',(25.5031416481695,6.1630626223717,12.8717087223396));
#430=CARTESIAN_POINT('Ctrl Pts',(25.7919375595901,5.04333656847877,12.861299831045));
#431=CARTESIAN_POINT('Ctrl Pts',(26.0052901706615,3.90944448457131,12.8508909397504));
#432=CARTESIAN_POINT('Ctrl Pts',(26.3096188194652,2.2920476125483,12.8360435760021));
#433=CARTESIAN_POINT('Ctrl Pts',(26.4604467436793,0.645827825014965,12.8211962122538));
#434=CARTESIAN_POINT('Ctrl Pts',(26.4594772571503,-1.00042523132029,12.8063488485055));
#435=CARTESIAN_POINT('Origin',(-0.000173344838925931,-0.999999717040936,
7.20298496621504));
#436=CARTESIAN_POINT('',(26.4643481871157,-1.00048347413164,10.8952464220718));
#437=CARTESIAN_POINT('',(26.4640387286801,-0.999962820127163,11.3063488485073));
#438=CARTESIAN_POINT('',(26.4633266551611,-0.999999717040927,7.20298496621504));
#439=CARTESIAN_POINT('Ctrl Pts',(26.4637899015129,-1.00003374402933,12.3952464220652));
#440=CARTESIAN_POINT('Ctrl Pts',(26.4638214748614,-1.16948120593715,12.3937177532545));
#441=CARTESIAN_POINT('Ctrl Pts',(26.4622141335312,-1.33892812501073,12.3921890844438));
#442=CARTESIAN_POINT('Ctrl Pts',(26.4589630070745,-1.50834341975226,12.3906604156331));
#443=CARTESIAN_POINT('Ctrl Pts',(26.3999301690293,-4.58452817912309,12.3629033721809));
#444=CARTESIAN_POINT('Ctrl Pts',(25.798940558875,-7.650286380519,12.3351463287286));
#445=CARTESIAN_POINT('Ctrl Pts',(24.6920460020165,-10.5209078175188,12.3073892852764));
#446=CARTESIAN_POINT('Ctrl Pts',(23.5851514451581,-13.3915292545186,12.2796322418242));
#447=CARTESIAN_POINT('Ctrl Pts',(21.9723519415956,-16.0670139271223,12.2518751983719));
#448=CARTESIAN_POINT('Ctrl Pts',(19.9509732415101,-18.386536662178,12.2241181549197));
#449=CARTESIAN_POINT('Ctrl Pts',(17.9295945414246,-20.7060593972337,12.1963611114674));
#450=CARTESIAN_POINT('Ctrl Pts',(15.4996366448162,-22.6696201947413,12.1686040680152));
#451=CARTESIAN_POINT('Ctrl Pts',(12.8072934331959,-24.158603469569,12.140847024563));
#452=CARTESIAN_POINT('Ctrl Pts',(10.1149502215757,-25.6475867443967,12.1130899811108));
#453=CARTESIAN_POINT('Ctrl Pts',(7.16022169494357,-26.6619924965444,12.0853329376585));
#454=CARTESIAN_POINT('Ctrl Pts',(4.12105965572276,-27.1410742776262,12.0575758942063));
#455=CARTESIAN_POINT('Ctrl Pts',(1.08189761650194,-27.6201560587079,12.029818850754));
#456=CARTESIAN_POINT('Ctrl Pts',(-2.04169793530758,-27.5639138687237,12.0020618073018));
#457=CARTESIAN_POINT('Ctrl Pts',(-5.06154739220682,-26.9754824037031,11.9743047638496));
#458=CARTESIAN_POINT('Ctrl Pts',(-8.08139684910604,-26.3870509386825,11.9465477203973));
#459=CARTESIAN_POINT('Ctrl Pts',(-10.997500211095,-25.2664301986255,11.9187906769451));
#460=CARTESIAN_POINT('Ctrl Pts',(-13.6344857257463,-23.6813692956442,11.8910336334929));
#461=CARTESIAN_POINT('Ctrl Pts',(-16.2714712403976,-22.096308392663,11.8632765900406));
#462=CARTESIAN_POINT('Ctrl Pts',(-18.6293389077113,-20.0468073267575,11.8355195465884));
#463=CARTESIAN_POINT('Ctrl Pts',(-20.5657012180943,-17.6559299380596,11.8077625031362));
#464=CARTESIAN_POINT('Ctrl Pts',(-22.5020635284773,-15.2650525493616,11.7800054596839));
#465=CARTESIAN_POINT('Ctrl Pts',(-24.0169204819297,-12.5327988378713,11.7522484162317));
#466=CARTESIAN_POINT('Ctrl Pts',(-25.0194725218523,-9.6240189093235,11.7244913727795));
#467=CARTESIAN_POINT('Ctrl Pts',(-26.0220245617748,-6.7152389807757,11.6967343293272));
#468=CARTESIAN_POINT('Ctrl Pts',(-26.5122716881676,-3.62993283517041,11.668977285875));
#469=CARTESIAN_POINT('Ctrl Pts',(-26.4604296028714,-0.55371635244893,11.6412202424228));
#470=CARTESIAN_POINT('Ctrl Pts',(-26.4085875175752,2.52250013027261,11.6134631989705));
#471=CARTESIAN_POINT('Ctrl Pts',(-25.81465622059,5.58962695011032,11.5857061555183));
#472=CARTESIAN_POINT('Ctrl Pts',(-24.7145059796065,8.46288869089545,11.5579491120661));
#473=CARTESIAN_POINT('Ctrl Pts',(-23.614355738623,11.3361504316805,11.5301920686138));
#474=CARTESIAN_POINT('Ctrl Pts',(-22.0079865536412,14.015547093413,11.5024350251616));
#475=CARTESIAN_POINT('Ctrl Pts',(-19.9920863600914,16.3397835517369,11.4746779817094));
#476=CARTESIAN_POINT('Ctrl Pts',(-17.9761861665415,18.6640200100607,11.4469209382571));
#477=CARTESIAN_POINT('Ctrl Pts',(-15.5507549644236,20.6330962649759,11.4191638948049));
#478=CARTESIAN_POINT('Ctrl Pts',(-12.8618833835025,22.1283732590355,11.3914068513527));
#479=CARTESIAN_POINT('Ctrl Pts',(-10.1730118025814,23.623650253095,11.3636498079004));
#480=CARTESIAN_POINT('Ctrl Pts',(-7.22069984285704,24.645127986299,11.3358927644482));
#481=CARTESIAN_POINT('Ctrl Pts',(-4.18269105900866,25.131374149398,11.308135720996));
#482=CARTESIAN_POINT('Ctrl Pts',(-1.1446822751603,25.617620312497,11.2803786775437));
#483=CARTESIAN_POINT('Ctrl Pts',(1.97902333281208,25.5686349054911,11.2526216340915));
#484=CARTESIAN_POINT('Ctrl Pts',(5.0002791489896,24.9873067479022,11.2248645906393));
#485=CARTESIAN_POINT('Ctrl Pts',(8.02153496516715,24.4059785903133,11.197107547187));
#486=CARTESIAN_POINT('Ctrl Pts',(10.9403409895499,23.2923076821414,11.1693505037348));
#487=CARTESIAN_POINT('Ctrl Pts',(13.5809816041018,21.713402195277,11.1415934602825));
#488=CARTESIAN_POINT('Ctrl Pts',(16.2216222186537,20.1344967084125,11.1138364168303));
#489=CARTESIAN_POINT('Ctrl Pts',(18.5840974233749,18.0903566428555,11.0860793733781));
#490=CARTESIAN_POINT('Ctrl Pts',(20.5259823425108,15.7039300061116,11.0583223299258));
#491=CARTESIAN_POINT('Ctrl Pts',(22.4678672616467,13.3175033693678,11.0305652864736));
#492=CARTESIAN_POINT('Ctrl Pts',(23.9891618951973,10.5887901614372,11.0028082430214));
#493=CARTESIAN_POINT('Ctrl Pts',(24.9988133595763,7.68260847930478,10.9750511995691));
#494=CARTESIAN_POINT('Ctrl Pts',(25.5036390917658,6.22951763823856,10.961172677843));
#495=CARTESIAN_POINT('Ctrl Pts',(25.8805540316624,4.73205967862188,10.9472941561169));
#496=CARTESIAN_POINT('Ctrl Pts',(26.1256550533366,3.21304971870263,10.9334156343908));
#497=CARTESIAN_POINT('Ctrl Pts',(26.3503502843444,1.82050434489854,10.9206925636178));
#498=CARTESIAN_POINT('Ctrl Pts',(26.4642661847477,0.409846193635876,10.9079694928448));
#499=CARTESIAN_POINT('Ctrl Pts',(26.4643481871157,-1.00048347413164,10.8952464220718));
#500=CARTESIAN_POINT('Ctrl Pts',(26.4594772571565,-1.00042523132029,12.8063488485091));
#501=CARTESIAN_POINT('Ctrl Pts',(26.4577280711823,-3.97066016497962,12.779560647079));
#502=CARTESIAN_POINT('Ctrl Pts',(25.9618357362602,-6.9410033979206,12.752772445649));
#503=CARTESIAN_POINT('Ctrl Pts',(24.9818043356839,-9.742364527776,12.7259842442189));
#504=CARTESIAN_POINT('Ctrl Pts',(23.4585904177179,-14.0963803886303,12.6843486790406));
#505=CARTESIAN_POINT('Ctrl Pts',(20.7658449430892,-18.0421872944755,12.6427131138622));
#506=CARTESIAN_POINT('Ctrl Pts',(17.2700705081222,-21.0542910824127,12.6010775486839));
#507=CARTESIAN_POINT('Ctrl Pts',(14.648239681897,-23.3133689233655,12.5698508748001));
#508=CARTESIAN_POINT('Ctrl Pts',(11.5747050654815,-25.0472387604951,12.5386242009164));
#509=CARTESIAN_POINT('Ctrl Pts',(8.28790578150812,-26.132337897621,12.5073975270326));
#510=CARTESIAN_POINT('Ctrl Pts',(7.19230602018361,-26.4940376099963,12.496988635738));
#511=CARTESIAN_POINT('Ctrl Pts',(6.073010184686,-26.7836516890378,12.4865797444434));
#512=CARTESIAN_POINT('Ctrl Pts',(4.9394504034488,-26.9986558819603,12.4761708531488));
#513=CARTESIAN_POINT('Ctrl Pts',(1.91662432014977,-27.5720003964203,12.4484138096966));
#514=CARTESIAN_POINT('Ctrl Pts',(-1.2076342661863,-27.6147857207005,12.4206567662443));
#515=CARTESIAN_POINT('Ctrl Pts',(-4.2442303635288,-27.1216416640772,12.3928997227921));
#516=CARTESIAN_POINT('Ctrl Pts',(-7.28082646087139,-26.628497607454,12.3651426793399));
#517=CARTESIAN_POINT('Ctrl Pts',(-10.2297600692204,-25.5994241699272,12.3373856358877));
#518=CARTESIAN_POINT('Ctrl Pts',(-12.9156377436688,-24.0979318241052,12.3096285924354));
#519=CARTESIAN_POINT('Ctrl Pts',(-15.6015154181172,-22.5964394782832,12.2818715489832));
#520=CARTESIAN_POINT('Ctrl Pts',(-18.0243371586649,-20.622528224166,12.254114505531));
#521=CARTESIAN_POINT('Ctrl Pts',(-20.0338282113339,-18.2933162344541,12.2263574620787));
#522=CARTESIAN_POINT('Ctrl Pts',(-22.2945056455866,-15.6729527460281,12.195130788195));
#523=CARTESIAN_POINT('Ctrl Pts',(-24.0320614279928,-12.6029117641151,12.1639041143112));
#524=CARTESIAN_POINT('Ctrl Pts',(-25.1233956571559,-9.31787588133135,12.1326774404274));
#525=CARTESIAN_POINT('Ctrl Pts',(-25.4871737335436,-8.2228639204034,12.1222685491329));
#526=CARTESIAN_POINT('Ctrl Pts',(-25.7791494151265,-7.10396363715648,12.1118596578383));
#527=CARTESIAN_POINT('Ctrl Pts',(-25.9953996385984,-5.97064479706522,12.1014507665437));
#528=CARTESIAN_POINT('Ctrl Pts',(-26.8604005324861,-1.43736943670021,12.0598152013653));
#529=CARTESIAN_POINT('Ctrl Pts',(-26.5137940965983,3.3266028331743,12.018179636187));
#530=CARTESIAN_POINT('Ctrl Pts',(-25.0018166173824,7.6835122208301,11.9765440710086));
#531=CARTESIAN_POINT('Ctrl Pts',(-23.9938316312384,10.5881184792673,11.9487870275564));
#532=CARTESIAN_POINT('Ctrl Pts',(-22.4679039591709,13.3118079011628,11.9210299841042));
#533=CARTESIAN_POINT('Ctrl Pts',(-20.5251433657555,15.7001608857099,11.8932729406519));
#534=CARTESIAN_POINT('Ctrl Pts',(-18.5823827723401,18.088513870257,11.8655158971997));
#535=CARTESIAN_POINT('Ctrl Pts',(-16.2227892575768,20.1415304174558,11.8377588537475));
#536=CARTESIAN_POINT('Ctrl Pts',(-13.5822760144592,21.7183483221506,11.8100018102952));
#537=CARTESIAN_POINT('Ctrl Pts',(-8.30124952822378,24.8719841315403,11.7544877233908));
#538=CARTESIAN_POINT('Ctrl Pts',(-1.89654412857058,26.1208253709145,11.6989736364863));
#539=CARTESIAN_POINT('Ctrl Pts',(4.18142612995461,25.1372181894779,11.6434595495818));
#540=CARTESIAN_POINT('Ctrl Pts',(5.32104555342807,24.9527918429586,11.6330506582872));
#541=CARTESIAN_POINT('Ctrl Pts',(6.44917819459626,24.6898809816451,11.6226417669927));
#542=CARTESIAN_POINT('Ctrl Pts',(7.55495002944938,24.3605469397754,11.6122328756981));
#543=CARTESIAN_POINT('Ctrl Pts',(7.9235406410671,24.2507689258189,11.6087632452665));
#544=CARTESIAN_POINT('Ctrl Pts',(8.28964671864979,24.1336105584672,11.605293614835));
#545=CARTESIAN_POINT('Ctrl Pts',(8.65304787747694,24.0083500176633,11.6018239844035));
#546=CARTESIAN_POINT('Ctrl Pts',(10.1066525127856,23.5073078544475,11.5879454626774));
#547=CARTESIAN_POINT('Ctrl Pts',(11.5169784480052,22.8766309159958,11.5740669409512));
#548=CARTESIAN_POINT('Ctrl Pts',(12.8614503041282,22.1282404663532,11.5601884192251));
#549=CARTESIAN_POINT('Ctrl Pts',(15.550394016374,20.6314595670682,11.5324313757729));
#550=CARTESIAN_POINT('Ctrl Pts',(17.975921412233,18.6638246230201,11.5046743323207));
#551=CARTESIAN_POINT('Ctrl Pts',(19.9917821089574,16.3400206313823,11.4769172888684));
#552=CARTESIAN_POINT('Ctrl Pts',(22.0076428056819,14.0162166397444,11.4491602454162));
#553=CARTESIAN_POINT('Ctrl Pts',(23.6138368032717,11.3362436005167,11.421403201964));
#554=CARTESIAN_POINT('Ctrl Pts',(24.7140725774701,8.46277233330394,11.3936461585117));
#555=CARTESIAN_POINT('Ctrl Pts',(25.8143083516684,5.58930106609122,11.3658891150595));
#556=CARTESIAN_POINT('Ctrl Pts',(26.4085859024754,2.5223315708935,11.3381320716073));
#557=CARTESIAN_POINT('Ctrl Pts',(26.460334013117,-0.553734332433227,11.310375028155));
#558=CARTESIAN_POINT('Ctrl Pts',(26.4628360470029,-0.702462875950184,11.3090329682725));
#559=CARTESIAN_POINT('Ctrl Pts',(26.4640697846974,-0.851212684561615,11.3076909083899));
#560=CARTESIAN_POINT('Ctrl Pts',(26.4640387286801,-0.999962820127163,11.3063488485073));
#561=CARTESIAN_POINT('Ctrl Pts',(5.18285365253998,-26.9509739451165,9.47841016021818));
#562=CARTESIAN_POINT('Ctrl Pts',(9.70877226545146,-26.0470403142441,9.52004572539653));
#563=CARTESIAN_POINT('Ctrl Pts',(18.2719912846295,-21.8217076590938,9.60331685575323));
#564=CARTESIAN_POINT('Ctrl Pts',(26.2309879135778,-9.90565908346082,9.72822355128827));
#565=CARTESIAN_POINT('Ctrl Pts',(27.1729237404329,4.39716287383296,9.85313024682332));
#566=CARTESIAN_POINT('Ctrl Pts',(22.0103558815263,14.8616035685088,9.95490607281485));
#567=CARTESIAN_POINT('Ctrl Pts',(13.9642765933429,22.1371260564774,10.0520557248977));
#568=CARTESIAN_POINT('Ctrl Pts',(5.18766753891286,25.7129107036845,10.1353268552544));
#569=CARTESIAN_POINT('Ctrl Pts',(-5.22929879412766,25.4928835687733,10.2278503334285));
#570=CARTESIAN_POINT('Ctrl Pts',(-12.5101014183534,22.6776804282361,10.2972429420591));
#571=CARTESIAN_POINT('Ctrl Pts',(-17.4980577857867,19.0306341529254,10.3527570289635));
#572=CARTESIAN_POINT('Ctrl Pts',(-21.7801577706168,14.5796944685925,10.408271115868));
#573=CARTESIAN_POINT('Ctrl Pts',(-25.5530601122321,7.7410275380688,10.4776637244986));
#574=CARTESIAN_POINT('Ctrl Pts',(-27.0010532600882,-1.51910575428774,10.5609348548553));
#575=CARTESIAN_POINT('Ctrl Pts',(-25.1982625570626,-10.7151621573591,10.644205985212));
#576=CARTESIAN_POINT('Ctrl Pts',(-20.7632729505465,-18.0750798077532,10.7205378547056));
#577=CARTESIAN_POINT('Ctrl Pts',(-16.1074364002731,-22.1770741333219,10.7760519416101));
#578=CARTESIAN_POINT('Ctrl Pts',(-9.97882484542147,-25.9338526309266,10.840818376332));
#579=CARTESIAN_POINT('Ctrl Pts',(-3.13135938006692,-27.8433437194317,10.9032717240995));
#580=CARTESIAN_POINT('Ctrl Pts',(6.13742506473194,-27.1304625024314,10.9865428544562));
#581=CARTESIAN_POINT('Ctrl Pts',(13.9133297293961,-24.1478775050778,11.0605616369955));
#582=CARTESIAN_POINT('Ctrl Pts',(20.1022017632626,-18.7646369123309,11.1334238760576));
#583=CARTESIAN_POINT('Ctrl Pts',(23.4489534328194,-13.5578196365695,11.1889379629621));
#584=CARTESIAN_POINT('Ctrl Pts',(25.8372577955121,-7.87189841397144,11.2444520498665));
#585=CARTESIAN_POINT('Ctrl Pts',(27.0028634531242,-0.544637924306958,11.3103750280656));
#586=CARTESIAN_POINT('Ctrl Pts',(25.2200308007138,8.65627056123242,11.3936461584223));
#587=CARTESIAN_POINT('Ctrl Pts',(20.4014488079726,16.6961896788685,11.476917288779));
#588=CARTESIAN_POINT('Ctrl Pts',(14.3376303183606,21.6152770389598,11.5463098974096));
#589=CARTESIAN_POINT('Ctrl Pts',(9.75407102892354,23.6649770889161,11.5914150930194));
#590=CARTESIAN_POINT('Ctrl Pts',(6.82522240827903,24.602244027724,11.6191721364717));
#591=CARTESIAN_POINT('Ctrl Pts',(-0.69566186613154,26.354983103137,11.6885647451023));
#592=CARTESIAN_POINT('Ctrl Pts',(-11.503602227983,24.2475635117054,11.7822447667535));
#593=CARTESIAN_POINT('Ctrl Pts',(-20.9419762869807,16.0354973229586,11.8932729405625));
#594=CARTESIAN_POINT('Ctrl Pts',(-26.2827231391859,6.50258434638008,11.9904225926453));
#595=CARTESIAN_POINT('Ctrl Pts',(-26.9470521413003,-2.62836250415934,12.0702240925705));
#596=CARTESIAN_POINT('Ctrl Pts',(-24.6112466886508,-11.5795647700821,12.1534952229272));
#597=CARTESIAN_POINT('Ctrl Pts',(-20.7500116166596,-18.4018780631822,12.2228878315577));
#598=CARTESIAN_POINT('Ctrl Pts',(-13.1786936774922,-24.5703507322625,12.309628592346));
#599=CARTESIAN_POINT('Ctrl Pts',(-4.33189285249703,-27.6575710448246,12.3928997227027));
#600=CARTESIAN_POINT('Ctrl Pts',(3.08822129000779,-27.5559558996597,12.4588227009017));
#601=CARTESIAN_POINT('Ctrl Pts',(10.5501935266145,-25.6251953727275,12.5282153095323));
#602=CARTESIAN_POINT('Ctrl Pts',(18.7462858370079,-21.0015424737423,12.611486439889));
#603=CARTESIAN_POINT('Ctrl Pts',(26.1513358921934,-10.1505734827315,12.7259842441295));
#604=CARTESIAN_POINT('Ctrl Pts',(26.9471212051213,0.564432352898342,12.8196642657808));
#605=CARTESIAN_POINT('Ctrl Pts',(24.636753913769,9.52224078399126,12.9029353961375));
#606=CARTESIAN_POINT('Ctrl Pts',(22.3281823364483,13.6199591463697,12.9445709613158));
#607=CARTESIAN_POINT('Ctrl Pts',(20.0724371919006,16.2454964626047,12.9757976351996));
#608=CARTESIAN_POINT('Ctrl Pts',(5.2391134564357,-27.2325756644455,9.64420598790554));
#609=CARTESIAN_POINT('Ctrl Pts',(9.81414415476608,-26.3188301748307,9.68584155308389));
#610=CARTESIAN_POINT('Ctrl Pts',(18.4702835968955,-22.0476411717708,9.76911268344058));
#611=CARTESIAN_POINT('Ctrl Pts',(26.5156390619909,-10.0022814131702,9.89401937897566));
#612=CARTESIAN_POINT('Ctrl Pts',(27.4677870965446,4.45574713466808,10.0189260745107));
#613=CARTESIAN_POINT('Ctrl Pts',(22.2491913383228,15.0337386164902,10.1207019005022));
#614=CARTESIAN_POINT('Ctrl Pts',(14.1157959823102,22.3882057451343,10.217851552585));
#615=CARTESIAN_POINT('Ctrl Pts',(5.24394593527496,26.0027871414497,10.3011226829417));
#616=CARTESIAN_POINT('Ctrl Pts',(-5.28605917808795,25.7803657437344,10.3936461611158));
#617=CARTESIAN_POINT('Ctrl Pts',(-12.6458670818034,22.9346089881742,10.4630387697464));
#618=CARTESIAN_POINT('Ctrl Pts',(-17.6879475498657,19.2479838799146,10.5185528566509));
#619=CARTESIAN_POINT('Ctrl Pts',(-22.01651157469,14.7487424251574,10.5740669435554));
#620=CARTESIAN_POINT('Ctrl Pts',(-25.8303509112192,7.83586380821785,10.6434595521859));
#621=CARTESIAN_POINT('Ctrl Pts',(-27.2940509310442,-1.52475604400788,10.7267306825426));
#622=CARTESIAN_POINT('Ctrl Pts',(-25.4716915062676,-10.82060160463,10.8100018128993));
#623=CARTESIAN_POINT('Ctrl Pts',(-20.9885712440833,-18.260382010406,10.886333682393));
#624=CARTESIAN_POINT('Ctrl Pts',(-16.2822096156307,-22.4068858421498,10.9418477692974));
#625=CARTESIAN_POINT('Ctrl Pts',(-10.0870914967773,-26.2044268216314,11.0066142040193));
#626=CARTESIAN_POINT('Ctrl Pts',(-3.16532005883904,-28.1346342334033,11.0690675517868));
#627=CARTESIAN_POINT('Ctrl Pts',(6.20404344264917,-27.4140113184013,11.1523386821436));
#628=CARTESIAN_POINT('Ctrl Pts',(14.0643258421492,-24.3990560581849,11.2263574646828));
#629=CARTESIAN_POINT('Ctrl Pts',(20.3203525128149,-18.9573956841805,11.299219703745));
#630=CARTESIAN_POINT('Ctrl Pts',(23.7034178780862,-13.6940748871404,11.3547337906494));
#631=CARTESIAN_POINT('Ctrl Pts',(26.1176351120897,-7.94645179540892,11.4102478775539));
#632=CARTESIAN_POINT('Ctrl Pts',(27.2958845700511,-0.539679349047574,11.4761708557529));
#633=CARTESIAN_POINT('Ctrl Pts',(25.4936997660684,8.76107095879766,11.5594419861096));
#634=CARTESIAN_POINT('Ctrl Pts',(20.6228241595128,16.8882315711512,11.6427131164663));
#635=CARTESIAN_POINT('Ctrl Pts',(14.4932014603775,21.8606941610648,11.7121057250969));
#636=CARTESIAN_POINT('Ctrl Pts',(9.85990271511874,23.9326334475374,11.7572109207068));
#637=CARTESIAN_POINT('Ctrl Pts',(6.89927131679596,24.8800691963856,11.784967964159));
#638=CARTESIAN_POINT('Ctrl Pts',(-0.703226383235947,26.6518231822519,11.8543605727896));
#639=CARTESIAN_POINT('Ctrl Pts',(-11.6284469446724,24.5215281819929,11.9480405944409));
#640=CARTESIAN_POINT('Ctrl Pts',(-21.1692355582509,16.220343349379,12.0590687682498));
#641=CARTESIAN_POINT('Ctrl Pts',(-26.5679310300292,6.58398127791249,12.1562184203327));
#642=CARTESIAN_POINT('Ctrl Pts',(-27.2394631145402,-2.64604977495383,12.2360199202578));
#643=CARTESIAN_POINT('Ctrl Pts',(-24.8783051274038,-11.6943838417889,12.3192910506145));
#644=CARTESIAN_POINT('Ctrl Pts',(-20.9751657970565,-18.5907264838707,12.3886836592451));
#645=CARTESIAN_POINT('Ctrl Pts',(-13.3216843341223,-24.8261310297021,12.4754244200333));
#646=CARTESIAN_POINT('Ctrl Pts',(-4.37888114796664,-27.9468464276744,12.55869555039));
#647=CARTESIAN_POINT('Ctrl Pts',(3.12175173602758,-27.8441238730123,12.6246185285891));
#648=CARTESIAN_POINT('Ctrl Pts',(10.6646957654887,-25.8924070773317,12.6940111372197));
#649=CARTESIAN_POINT('Ctrl Pts',(18.9497243966978,-21.2185757230501,12.7772822675764));
#650=CARTESIAN_POINT('Ctrl Pts',(26.4351228592034,-10.2498535333708,12.8917800718168));
#651=CARTESIAN_POINT('Ctrl Pts',(27.2395367307173,0.581425884623723,12.9854600934681));
#652=CARTESIAN_POINT('Ctrl Pts',(24.9040929409449,9.636437819184,13.0687312238248));
#653=CARTESIAN_POINT('Ctrl Pts',(22.5704674561747,13.7786207870252,13.1103667890032));
#654=CARTESIAN_POINT('Ctrl Pts',(20.2902425867492,16.4326474814059,13.1415934628869));
#655=CARTESIAN_POINT('Ctrl Pts',(5.29537299184807,-27.514177439039,9.81000181281798));
#656=CARTESIAN_POINT('Ctrl Pts',(9.91951578523352,-26.5906201374959,9.85163737799633));
#657=CARTESIAN_POINT('Ctrl Pts',(18.6685756946042,-22.2735748749831,9.93490850835303));
#658=CARTESIAN_POINT('Ctrl Pts',(26.8002901197561,-10.0989040151185,10.0598152038881));
#659=CARTESIAN_POINT('Ctrl Pts',(27.7626505102139,4.51433111437316,10.1847218994231));
#660=CARTESIAN_POINT('Ctrl Pts',(22.4880269607514,15.2058734374538,10.2864977254146));
#661=CARTESIAN_POINT('Ctrl Pts',(14.2673156117805,22.6392852905567,10.3836473774975));
#662=CARTESIAN_POINT('Ctrl Pts',(5.30022460864253,26.2926635271065,10.4669185078542));
#663=CARTESIAN_POINT('Ctrl Pts',(-5.34281928795433,26.0678479744684,10.5594419860283));
#664=CARTESIAN_POINT('Ctrl Pts',(-12.7816325007644,23.1915376791319,10.6288345946589));
#665=CARTESIAN_POINT('Ctrl Pts',(-17.8778371075325,19.4653337893632,10.6843486815633));
#666=CARTESIAN_POINT('Ctrl Pts',(-22.2528652187135,14.9177906082646,10.7398627684678));
#667=CARTESIAN_POINT('Ctrl Pts',(-26.1076416212232,7.93070034357385,10.8092553770984));
#668=CARTESIAN_POINT('Ctrl Pts',(-27.5870486090189,-1.5304060540864,10.8925265074551));
#669=CARTESIAN_POINT('Ctrl Pts',(-25.7451205576362,-10.9260407914928,10.9757976378118));
#670=CARTESIAN_POINT('Ctrl Pts',(-21.2138697157454,-18.4456839990348,11.0521295073054));
#671=CARTESIAN_POINT('Ctrl Pts',(-16.4569830513203,-22.6366973854302,11.1076435942099));
#672=CARTESIAN_POINT('Ctrl Pts',(-10.1953584070023,-26.4750009104936,11.1724100289317));
#673=CARTESIAN_POINT('Ctrl Pts',(-3.19928101584342,-28.4259247165769,11.2348633766993));
#674=CARTESIAN_POINT('Ctrl Pts',(6.27066155028256,-27.697560199532,11.318134507056));
#675=CARTESIAN_POINT('Ctrl Pts',(14.2153217159856,-24.6502347568175,11.3921532895953));
#676=CARTESIAN_POINT('Ctrl Pts',(20.5385030795848,-19.1501546653283,11.4650155286574));
#677=CARTESIAN_POINT('Ctrl Pts',(23.9578821947088,-13.830330381361,11.5205296155619));
#678=CARTESIAN_POINT('Ctrl Pts',(26.398012359056,-8.02100544488464,11.5760437024663));
#679=CARTESIAN_POINT('Ctrl Pts',(27.588905693339,-0.534721053456887,11.6419666806654));
#680=CARTESIAN_POINT('Ctrl Pts',(25.7673688329757,8.86587109572201,11.7252378110221));
#681=CARTESIAN_POINT('Ctrl Pts',(20.8441996955904,17.0802732531921,11.8085089413788));
#682=CARTESIAN_POINT('Ctrl Pts',(14.6487728375145,22.1061111360363,11.8779015500094));
#683=CARTESIAN_POINT('Ctrl Pts',(9.96573465738662,24.2002897066293,11.9230067456192));
#684=CARTESIAN_POINT('Ctrl Pts',(6.97332049091426,25.1578942959069,11.9507637890715));
#685=CARTESIAN_POINT('Ctrl Pts',(-0.71079061704246,26.9486632702338,12.020156397702));
#686=CARTESIAN_POINT('Ctrl Pts',(-11.7532914005494,24.7954929729699,12.1138364193534));
#687=CARTESIAN_POINT('Ctrl Pts',(-21.396494654342,16.4051895937475,12.2248645931622));
#688=CARTESIAN_POINT('Ctrl Pts',(-26.8531388447603,6.66537848213551,12.3220142452451));
#689=CARTESIAN_POINT('Ctrl Pts',(-27.5318741062882,-2.66373676673471,12.4018157451702));
#690=CARTESIAN_POINT('Ctrl Pts',(-25.1453636772354,-11.8092026592191,12.485086875527));
#691=CARTESIAN_POINT('Ctrl Pts',(-21.2003201589632,-18.7795746906924,12.5544794841575));
#692=CARTESIAN_POINT('Ctrl Pts',(-13.4646752356942,-25.081911192075,12.6412202449458));
#693=CARTESIAN_POINT('Ctrl Pts',(-4.42586971981716,-28.2361217672762,12.7244913753025));
#694=CARTESIAN_POINT('Ctrl Pts',(3.15528190717178,-28.1322918799732,12.7904143535015));
#695=CARTESIAN_POINT('Ctrl Pts',(10.7791977499379,-26.1596188927126,12.8598069621321));
#696=CARTESIAN_POINT('Ctrl Pts',(19.1531627503554,-21.4356091677488,12.9430780924888));
#697=CARTESIAN_POINT('Ctrl Pts',(26.7189097330188,-10.3491338554429,13.0575758967293));
#698=CARTESIAN_POINT('Ctrl Pts',(27.5319522741639,0.598419137328495,13.1512559183806));
#699=CARTESIAN_POINT('Ctrl Pts',(25.1714320786043,9.75063459982724,13.2345270487373));
#700=CARTESIAN_POINT('Ctrl Pts',(22.8127527286982,13.9372821972996,13.2761626139156));
#701=CARTESIAN_POINT('Ctrl Pts',(20.5080481614469,16.6197982933454,13.3073892877994));
#702=CARTESIAN_POINT('Ctrl Pts',(5.35163228333975,-27.7957792637942,9.97579763528899));
#703=CARTESIAN_POINT('Ctrl Pts',(10.0248871805266,-26.8624101928538,10.0174332004673));
#704=CARTESIAN_POINT('Ctrl Pts',(18.8668675973603,-22.4995087512565,10.100704330824));
#705=CARTESIAN_POINT('Ctrl Pts',(27.084941095124,-10.195526864375,10.2256110263591));
#706=CARTESIAN_POINT('Ctrl Pts',(28.0575139761258,4.57291483866793,10.3505177218941));
#707=CARTESIAN_POINT('Ctrl Pts',(22.7268627336151,15.378008052149,10.4522935478857));
#708=CARTESIAN_POINT('Ctrl Pts',(14.4188354597188,22.890364705813,10.5494431999685));
#709=CARTESIAN_POINT('Ctrl Pts',(5.35650353365496,26.5825398653776,10.6327143303252));
#710=CARTESIAN_POINT('Ctrl Pts',(-5.39957914880284,26.3553302558247,10.7252378084993));
#711=CARTESIAN_POINT('Ctrl Pts',(-12.9173976975904,23.4484664890772,10.7946304171299));
#712=CARTESIAN_POINT('Ctrl Pts',(-18.0677264776477,19.6826838645377,10.8501445040343));
#713=CARTESIAN_POINT('Ctrl Pts',(-22.4892187172973,15.0868389971538,10.9056585909388));
#714=CARTESIAN_POINT('Ctrl Pts',(-26.3849322503435,8.02553711984983,10.9750511995694));
#715=CARTESIAN_POINT('Ctrl Pts',(-27.8800462933231,-1.53605581011526,11.0583223299261));
#716=CARTESIAN_POINT('Ctrl Pts',(-26.0185497017745,-11.0314797417634,11.1415934602828));
#717=CARTESIAN_POINT('Ctrl Pts',(-21.4391683491946,-18.6309857931974,11.2179253297764));
#718=CARTESIAN_POINT('Ctrl Pts',(-16.6317566871492,-22.8665087782775,11.2734394166809));
#719=CARTESIAN_POINT('Ctrl Pts',(-10.3036255523874,-26.7455749067907,11.3382058514028));
#720=CARTESIAN_POINT('Ctrl Pts',(-3.23324222561075,-28.7172151717243,11.4006591991703));
#721=CARTESIAN_POINT('Ctrl Pts',(6.33727941235785,-27.9811091398147,11.483930329527));
#722=CARTESIAN_POINT('Ctrl Pts',(14.3663173727471,-24.9014135876172,11.5579491120663));
#723=CARTESIAN_POINT('Ctrl Pts',(20.7566534802656,-19.3429138365886,11.6308113511284));
#724=CARTESIAN_POINT('Ctrl Pts',(24.21234639442,-13.9665860969107,11.6863254380329));
#725=CARTESIAN_POINT('Ctrl Pts',(26.678389542737,-8.09555933785574,11.7418395249373));
#726=CARTESIAN_POINT('Ctrl Pts',(27.8819268223589,-0.529763011940365,11.8077625031364));
#727=CARTESIAN_POINT('Ctrl Pts',(26.041037992098,8.97067099584265,11.8910336334931));
#728=CARTESIAN_POINT('Ctrl Pts',(21.0655753992809,17.2723147442017,11.9743047638498));
#729=CARTESIAN_POINT('Ctrl Pts',(14.8043444282285,22.3515279773009,12.0436973724804));
#730=CARTESIAN_POINT('Ctrl Pts',(10.0715668322744,24.4679458752578,12.0888025680902));
#731=CARTESIAN_POINT('Ctrl Pts',(7.04736990631419,25.435719332571,12.1165596115425));
#732=CARTESIAN_POINT('Ctrl Pts',(-0.718354593477394,27.2455033662237,12.1859522201731));
#733=CARTESIAN_POINT('Ctrl Pts',(-11.8781356194637,25.0694578735475,12.2796322418243));
#734=CARTESIAN_POINT('Ctrl Pts',(-21.6237535912503,16.5900360360878,12.3906604156333));
#735=CARTESIAN_POINT('Ctrl Pts',(-27.1383465902994,6.7467759340795,12.4878100677161));
#736=CARTESIAN_POINT('Ctrl Pts',(-27.8242851148037,-2.6814235050346,12.5676115676413));
#737=CARTESIAN_POINT('Ctrl Pts',(-25.4124223279369,-11.9240212456257,12.650882697998));
#738=CARTESIAN_POINT('Ctrl Pts',(-21.4254746857319,-18.9684227031903,12.7202753066286));
#739=CARTESIAN_POINT('Ctrl Pts',(-13.6076663597679,-25.3376912317015,12.8070160674168));
#740=CARTESIAN_POINT('Ctrl Pts',(-4.47285854274662,-28.5253970675418,12.8902871977735));
#741=CARTESIAN_POINT('Ctrl Pts',(3.18881182859173,-28.4204599174203,12.9562101759726));
#742=CARTESIAN_POINT('Ctrl Pts',(10.8936995032287,-26.4268308086893,13.0256027846031));
#743=CARTESIAN_POINT('Ctrl Pts',(19.3566009168042,-21.6526427899215,13.1088739149598));
#744=CARTESIAN_POINT('Ctrl Pts',(27.0026965221235,-10.4484144240903,13.2233717192003));
#745=CARTESIAN_POINT('Ctrl Pts',(27.8243678337806,0.615412136546037,13.3170517408516));
#746=CARTESIAN_POINT('Ctrl Pts',(25.438771316593,9.86483114919908,13.4003228712083));
#747=CARTESIAN_POINT('Ctrl Pts',(23.0550381399962,14.095943398252,13.4419584363866));
#748=CARTESIAN_POINT('Ctrl Pts',(20.7258538994992,16.8069489173254,13.4731851102704));
#749=CARTESIAN_POINT('',(5.35188065979671,-27.7960653759249,12.9757976352832));
#750=CARTESIAN_POINT('Ctrl Pts',(20.0724371919043,16.2454964626004,12.9757976351995));
#751=CARTESIAN_POINT('Ctrl Pts',(20.414217423222,15.8600375938557,12.975797635207));
#752=CARTESIAN_POINT('Ctrl Pts',(20.7444190729297,15.4646231683031,12.9757976352163));
#753=CARTESIAN_POINT('Ctrl Pts',(21.0627834464891,15.0598605157358,12.9757976352261));
#754=CARTESIAN_POINT('Ctrl Pts',(21.3824436668654,14.6534503471819,12.975797635236));
#755=CARTESIAN_POINT('Ctrl Pts',(21.6901703303806,14.2376152841626,12.9757976352464));
#756=CARTESIAN_POINT('Ctrl Pts',(21.9856612010849,13.8129363004694,12.975797635256));
#757=CARTESIAN_POINT('Ctrl Pts',(22.281060365679,13.3883891166439,12.9757976352656));
#758=CARTESIAN_POINT('Ctrl Pts',(22.5642315885733,12.9550030646036,12.9757976352743));
#759=CARTESIAN_POINT('Ctrl Pts',(22.8348286715978,12.513331269517,12.9757976352811));
#760=CARTESIAN_POINT('Ctrl Pts',(23.0858022463585,12.1036891993037,12.9757976352873));
#761=CARTESIAN_POINT('Ctrl Pts',(23.3259590131336,11.6869190187599,12.9757976352917));
#762=CARTESIAN_POINT('Ctrl Pts',(23.5549857710463,11.2634459415487,12.9757976352932));
#763=CARTESIAN_POINT('Ctrl Pts',(23.6069766482093,11.1673142190384,12.9757976352936));
#764=CARTESIAN_POINT('Ctrl Pts',(23.6583938156058,11.0708370268276,12.9757976352938));
#765=CARTESIAN_POINT('Ctrl Pts',(23.7092333379524,10.9740192535353,12.9757976352939));
#766=CARTESIAN_POINT('Ctrl Pts',(23.7295690118774,10.9352924013358,12.9757976352939));
#767=CARTESIAN_POINT('Ctrl Pts',(23.7498120316794,10.8965114488768,12.9757976352939));
#768=CARTESIAN_POINT('Ctrl Pts',(23.7699559673447,10.8576887644718,12.9757976352939));
#769=CARTESIAN_POINT('Ctrl Pts',(24.008884042116,10.3972112591566,12.9757976352939));
#770=CARTESIAN_POINT('Ctrl Pts',(24.2341061345852,9.93042836080213,12.9757976352939));
#771=CARTESIAN_POINT('Ctrl Pts',(24.4453980037044,9.45796618628065,12.975797635294));
#772=CARTESIAN_POINT('Ctrl Pts',(24.6579477589397,8.98269129770568,12.9757976352941));
#773=CARTESIAN_POINT('Ctrl Pts',(24.8564012149243,8.50166889361596,12.9757976352942));
#774=CARTESIAN_POINT('Ctrl Pts',(25.0404886651315,8.01550388195874,12.9757976352944));
#775=CARTESIAN_POINT('Ctrl Pts',(25.1291408958321,7.78137812964138,12.9757976352944));
#776=CARTESIAN_POINT('Ctrl Pts',(25.2144607785655,7.54605928270264,12.9757976352945));
#777=CARTESIAN_POINT('Ctrl Pts',(25.2964144987515,7.30961267830718,12.9757976352946));
#778=CARTESIAN_POINT('Ctrl Pts',(25.4661056983634,6.82003260978895,12.9757976352947));
#779=CARTESIAN_POINT('Ctrl Pts',(25.6213683622499,6.32561873693815,12.9757976352949));
#780=CARTESIAN_POINT('Ctrl Pts',(25.7619793506839,5.82702598593242,12.9757976352951));
#781=CARTESIAN_POINT('Ctrl Pts',(25.9021401993403,5.33002938635501,12.9757976352953));
#782=CARTESIAN_POINT('Ctrl Pts',(26.0277431913015,4.8288801302916,12.9757976352955));
#783=CARTESIAN_POINT('Ctrl Pts',(26.138518007484,4.32421151508535,12.9757976352957));
#784=CARTESIAN_POINT('Ctrl Pts',(26.1658811766409,4.1995502142413,12.9757976352958));
#785=CARTESIAN_POINT('Ctrl Pts',(26.192339332602,4.07467411908615,12.9757976352958));
#786=CARTESIAN_POINT('Ctrl Pts',(26.2178879178413,3.94959268321085,12.9757976352959));
#787=CARTESIAN_POINT('Ctrl Pts',(26.321973790057,3.44000633120252,12.9757976352961));
#788=CARTESIAN_POINT('Ctrl Pts',(26.4109668827997,2.9270120176572,12.9757976352963));
#789=CARTESIAN_POINT('Ctrl Pts',(26.4848816266255,2.41126967895084,12.9757976352964));
#790=CARTESIAN_POINT('Ctrl Pts',(26.5217158210834,2.15425798397899,12.9757976352965));
#791=CARTESIAN_POINT('Ctrl Pts',(26.5548047040922,1.89656380366747,12.9757976352965));
#792=CARTESIAN_POINT('Ctrl Pts',(26.5841452315703,1.63826882482414,12.9757976352966));
#793=CARTESIAN_POINT('Ctrl Pts',(26.5978986038257,1.51719305349132,12.9757976352966));
#794=CARTESIAN_POINT('Ctrl Pts',(26.610828316889,1.39598527342261,12.9757976352966));
#795=CARTESIAN_POINT('Ctrl Pts',(26.6229338140495,1.274653919527,12.9757976352966));
#796=CARTESIAN_POINT('Ctrl Pts',(26.6285361613631,1.21850253842,12.9757976352966));
#797=CARTESIAN_POINT('Ctrl Pts',(26.6339619776099,1.16232469077269,12.9757976352966));
#798=CARTESIAN_POINT('Ctrl Pts',(26.6392111963491,1.10612121411017,12.9757976352966));
#799=CARTESIAN_POINT('Ctrl Pts',(26.643561010872,1.05954767409079,12.9757976352966));
#800=CARTESIAN_POINT('Ctrl Pts',(26.6477897104505,1.01295459529155,12.9757976352966));
#801=CARTESIAN_POINT('Ctrl Pts',(26.6518957772051,0.966359903694754,12.9757976352966));
#802=CARTESIAN_POINT('Ctrl Pts',(26.6973601964224,0.450440236854655,12.9757976352966));
#803=CARTESIAN_POINT('Ctrl Pts',(26.7278369303196,-0.0661206963233523,12.9757976352967));
#804=CARTESIAN_POINT('Ctrl Pts',(26.7434942343371,-0.582654518794839,12.9757976352968));
#805=CARTESIAN_POINT('Ctrl Pts',(26.759289249206,-1.10373141664888,12.9757976352968));
#806=CARTESIAN_POINT('Ctrl Pts',(26.7600030492012,-1.62478120735773,12.9757976352969));
#807=CARTESIAN_POINT('Ctrl Pts',(26.7457568727949,-2.14513207729117,12.9757976352971));
#808=CARTESIAN_POINT('Ctrl Pts',(26.7314428768834,-2.66796009881728,12.9757976352972));
#809=CARTESIAN_POINT('Ctrl Pts',(26.7020261474828,-3.19008303856277,12.9757976352973));
#810=CARTESIAN_POINT('Ctrl Pts',(26.6575774899539,-3.71082636361878,12.9757976352975));
#811=CARTESIAN_POINT('Ctrl Pts',(26.6128611797278,-4.23470540442549,12.9757976352977));
#812=CARTESIAN_POINT('Ctrl Pts',(26.5529313990321,-4.75718869499992,12.9757976352979));
#813=CARTESIAN_POINT('Ctrl Pts',(26.4778071480704,-5.27758859256477,12.9757976352981));
#814=CARTESIAN_POINT('Ctrl Pts',(26.4036909484278,-5.79100552794983,12.9757976352983));
#815=CARTESIAN_POINT('Ctrl Pts',(26.3147851911175,-6.30239509902979,12.9757976352984));
#816=CARTESIAN_POINT('Ctrl Pts',(26.2110575231334,-6.81108855893565,12.9757976352986));
#817=CARTESIAN_POINT('Ctrl Pts',(26.1052136616643,-7.33016009642372,12.9757976352988));
#818=CARTESIAN_POINT('Ctrl Pts',(25.9839371208075,-7.84642499185258,12.9757976352989));
#819=CARTESIAN_POINT('Ctrl Pts',(25.8471396799852,-8.3591555716214,12.975797635299));
#820=CARTESIAN_POINT('Ctrl Pts',(25.778740959574,-8.61552086150581,12.975797635299));
#821=CARTESIAN_POINT('Ctrl Pts',(25.7064611646299,-8.87100225013206,12.9757976352991));
#822=CARTESIAN_POINT('Ctrl Pts',(25.6302841678488,-9.12550648529163,12.9757976352991));
#823=CARTESIAN_POINT('Ctrl Pts',(25.6167261664618,-9.17080321421398,12.9757976352991));
#824=CARTESIAN_POINT('Ctrl Pts',(25.6030447048273,-9.21606898536326,12.9757976352991));
#825=CARTESIAN_POINT('Ctrl Pts',(25.5892396807227,-9.26130326698497,12.9757976352991));
#826=CARTESIAN_POINT('Ctrl Pts',(25.5751987832183,-9.30731042402638,12.9757976352991));
#827=CARTESIAN_POINT('Ctrl Pts',(25.5610326266115,-9.35327657773211,12.9757976352991));
#828=CARTESIAN_POINT('Ctrl Pts',(25.5467428919095,-9.39919599634035,12.9757976352991));
#829=CARTESIAN_POINT('Ctrl Pts',(25.4961427590203,-9.56179724347527,12.9757976352991));
#830=CARTESIAN_POINT('Ctrl Pts',(25.4439867778663,-9.72383339576115,12.9757976352991));
#831=CARTESIAN_POINT('Ctrl Pts',(25.3902784657389,-9.88528199322766,12.9757976352991));
#832=CARTESIAN_POINT('Ctrl Pts',(25.2286176840217,-10.3712385507847,12.9757976352991));
#833=CARTESIAN_POINT('Ctrl Pts',(25.0528967790403,-10.8518723456493,12.9757976352991));
#834=CARTESIAN_POINT('Ctrl Pts',(24.8636131268159,-11.3267132184047,12.9757976352992));
#835=CARTESIAN_POINT('Ctrl Pts',(24.6693510495558,-11.8140430708534,12.9757976352993));
#836=CARTESIAN_POINT('Ctrl Pts',(24.460803353651,-12.2952717230525,12.9757976352994));
#837=CARTESIAN_POINT('Ctrl Pts',(24.2384529124212,-12.7698811184057,12.9757976352995));
#838=CARTESIAN_POINT('Ctrl Pts',(24.0162323191994,-13.2442133517969,12.9757976352996));
#839=CARTESIAN_POINT('Ctrl Pts',(23.7802248048789,-13.7119344824701,12.9757976352998));
#840=CARTESIAN_POINT('Ctrl Pts',(23.5308613430389,-14.1725110899794,12.9757976352999));
#841=CARTESIAN_POINT('Ctrl Pts',(23.2808823440099,-14.6342246003382,12.9757976353001));
#842=CARTESIAN_POINT('Ctrl Pts',(23.0174811162916,-15.0887587151003,12.9757976353002));
#843=CARTESIAN_POINT('Ctrl Pts',(22.7410446432399,-15.5355531667263,12.9757976353004));
#844=CARTESIAN_POINT('Ctrl Pts',(22.4652109395905,-15.9813733835793,12.9757976353005));
#845=CARTESIAN_POINT('Ctrl Pts',(22.1763984833263,-16.4194880796443,12.9757976353007));
#846=CARTESIAN_POINT('Ctrl Pts',(21.8749490206732,-16.8493113996234,12.9757976353008));
#847=CARTESIAN_POINT('Ctrl Pts',(21.5734838082832,-17.2791571764485,12.9757976353009));
#848=CARTESIAN_POINT('Ctrl Pts',(21.2593799971568,-17.7007111550625,12.975797635301));
#849=CARTESIAN_POINT('Ctrl Pts',(20.9329408238612,-18.1133515699699,12.975797635301));
#850=CARTESIAN_POINT('Ctrl Pts',(20.8680601740305,-18.1953649447599,12.975797635301));
#851=CARTESIAN_POINT('Ctrl Pts',(20.8026921306833,-18.2770260849474,12.975797635301));
#852=CARTESIAN_POINT('Ctrl Pts',(20.7368389076843,-18.3583299163508,12.975797635301));
#853=CARTESIAN_POINT('Ctrl Pts',(20.7082825949427,-18.3935861654896,12.975797635301));
#854=CARTESIAN_POINT('Ctrl Pts',(20.6796350483533,-18.4287752254354,12.975797635301));
#855=CARTESIAN_POINT('Ctrl Pts',(20.6508964453511,-18.463896678452,12.975797635301));
#856=CARTESIAN_POINT('Ctrl Pts',(20.6225580817065,-18.4985289988621,12.975797635301));
#857=CARTESIAN_POINT('Ctrl Pts',(20.5941377115097,-18.5330875986855,12.975797635301));
#858=CARTESIAN_POINT('Ctrl Pts',(20.5656360597037,-18.5675716461933,12.975797635301));
#859=CARTESIAN_POINT('Ctrl Pts',(20.2292701545587,-18.9745395627195,12.975797635301));
#860=CARTESIAN_POINT('Ctrl Pts',(19.8815675391155,-19.3711500355446,12.975797635301));
#861=CARTESIAN_POINT('Ctrl Pts',(19.5229849484067,-19.7568907857388,12.9757976353011));
#862=CARTESIAN_POINT('Ctrl Pts',(19.1633656495,-20.1437467618483,12.9757976353011));
#863=CARTESIAN_POINT('Ctrl Pts',(18.7928030963882,-20.5196705127088,12.9757976353012));
#864=CARTESIAN_POINT('Ctrl Pts',(18.4117122316861,-20.8841199863103,12.9757976353012));
#865=CARTESIAN_POINT('Ctrl Pts',(18.1763491989218,-21.1092052385198,12.9757976353013));
#866=CARTESIAN_POINT('Ctrl Pts',(17.9369694270158,-21.3299132873184,12.9757976353014));
#867=CARTESIAN_POINT('Ctrl Pts',(17.6936626851152,-21.546110521042,12.9757976353014));
#868=CARTESIAN_POINT('Ctrl Pts',(17.3017399222301,-21.8943648131637,12.9757976353015));
#869=CARTESIAN_POINT('Ctrl Pts',(16.8996295225564,-22.2309168450746,12.9757976353017));
#870=CARTESIAN_POINT('Ctrl Pts',(16.4879535815087,-22.5555036900216,12.9757976353018));
#871=CARTESIAN_POINT('Ctrl Pts',(16.0746718480888,-22.8813566256669,12.9757976353019));
#872=CARTESIAN_POINT('Ctrl Pts',(15.6517493855987,-23.1951511240814,12.9757976353021));
#873=CARTESIAN_POINT('Ctrl Pts',(15.2197824393325,-23.4965802950221,12.9757976353022));
#874=CARTESIAN_POINT('Ctrl Pts',(14.7880500896507,-23.7978457630347,12.9757976353024));
#875=CARTESIAN_POINT('Ctrl Pts',(14.3472826345173,-24.0867595838679,12.9757976353025));
#876=CARTESIAN_POINT('Ctrl Pts',(13.8980487980371,-24.3629706969074,12.9757976353026));
#877=CARTESIAN_POINT('Ctrl Pts',(13.4770074179897,-24.6218476976468,12.9757976353027));
#878=CARTESIAN_POINT('Ctrl Pts',(13.048528427089,-24.869566103833,12.9757976353027));
#879=CARTESIAN_POINT('Ctrl Pts',(12.6130640577233,-25.105798210384,12.9757976353027));
#880=CARTESIAN_POINT('Ctrl Pts',(12.562050887703,-25.1334719983298,12.9757976353027));
#881=CARTESIAN_POINT('Ctrl Pts',(12.5109402211358,-25.1609889424295,12.9757976353027));
#882=CARTESIAN_POINT('Ctrl Pts',(12.4597504286737,-25.1883391522433,12.9757976353027));
#883=CARTESIAN_POINT('Ctrl Pts',(11.9929035028318,-25.4377709385156,12.9757976353027));
#884=CARTESIAN_POINT('Ctrl Pts',(11.5191594757189,-25.6735125833472,12.9757976353027));
#885=CARTESIAN_POINT('Ctrl Pts',(11.0391426859944,-25.8952873976571,12.9757976353027));
#886=CARTESIAN_POINT('Ctrl Pts',(10.5592230716778,-26.1170173154999,12.9757976353027));
#887=CARTESIAN_POINT('Ctrl Pts',(10.0730327833125,-26.3247863007409,12.9757976353027));
#888=CARTESIAN_POINT('Ctrl Pts',(9.58116922344143,-26.5182732034798,12.9757976353027));
#889=CARTESIAN_POINT('Ctrl Pts',(9.23749659531966,-26.6534654758832,12.9757976353028));
#890=CARTESIAN_POINT('Ctrl Pts',(8.8910536987787,-26.781684265937,12.9757976353028));
#891=CARTESIAN_POINT('Ctrl Pts',(8.54203839668211,-26.9028061157739,12.9757976353028));
#892=CARTESIAN_POINT('Ctrl Pts',(8.28110319035046,-26.993360755323,12.9757976353028));
#893=CARTESIAN_POINT('Ctrl Pts',(8.01873002104243,-27.0799482895744,12.9757976353028));
#894=CARTESIAN_POINT('Ctrl Pts',(7.75500799540915,-27.1625392323977,12.9757976353028));
#895=CARTESIAN_POINT('Ctrl Pts',(7.6776291613249,-27.1867722893304,12.9757976353028));
#896=CARTESIAN_POINT('Ctrl Pts',(7.60013419821699,-27.2106612557106,12.9757976353028));
#897=CARTESIAN_POINT('Ctrl Pts',(7.52252534229691,-27.2342053243209,12.9757976353028));
#898=CARTESIAN_POINT('Ctrl Pts',(7.46938282645666,-27.2503270803271,12.9757976353028));
#899=CARTESIAN_POINT('Ctrl Pts',(7.41618899564424,-27.2662864678749,12.9757976353028));
#900=CARTESIAN_POINT('Ctrl Pts',(7.36295313530008,-27.2820807766816,12.9757976353027));
#901=CARTESIAN_POINT('Ctrl Pts',(6.8560252817859,-27.4324789295313,12.975797635302));
#902=CARTESIAN_POINT('Ctrl Pts',(6.34506761732519,-27.5679798036993,12.9757976352973));
#903=CARTESIAN_POINT('Ctrl Pts',(5.83072917565782,-27.6884556166177,12.9757976352927));
#904=CARTESIAN_POINT('Ctrl Pts',(5.6714311358094,-27.7257687149442,12.9757976352912));
#905=CARTESIAN_POINT('Ctrl Pts',(5.51180865581231,-27.7616402157802,12.9757976352898));
#906=CARTESIAN_POINT('Ctrl Pts',(5.35188065979794,-27.796065375934,12.9757976352885));
#907=CARTESIAN_POINT('Ctrl Pts',(5.35188065979671,-27.7960653759249,12.9757976352832));
#908=CARTESIAN_POINT('Ctrl Pts',(5.26810034498701,-27.8127770864042,12.9750511995636));
#909=CARTESIAN_POINT('Ctrl Pts',(5.18424069731919,-27.8290935849703,12.974304763844));
#910=CARTESIAN_POINT('Ctrl Pts',(5.10030530837874,-27.845013910426,12.9735583281244));
#911=CARTESIAN_POINT('Ctrl Pts',(1.97907440153756,-28.4370289411136,12.9458012846722));
#912=CARTESIAN_POINT('Ctrl Pts',(-1.24689207060369,-28.4812130043227,12.9180442412199));
#913=CARTESIAN_POINT('Ctrl Pts',(-4.38234327617729,-27.972020729954,12.8902871977677));
#914=CARTESIAN_POINT('Ctrl Pts',(-7.51779448175093,-27.4628284555853,12.8625301543154));
#915=CARTESIAN_POINT('Ctrl Pts',(-10.5627304207569,-26.4002598436389,12.8347731108632));
#916=CARTESIAN_POINT('Ctrl Pts',(-13.3360477224137,-24.8498925731043,12.807016067411));
#917=CARTESIAN_POINT('Ctrl Pts',(-16.1093650240705,-23.2995253025697,12.7792590239588));
#918=CARTESIAN_POINT('Ctrl Pts',(-18.611063688378,-21.2613593734469,12.7515019805065));
#919=CARTESIAN_POINT('Ctrl Pts',(-20.6859766550733,-18.8563253718996,12.7237449370543));
#920=CARTESIAN_POINT('Ctrl Pts',(-23.0202537426054,-16.1506621201589,12.6925182631705));
#921=CARTESIAN_POINT('Ctrl Pts',(-24.8143801815971,-12.980681464256,12.6612915892868));
#922=CARTESIAN_POINT('Ctrl Pts',(-25.941248200151,-9.58870568574002,12.630064915403));
#923=CARTESIAN_POINT('Ctrl Pts',(-26.3168708730023,-8.45804709290132,12.6196560241084));
#924=CARTESIAN_POINT('Ctrl Pts',(-26.6183537213605,-7.30272237532777,12.6092471328138));
#925=CARTESIAN_POINT('Ctrl Pts',(-26.8416459515818,-6.1325095724226,12.5988382415192));
#926=CARTESIAN_POINT('Ctrl Pts',(-27.7348148724668,-1.45165836080206,12.5572026763409));
#927=CARTESIAN_POINT('Ctrl Pts',(-27.3769339031604,3.46740221612516,12.5155671111625));
#928=CARTESIAN_POINT('Ctrl Pts',(-25.8157433156828,7.96615047312583,12.4739315459842));
#929=CARTESIAN_POINT('Ctrl Pts',(-24.7749495906978,10.9653159777929,12.446174502532));
#930=CARTESIAN_POINT('Ctrl Pts',(-23.1993515909701,13.7776760069371,12.4184174590797));
#931=CARTESIAN_POINT('Ctrl Pts',(-21.1933503446333,16.2437837511913,12.3906604156275));
#932=CARTESIAN_POINT('Ctrl Pts',(-19.1873490982966,18.7098914954455,12.3629033721753));
#933=CARTESIAN_POINT('Ctrl Pts',(-16.7509446053508,20.8297469548096,12.335146328723));
#934=CARTESIAN_POINT('Ctrl Pts',(-14.0244743482283,22.4579020010697,12.3073892852708));
#935=CARTESIAN_POINT('Ctrl Pts',(-8.57153383398314,25.7142120935899,12.2518751983663));
#936=CARTESIAN_POINT('Ctrl Pts',(-1.95833026303069,27.0037205336938,12.1963611114619));
#937=CARTESIAN_POINT('Ctrl Pts',(4.31750575329316,25.9881042015657,12.1408470245574));
#938=CARTESIAN_POINT('Ctrl Pts',(5.49422500635387,25.7976761392917,12.1304381332628));
#939=CARTESIAN_POINT('Ctrl Pts',(6.65908368132217,25.5262085342439,12.1200292419682));
#940=CARTESIAN_POINT('Ctrl Pts',(7.80085373549025,25.1861553481127,12.1096203506736));
#941=CARTESIAN_POINT('Ctrl Pts',(8.18144375354628,25.072804286069,12.1061507202421));
#942=CARTESIAN_POINT('Ctrl Pts',(8.55946836929115,24.9518326039049,12.1026810898106));
#943=CARTESIAN_POINT('Ctrl Pts',(8.93470002490172,24.8224949828204,12.099211459379));
#944=CARTESIAN_POINT('Ctrl Pts',(10.435626647344,24.3051444984826,12.0853329376529));
#945=CARTESIAN_POINT('Ctrl Pts',(11.891865907637,23.6539389914192,12.0714544159268));
#946=CARTESIAN_POINT('Ctrl Pts',(13.2801074792357,22.8811877711704,12.0575758942007));
#947=CARTESIAN_POINT('Ctrl Pts',(16.0565906224331,21.3356853306729,12.0298188507485));
#948=CARTESIAN_POINT('Ctrl Pts',(18.5610830108531,19.3040000374339,12.0020618072962));
#949=CARTESIAN_POINT('Ctrl Pts',(20.6425729705323,16.9045500994218,11.974304763844));
#950=CARTESIAN_POINT('Ctrl Pts',(22.7240629302116,14.5051001614096,11.9465477203917));
#951=CARTESIAN_POINT('Ctrl Pts',(24.38255046115,11.7378855786243,11.9187906769395));
#952=CARTESIAN_POINT('Ctrl Pts',(25.5186090316626,8.7708726192684,11.8910336334873));
#953=CARTESIAN_POINT('Ctrl Pts',(26.6546676021752,5.80385965991248,11.8632765900351));
#954=CARTESIAN_POINT('Ctrl Pts',(27.2682972122619,2.63704832398596,11.8355195465828));
#955=CARTESIAN_POINT('Ctrl Pts',(27.3217357479113,-0.539156570485196,11.8077625031306));
#956=CARTESIAN_POINT('Ctrl Pts',(27.3243197941461,-0.692743494204751,11.8064202978708));
#957=CARTESIAN_POINT('Ctrl Pts',(27.3255939720352,-0.846352382438821,11.8050780926111));
#958=CARTESIAN_POINT('Ctrl Pts',(27.3255618992149,-0.999961608388,11.8037358873514));
#959=CARTESIAN_POINT('',(20.0743265273368,16.2471341034636,9.97579763528892));
#960=CARTESIAN_POINT('Ctrl Pts',(20.0743265273367,16.2471341034636,9.97579763528891));
#961=CARTESIAN_POINT('Ctrl Pts',(20.4106889536732,15.8668935512139,9.97579763528916));
#962=CARTESIAN_POINT('Ctrl Pts',(20.7355015013205,15.4773713531264,9.97579763528948));
#963=CARTESIAN_POINT('Ctrl Pts',(21.0485906205264,15.0792173184014,9.97579763528985));
#964=CARTESIAN_POINT('Ctrl Pts',(21.3673509787886,14.6738511942948,9.97579763529022));
#965=CARTESIAN_POINT('Ctrl Pts',(21.6739596729607,14.2595373816941,9.97579763529065));
#966=CARTESIAN_POINT('Ctrl Pts',(21.9681994984363,13.8369195895753,9.97579763529112));
#967=CARTESIAN_POINT('Ctrl Pts',(22.2643591801753,13.4115443005272,9.97579763529159));
#968=CARTESIAN_POINT('Ctrl Pts',(22.5479883369429,12.9777559064277,9.97579763529209));
#969=CARTESIAN_POINT('Ctrl Pts',(22.8188268191009,12.5361741386064,9.9757976352926));
#970=CARTESIAN_POINT('Ctrl Pts',(23.0902654499433,12.0936138735093,9.97579763529311));
#971=CARTESIAN_POINT('Ctrl Pts',(23.3488569207949,11.6432252180946,9.97579763529362));
#972=CARTESIAN_POINT('Ctrl Pts',(23.5942965967175,11.1856017570609,9.97579763529411));
#973=CARTESIAN_POINT('Ctrl Pts',(23.8391522425057,10.7290672230329,9.97579763529459));
#974=CARTESIAN_POINT('Ctrl Pts',(24.0709188436908,10.2653318175408,9.97579763529505));
#975=CARTESIAN_POINT('Ctrl Pts',(24.2892477549579,9.79496154204414,9.97579763529543));
#976=CARTESIAN_POINT('Ctrl Pts',(24.4967342322107,9.34795032900409,9.97579763529579));
#977=CARTESIAN_POINT('Ctrl Pts',(24.6920843922372,8.89494637664,9.97579763529608));
#978=CARTESIAN_POINT('Ctrl Pts',(24.8749572173965,8.43642146062313,9.97579763529626));
#979=CARTESIAN_POINT('Ctrl Pts',(24.9435345268313,8.26447461711681,9.97579763529633));
#980=CARTESIAN_POINT('Ctrl Pts',(25.0103567849185,8.0917512779185,9.97579763529638));
#981=CARTESIAN_POINT('Ctrl Pts',(25.0754044400156,7.91827598221923,9.97579763529641));
#982=CARTESIAN_POINT('Ctrl Pts',(25.1088723378179,7.82902059770111,9.97579763529643));
#983=CARTESIAN_POINT('Ctrl Pts',(25.1418704411286,7.7395661496777,9.97579763529645));
#984=CARTESIAN_POINT('Ctrl Pts',(25.1743959954429,7.64991596678142,9.97579763529645));
#985=CARTESIAN_POINT('Ctrl Pts',(25.1953631310338,7.5921242525381,9.97579763529646));
#986=CARTESIAN_POINT('Ctrl Pts',(25.2161355900156,7.53424631829081,9.97579763529646));
#987=CARTESIAN_POINT('Ctrl Pts',(25.2367023460527,7.47631231684006,9.97579763529646));
#988=CARTESIAN_POINT('Ctrl Pts',(25.4113918930721,6.98423352462935,9.97579763529649));
#989=CARTESIAN_POINT('Ctrl Pts',(25.5713742591485,6.48776258505021,9.97579763529654));
#990=CARTESIAN_POINT('Ctrl Pts',(25.7164099679446,5.98752294909319,9.97579763529662));
#991=CARTESIAN_POINT('Ctrl Pts',(25.8616787307091,5.48647949155848,9.97579763529671));
#992=CARTESIAN_POINT('Ctrl Pts',(25.991953010149,4.98165476256542,9.97579763529682));
#993=CARTESIAN_POINT('Ctrl Pts',(26.1069470745894,4.4736491155926,9.97579763529696));
#994=CARTESIAN_POINT('Ctrl Pts',(26.1279333587024,4.38093867101211,9.97579763529698));
#995=CARTESIAN_POINT('Ctrl Pts',(26.1484105959295,4.28812222402643,9.97579763529701));
#996=CARTESIAN_POINT('Ctrl Pts',(26.1683768776548,4.19520334854732,9.97579763529704));
#997=CARTESIAN_POINT('Ctrl Pts',(26.2765513730524,3.69178200018718,9.97579763529719));
#998=CARTESIAN_POINT('Ctrl Pts',(26.3697317524422,3.18535525136982,9.97579763529736));
#999=CARTESIAN_POINT('Ctrl Pts',(26.4480382767821,2.6765906980491,9.97579763529755));
#1000=CARTESIAN_POINT('Ctrl Pts',(26.5271604108632,2.16252705465674,9.97579763529774));
#1001=CARTESIAN_POINT('Ctrl Pts',(26.5910973058253,1.64607616458404,9.97579763529795));
#1002=CARTESIAN_POINT('Ctrl Pts',(26.6399210318706,1.1279157074402,9.97579763529815));
#1003=CARTESIAN_POINT('Ctrl Pts',(26.6887723064712,0.609462880721645,9.97579763529835));
#1004=CARTESIAN_POINT('Ctrl Pts',(26.7224933446927,0.0892980393480306,9.97579763529855));
#1005=CARTESIAN_POINT('Ctrl Pts',(26.741104219488,-0.431903324063648,9.97579763529872));
#1006=CARTESIAN_POINT('Ctrl Pts',(26.7550008875558,-0.821082361776108,9.97579763529884));
#1007=CARTESIAN_POINT('Ctrl Pts',(26.7604717356591,-1.21083943197714,9.97579763529895));
#1008=CARTESIAN_POINT('Ctrl Pts',(26.7575062115732,-1.6008919027196,9.97579763529903));
#1009=CARTESIAN_POINT('Ctrl Pts',(26.7549084955806,-1.94256693616966,9.9757976352991));
#1010=CARTESIAN_POINT('Ctrl Pts',(26.7458370838755,-2.28446866910313,9.97579763529914));
#1011=CARTESIAN_POINT('Ctrl Pts',(26.7302746981082,-2.62640514354789,9.97579763529916));
#1012=CARTESIAN_POINT('Ctrl Pts',(26.7284610715959,-2.66625411431941,9.97579763529916));
#1013=CARTESIAN_POINT('Ctrl Pts',(26.7265593721206,-2.70610120462052,9.97579763529916));
#1014=CARTESIAN_POINT('Ctrl Pts',(26.7245700741779,-2.7459372961815,9.97579763529916));
#1015=CARTESIAN_POINT('Ctrl Pts',(26.6985728487985,-3.2665369651973,9.97579763529918));
#1016=CARTESIAN_POINT('Ctrl Pts',(26.6575998418288,-3.78568929356881,9.97579763529922));
#1017=CARTESIAN_POINT('Ctrl Pts',(26.6017992726121,-4.30272217601623,9.97579763529929));
#1018=CARTESIAN_POINT('Ctrl Pts',(26.5455290661228,-4.82410658957236,9.97579763529935));
#1019=CARTESIAN_POINT('Ctrl Pts',(26.4741806959867,-5.34333623964554,9.97579763529945));
#1020=CARTESIAN_POINT('Ctrl Pts',(26.3878538190241,-5.85972931097695,9.97579763529957));
#1021=CARTESIAN_POINT('Ctrl Pts',(26.3015076591059,-6.37623772975329,9.97579763529969));
#1022=CARTESIAN_POINT('Ctrl Pts',(26.2001762729694,-6.8899088254285,9.97579763529984));
#1023=CARTESIAN_POINT('Ctrl Pts',(26.0839072767102,-7.4000599217964,9.9757976353));
#1024=CARTESIAN_POINT('Ctrl Pts',(25.9683420024715,-7.90712331145069,9.97579763530016));
#1025=CARTESIAN_POINT('Ctrl Pts',(25.8380193189616,-8.41070968690581,9.97579763530034));
#1026=CARTESIAN_POINT('Ctrl Pts',(25.6929353374062,-8.91014063044694,9.97579763530052));
#1027=CARTESIAN_POINT('Ctrl Pts',(25.6214075657401,-9.15636479737152,9.97579763530061));
#1028=CARTESIAN_POINT('Ctrl Pts',(25.5462911659501,-9.40157878099926,9.97579763530069));
#1029=CARTESIAN_POINT('Ctrl Pts',(25.4675811763354,-9.64569998740206,9.97579763530077));
#1030=CARTESIAN_POINT('Ctrl Pts',(25.3072073451922,-10.1431038534901,9.97579763530095));
#1031=CARTESIAN_POINT('Ctrl Pts',(25.131917580829,-10.6359724781543,9.9757976353011));
#1032=CARTESIAN_POINT('Ctrl Pts',(24.9420717631168,-11.1237457086882,9.97579763530123));
#1033=CARTESIAN_POINT('Ctrl Pts',(24.7522574983859,-11.6114378697533,9.97579763530135));
#1034=CARTESIAN_POINT('Ctrl Pts',(24.5478917590666,-12.0940367736834,9.97579763530143));
#1035=CARTESIAN_POINT('Ctrl Pts',(24.3292891114256,-12.5709568137944,9.97579763530145));
#1036=CARTESIAN_POINT('Ctrl Pts',(24.3047542561867,-12.6244839063109,9.97579763530145));
#1037=CARTESIAN_POINT('Ctrl Pts',(24.2800400187421,-12.6779394331951,9.97579763530145));
#1038=CARTESIAN_POINT('Ctrl Pts',(24.2551468105633,-12.731322542427,9.97579763530145));
#1039=CARTESIAN_POINT('Ctrl Pts',(24.2341433951509,-12.7763640497791,9.97579763530145));
#1040=CARTESIAN_POINT('Ctrl Pts',(24.2130158828705,-12.8213468653488,9.97579763530145));
#1041=CARTESIAN_POINT('Ctrl Pts',(24.1917680787332,-12.8662633532004,9.97579763530145));
#1042=CARTESIAN_POINT('Ctrl Pts',(23.9691089103658,-13.3369504776872,9.97579763530144));
#1043=CARTESIAN_POINT('Ctrl Pts',(23.7331293012163,-13.800602019943,9.97579763530146));
#1044=CARTESIAN_POINT('Ctrl Pts',(23.484313940377,-14.2567217925712,9.9757976353015));
#1045=CARTESIAN_POINT('Ctrl Pts',(23.2332864271863,-14.7168968069022,9.97579763530154));
#1046=CARTESIAN_POINT('Ctrl Pts',(22.9691937041766,-15.1694059696318,9.97579763530162));
#1047=CARTESIAN_POINT('Ctrl Pts',(22.6924818947742,-15.6137260424611,9.97579763530171));
#1048=CARTESIAN_POINT('Ctrl Pts',(22.4144244281449,-16.0602068561652,9.97579763530181));
#1049=CARTESIAN_POINT('Ctrl Pts',(22.1236246006735,-16.4984191878088,9.97579763530192));
#1050=CARTESIAN_POINT('Ctrl Pts',(21.8204866230227,-16.9278116588608,9.97579763530206));
#1051=CARTESIAN_POINT('Ctrl Pts',(21.5178019245605,-17.3565620636417,9.9757976353022));
#1052=CARTESIAN_POINT('Ctrl Pts',(21.2028156604322,-17.7765193943254,9.97579763530235));
#1053=CARTESIAN_POINT('Ctrl Pts',(20.8758860808012,-18.1871078211591,9.9757976353025));
#1054=CARTESIAN_POINT('Ctrl Pts',(20.5507301966247,-18.595468677067,9.97579763530265));
#1055=CARTESIAN_POINT('Ctrl Pts',(20.2137599377704,-18.994562414755,9.9757976353028));
#1056=CARTESIAN_POINT('Ctrl Pts',(19.8652884665448,-19.383789692412,9.97579763530293));
#1057=CARTESIAN_POINT('Ctrl Pts',(19.5531392885624,-19.7324465690903,9.97579763530304));
#1058=CARTESIAN_POINT('Ctrl Pts',(19.2317609141649,-20.0731863989103,9.97579763530314));
#1059=CARTESIAN_POINT('Ctrl Pts',(18.901354321364,-20.4055517964538,9.9757976353032));
#1060=CARTESIAN_POINT('Ctrl Pts',(18.7361510249636,-20.5717344952256,9.97579763530323));
#1061=CARTESIAN_POINT('Ctrl Pts',(18.5686903331662,-20.7358231675,9.97579763530325));
#1062=CARTESIAN_POINT('Ctrl Pts',(18.3989954173832,-20.8977579671718,9.97579763530325));
#1063=CARTESIAN_POINT('Ctrl Pts',(18.2954403602599,-20.9965774712971,9.97579763530326));
#1064=CARTESIAN_POINT('Ctrl Pts',(18.1910532625166,-21.0945948460473,9.97579763530326));
#1065=CARTESIAN_POINT('Ctrl Pts',(18.0858391669886,-21.1917961390533,9.97579763530325));
#1066=CARTESIAN_POINT('Ctrl Pts',(18.0514566978158,-21.2235601383879,9.97579763530325));
#1067=CARTESIAN_POINT('Ctrl Pts',(18.0169932820648,-21.2552301762658,9.97579763530325));
#1068=CARTESIAN_POINT('Ctrl Pts',(17.982450117176,-21.2868050473714,9.97579763530324));
#1069=CARTESIAN_POINT('Ctrl Pts',(17.949479732878,-21.3169422869053,9.97579763530324));
#1070=CARTESIAN_POINT('Ctrl Pts',(17.916436423952,-21.3469930799597,9.97579763530324));
#1071=CARTESIAN_POINT('Ctrl Pts',(17.8833204420029,-21.3769571044596,9.97579763530324));
#1072=CARTESIAN_POINT('Ctrl Pts',(17.5000199036892,-21.72377534885,9.97579763530322));
#1073=CARTESIAN_POINT('Ctrl Pts',(17.1069869383929,-22.058971930118,9.97579763530323));
#1074=CARTESIAN_POINT('Ctrl Pts',(16.7048764887999,-22.3823696470671,9.97579763530326));
#1075=CARTESIAN_POINT('Ctrl Pts',(16.292900951534,-22.7137013702927,9.97579763530329));
#1076=CARTESIAN_POINT('Ctrl Pts',(15.8713967850481,-23.0326485662117,9.97579763530334));
#1077=CARTESIAN_POINT('Ctrl Pts',(15.4410265128395,-23.3389842961629,9.97579763530341));
#1078=CARTESIAN_POINT('Ctrl Pts',(15.0113983531057,-23.6447917936098,9.97579763530348));
#1079=CARTESIAN_POINT('Ctrl Pts',(14.572934173117,-23.9380315040439,9.97579763530356));
#1080=CARTESIAN_POINT('Ctrl Pts',(14.1262578202991,-24.2184376134994,9.97579763530366));
#1081=CARTESIAN_POINT('Ctrl Pts',(13.6790426894121,-24.4991819469538,9.97579763530375));
#1082=CARTESIAN_POINT('Ctrl Pts',(13.2235951168192,-24.7670619512052,9.97579763530384));
#1083=CARTESIAN_POINT('Ctrl Pts',(12.7605126441062,-25.0217670936288,9.97579763530393));
#1084=CARTESIAN_POINT('Ctrl Pts',(12.2989815384565,-25.2756189513956,9.97579763530401));
#1085=CARTESIAN_POINT('Ctrl Pts',(11.8298661438614,-25.5163842936278,9.97579763530407));
#1086=CARTESIAN_POINT('Ctrl Pts',(11.3537364565251,-25.743708793052,9.9757976353041));
#1087=CARTESIAN_POINT('Ctrl Pts',(11.2277946228454,-25.8038387640646,9.97579763530411));
#1088=CARTESIAN_POINT('Ctrl Pts',(11.1013619280036,-25.8630280625271,9.97579763530411));
#1089=CARTESIAN_POINT('Ctrl Pts',(10.9744487298799,-25.9212695490055,9.97579763530411));
#1090=CARTESIAN_POINT('Ctrl Pts',(10.904073447458,-25.9535653316363,9.97579763530411));
#1091=CARTESIAN_POINT('Ctrl Pts',(10.8335504152946,-25.9855696700058,9.97579763530411));
#1092=CARTESIAN_POINT('Ctrl Pts',(10.7628813908325,-26.0172813134208,9.97579763530411));
#1093=CARTESIAN_POINT('Ctrl Pts',(10.7076808413925,-26.042051715354,9.97579763530411));
#1094=CARTESIAN_POINT('Ctrl Pts',(10.6523885712726,-26.0666446606317,9.97579763530411));
#1095=CARTESIAN_POINT('Ctrl Pts',(10.5970276986978,-26.0910498327461,9.97579763530409));
#1096=CARTESIAN_POINT('Ctrl Pts',(10.1111916469413,-26.3052247890115,9.97579763530393));
#1097=CARTESIAN_POINT('Ctrl Pts',(9.61972648335001,-26.5050999616766,9.9757976353026));
#1098=CARTESIAN_POINT('Ctrl Pts',(9.1232739882738,-26.6904407277578,9.97579763530059));
#1099=CARTESIAN_POINT('Ctrl Pts',(8.62604146236884,-26.8760727029936,9.97579763529858));
#1100=CARTESIAN_POINT('Ctrl Pts',(8.12380546495923,-27.0471248037653,9.97579763529589));
#1101=CARTESIAN_POINT('Ctrl Pts',(7.61718320123197,-27.2033168696785,9.97579763529299));
#1102=CARTESIAN_POINT('Ctrl Pts',(7.11254820044242,-27.3588962607727,9.9757976352901));
#1103=CARTESIAN_POINT('Ctrl Pts',(6.60356081036889,-27.4997321691565,9.97579763528701));
#1104=CARTESIAN_POINT('Ctrl Pts',(6.09081056616343,-27.6255004207562,9.97579763528418));
#1105=CARTESIAN_POINT('Ctrl Pts',(5.84525983402415,-27.6857295217838,9.97579763528283));
#1106=CARTESIAN_POINT('Ctrl Pts',(5.59884588888065,-27.7425023618236,9.97579763528153));
#1107=CARTESIAN_POINT('Ctrl Pts',(5.35163228333682,-27.7957792637796,9.97579763528035));
#1108=CARTESIAN_POINT('Ctrl Pts',(26.4640387286801,-0.999962820127163,11.3063488485073));
#1109=CARTESIAN_POINT('Ctrl Pts',(26.4634274711672,-3.92772516366247,11.2799338649377));
#1110=CARTESIAN_POINT('Ctrl Pts',(25.9728381933947,-6.8556141684404,11.253518881368));
#1111=CARTESIAN_POINT('Ctrl Pts',(25.0189770270168,-9.62397816766052,11.2271038977983));
#1112=CARTESIAN_POINT('Ctrl Pts',(24.6431056143101,-10.7148590253273,11.2166950065037));
#1113=CARTESIAN_POINT('Ctrl Pts',(24.1952985463025,-11.7809692545707,11.2062861152092));
#1114=CARTESIAN_POINT('Ctrl Pts',(23.6801006520307,-12.813392487552,11.1958772239146));
#1115=CARTESIAN_POINT('Ctrl Pts',(22.8214374949111,-14.534097875854,11.1785290717569));
#1116=CARTESIAN_POINT('Ctrl Pts',(21.7755775981685,-16.161228274539,11.1611809195993));
#1117=CARTESIAN_POINT('Ctrl Pts',(20.5652249846142,-17.6555100393688,11.1438327674416));
#1118=CARTESIAN_POINT('Ctrl Pts',(18.6286608029272,-20.0463608630964,11.1160757239894));
#1119=CARTESIAN_POINT('Ctrl Pts',(16.2709952662024,-22.0971191841549,11.0883186805372));
#1120=CARTESIAN_POINT('Ctrl Pts',(13.6341803732069,-23.6817330316912,11.0605616370849));
#1121=CARTESIAN_POINT('Ctrl Pts',(10.9973654802114,-25.2663468792275,11.0328045936327));
#1122=CARTESIAN_POINT('Ctrl Pts',(8.08140123094531,-26.3848162532416,11.0050475501805));
#1123=CARTESIAN_POINT('Ctrl Pts',(5.06125864226823,-26.9747802462482,10.9772905067282));
#1124=CARTESIAN_POINT('Ctrl Pts',(3.04783024981685,-27.3680895749192,10.9587858110934));
#1125=CARTESIAN_POINT('Ctrl Pts',(0.988100373182798,-27.5265076231424,10.9402811154586));
#1126=CARTESIAN_POINT('Ctrl Pts',(-1.06134576337763,-27.4435279428452,10.9217764198238));
#1127=CARTESIAN_POINT('Ctrl Pts',(-5.16023803649848,-27.2775685822507,10.8847670285541));
#1128=CARTESIAN_POINT('Ctrl Pts',(-9.21799534932492,-26.1460183075744,10.8477576372845));
#1129=CARTESIAN_POINT('Ctrl Pts',(-12.8078001845291,-24.1595793630909,10.8107482460148));
#1130=CARTESIAN_POINT('Ctrl Pts',(-13.4808885911299,-23.7871220610002,10.8038089851518));
#1131=CARTESIAN_POINT('Ctrl Pts',(-14.1375255434392,-23.3846100791116,10.7968697242887));
#1132=CARTESIAN_POINT('Ctrl Pts',(-14.7754981498682,-22.9545387700204,10.7899304634257));
#1133=CARTESIAN_POINT('Ctrl Pts',(-16.689415969155,-21.6643248427468,10.7691126808365));
#1134=CARTESIAN_POINT('Ctrl Pts',(-18.4353546755177,-20.1260769706496,10.7482948982473));
#1135=CARTESIAN_POINT('Ctrl Pts',(-19.9514093448533,-18.3868280716078,10.7274771156581));
#1136=CARTESIAN_POINT('Ctrl Pts',(-21.972815570634,-16.0678295395522,10.6997200722059));
#1137=CARTESIAN_POINT('Ctrl Pts',(-23.5855390639221,-13.3914958484841,10.6719630287537));
#1138=CARTESIAN_POINT('Ctrl Pts',(-24.6923659277388,-10.5206529357625,10.6442059853014));
#1139=CARTESIAN_POINT('Ctrl Pts',(-25.7991927915555,-7.64981002304094,10.6164489418492));
#1140=CARTESIAN_POINT('Ctrl Pts',(-26.4001230259009,-4.58445788866587,10.588691898397));
#1141=CARTESIAN_POINT('Ctrl Pts',(-26.4592559517629,-1.5084262727432,10.5609348549447));
#1142=CARTESIAN_POINT('Ctrl Pts',(-26.5183888776248,1.56760534317947,10.5331778114925));
#1143=CARTESIAN_POINT('Ctrl Pts',(-26.0357244950033,4.65431644064971,10.5054207680403));
#1144=CARTESIAN_POINT('Ctrl Pts',(-25.039811835365,7.56540537549759,10.477663724588));
#1145=CARTESIAN_POINT('Ctrl Pts',(-24.0438991757268,10.4764943103454,10.4499066811358));
#1146=CARTESIAN_POINT('Ctrl Pts',(-22.5347382390718,13.2119610825709,10.4221496376836));
#1147=CARTESIAN_POINT('Ctrl Pts',(-20.6043179319018,15.6074299014324,10.3943925942313));
#1148=CARTESIAN_POINT('Ctrl Pts',(-19.6391077783168,16.8051643108632,10.3805140725052));
#1149=CARTESIAN_POINT('Ctrl Pts',(-18.568582782103,17.9178992319529,10.3666355507791));
#1150=CARTESIAN_POINT('Ctrl Pts',(-17.4098257380632,18.9301474769143,10.352757029053));
#1151=CARTESIAN_POINT('Ctrl Pts',(-16.2510686940235,19.9423957218757,10.3388785073269));
#1152=CARTESIAN_POINT('Ctrl Pts',(-15.0040796021579,20.8541572907087,10.3249999856007));
#1153=CARTESIAN_POINT('Ctrl Pts',(-13.6873666992963,21.6496785459676,10.3111214638746));
#1154=CARTESIAN_POINT('Ctrl Pts',(-11.053940893573,23.2407210564855,10.2833644204224));
#1155=CARTESIAN_POINT('Ctrl Pts',(-8.14161984386562,24.366802312707,10.2556073769702));
#1156=CARTESIAN_POINT('Ctrl Pts',(-5.12291436904673,24.9628470110546,10.2278503335179));
#1157=CARTESIAN_POINT('Ctrl Pts',(-2.10420889422783,25.5588917094022,10.2000932900657));
#1158=CARTESIAN_POINT('Ctrl Pts',(1.02088100570266,25.6248998498759,10.1723362466135));
#1159=CARTESIAN_POINT('Ctrl Pts',(4.06044795630312,25.1517924091141,10.1445792031612));
#1160=CARTESIAN_POINT('Ctrl Pts',(8.11320389043709,24.5209824880982,10.1075698118916));
#1161=CARTESIAN_POINT('Ctrl Pts',(12.0139190257621,22.931744867108,10.0705604206219));
#1162=CARTESIAN_POINT('Ctrl Pts',(15.3576061123258,20.5542472504576,10.0335510293523));
#1163=CARTESIAN_POINT('Ctrl Pts',(17.0294496556077,19.3654984421324,10.0150463337175));
#1164=CARTESIAN_POINT('Ctrl Pts',(18.5620361866992,17.9796846348922,9.99654163808266));
#1165=CARTESIAN_POINT('Ctrl Pts',(19.9118726164164,16.4348518203839,9.97803694244784));
#1166=CARTESIAN_POINT('Ctrl Pts',(19.9663218301021,16.3725369130559,9.9772905067282));
#1167=CARTESIAN_POINT('Ctrl Pts',(20.0204736865172,16.3099632619153,9.97654407100856));
#1168=CARTESIAN_POINT('Ctrl Pts',(20.0743265273368,16.2471341034636,9.97579763528892));
#1169=CARTESIAN_POINT('Origin',(-0.000173344838925931,-0.999999717040936,
7.20298496621504));
#1170=CARTESIAN_POINT('',(-20.0727838817034,16.2454964626971,9.97579763528892));
#1171=CARTESIAN_POINT('Origin',(-0.000173344838925931,-0.999999717040936,
9.97579763528892));
#1172=CARTESIAN_POINT('Ctrl Pts',(26.4643481871157,-1.00048347413164,10.8952464220718));
#1173=CARTESIAN_POINT('Ctrl Pts',(26.4643556341948,-1.12856314828468,10.8940909711187));
#1174=CARTESIAN_POINT('Ctrl Pts',(26.4634242430739,-1.25664011328993,10.8929355201656));
#1175=CARTESIAN_POINT('Ctrl Pts',(26.4615517258985,-1.38470055674156,10.8917800692124));
#1176=CARTESIAN_POINT('Ctrl Pts',(26.4165688207696,-4.46105726734789,10.8640230257602));
#1177=CARTESIAN_POINT('Ctrl Pts',(25.8284716915754,-7.52787955827956,10.836265982308));
#1178=CARTESIAN_POINT('Ctrl Pts',(24.7356391787,-10.4042724572673,10.8085089388557));
#1179=CARTESIAN_POINT('Ctrl Pts',(23.6428066658246,-13.2806653562551,10.7807518954035));
#1180=CARTESIAN_POINT('Ctrl Pts',(22.045238769268,-15.9666288632989,10.7529948519513));
#1181=CARTESIAN_POINT('Ctrl Pts',(20.0339413808811,-18.2944314600064,10.725237808499));
#1182=CARTESIAN_POINT('Ctrl Pts',(17.0169952983008,-21.7861353550675,10.6836022433207));
#1183=CARTESIAN_POINT('Ctrl Pts',(13.0691578591024,-24.4719772018718,10.6419666781423));
#1184=CARTESIAN_POINT('Ctrl Pts',(8.71301617556201,-25.9911492969686,10.600331112964));
#1185=CARTESIAN_POINT('Ctrl Pts',(4.35687449202158,-27.5103213920654,10.5586955477856));
#1186=CARTESIAN_POINT('Ctrl Pts',(-0.407571435860887,-27.8628237354548,
10.5170599826073));
#1187=CARTESIAN_POINT('Ctrl Pts',(-4.94056159155588,-27.0014570481895,10.4754244174289));
#1188=CARTESIAN_POINT('Ctrl Pts',(-9.47355174725087,-26.1400903609242,10.4337888522506));
#1189=CARTESIAN_POINT('Ctrl Pts',(-13.7750861307584,-24.0648546430044,10.3921532870722));
#1190=CARTESIAN_POINT('Ctrl Pts',(-17.2708711124715,-21.0542479596473,10.3505177218939));
#1191=CARTESIAN_POINT('Ctrl Pts',(-20.7666560941846,-18.0436412762901,10.3088821567155));
#1192=CARTESIAN_POINT('Ctrl Pts',(-23.4566916741032,-14.0976636274957,10.2672465915372));
#1193=CARTESIAN_POINT('Ctrl Pts',(-24.9808533474668,-9.74246024433814,10.2256110263588));
#1194=CARTESIAN_POINT('Ctrl Pts',(-26.5050150208304,-5.38725686118053,10.1839754611805));
#1195=CARTESIAN_POINT('Ctrl Pts',(-26.8633027876389,-0.622827743659683,
10.1423398960021));
#1196=CARTESIAN_POINT('Ctrl Pts',(-26.0071600510408,3.9101814818976,10.1007043308238));
#1197=CARTESIAN_POINT('Ctrl Pts',(-25.1510173144441,8.44319070744735,10.0590687656455));
#1198=CARTESIAN_POINT('Ctrl Pts',(-23.0804440744448,12.7447800410343,10.0174332004672));
#1199=CARTESIAN_POINT('Ctrl Pts',(-20.0727838817034,16.2454964626971,9.97579763528891));
#1200=CARTESIAN_POINT('Ctrl Pts',(-20.7262005891691,16.8069489173346,9.4784101603074));
#1201=CARTESIAN_POINT('Ctrl Pts',(-23.8317795765001,13.1922748919046,9.52004572548576));
#1202=CARTESIAN_POINT('Ctrl Pts',(-28.1077542985966,4.30903381101396,9.60331685584246));
#1203=CARTESIAN_POINT('Ctrl Pts',(-26.9979265687976,-10.4495631458502,9.72822355137751));
#1204=CARTESIAN_POINT('Ctrl Pts',(-18.6651257040465,-22.6728866155057,9.85313024691257));
#1205=CARTESIAN_POINT('Ctrl Pts',(-5.3404343259364,-29.1012914828196,9.97803694244763));
#1206=CARTESIAN_POINT('Ctrl Pts',(9.41821467101799,-28.009385044131,10.1029436379827));
#1207=CARTESIAN_POINT('Ctrl Pts',(20.288511959468,-20.61399830361,10.2139718117916));
#1208=CARTESIAN_POINT('Ctrl Pts',(26.0620441461274,-10.9070980159128,10.3111214638744));
#1209=CARTESIAN_POINT('Ctrl Pts',(27.5801641187898,-2.99044963793066,10.380514072505));
#1210=CARTESIAN_POINT('Ctrl Pts',(27.1122754127418,3.37240655547772,10.4360281594095));
#1211=CARTESIAN_POINT('Ctrl Pts',(25.555546185569,9.55723585817639,10.491542246314));
#1212=CARTESIAN_POINT('Ctrl Pts',(21.6285108692336,16.6011042385304,10.5609348549445));
#1213=CARTESIAN_POINT('Ctrl Pts',(14.3103708363209,22.9331742857923,10.6442059853012));
#1214=CARTESIAN_POINT('Ctrl Pts',(5.26890024260921,26.3829677688713,10.7274771156579));
#1215=CARTESIAN_POINT('Ctrl Pts',(-4.40728619821262,26.5347257211005,10.8107482460146));
#1216=CARTESIAN_POINT('Ctrl Pts',(-13.5525589656903,23.3705488352414,10.8940193763714));
#1217=CARTESIAN_POINT('Ctrl Pts',(-21.0657381633349,17.2710282598948,10.977290506728));
#1218=CARTESIAN_POINT('Ctrl Pts',(-26.0417434243604,8.97116993566362,11.0605616370848));
#1219=CARTESIAN_POINT('Ctrl Pts',(-27.8815596779223,-0.529751412766498,
11.1438327674415));
#1220=CARTESIAN_POINT('Ctrl Pts',(-26.3629568435483,-10.0869923184914,11.2271038977982));
#1221=CARTESIAN_POINT('Ctrl Pts',(-21.6704562462615,-18.550601624719,11.3103750281549));
#1222=CARTESIAN_POINT('Ctrl Pts',(-14.3665888410012,-24.8992782173549,11.3936461585116));
#1223=CARTESIAN_POINT('Ctrl Pts',(-5.33349022342978,-28.3705999209645,11.4769172888683));
#1224=CARTESIAN_POINT('Ctrl Pts',(4.34235525943943,-28.5448369393854,11.560188419225));
#1225=CARTESIAN_POINT('Ctrl Pts',(13.4951136963528,-25.4025666799742,11.6434595495817));
#1226=CARTESIAN_POINT('Ctrl Pts',(21.0223150359977,-19.3201311575848,11.7267306799384));
#1227=CARTESIAN_POINT('Ctrl Pts',(26.0182392336629,-11.0323908930164,11.8100018102951));
#1228=CARTESIAN_POINT('Ctrl Pts',(27.8799197537452,-1.53570910299202,11.8932729406518));
#1229=CARTESIAN_POINT('Ctrl Pts',(26.3840017073483,8.02557474326016,11.9765440710085));
#1230=CARTESIAN_POINT('Ctrl Pts',(21.7111223710872,16.4986828473186,12.0598152013652));
#1231=CARTESIAN_POINT('Ctrl Pts',(14.421571280405,22.8671636107964,12.1430863317219));
#1232=CARTESIAN_POINT('Ctrl Pts',(5.39889205409579,26.3551942739627,12.2263574620786));
#1233=CARTESIAN_POINT('Ctrl Pts',(-5.35689652138561,26.583081750266,12.3188809402527));
#1234=CARTESIAN_POINT('Ctrl Pts',(-14.4198208113607,22.8911001277666,12.4021520706094));
#1235=CARTESIAN_POINT('Ctrl Pts',(-21.834535118283,16.1790592943479,12.4888928313976));
#1236=CARTESIAN_POINT('Ctrl Pts',(-25.3364738393041,10.1041026217686,12.5490330922108));
#1237=CARTESIAN_POINT('Ctrl Pts',(-27.8089144609003,0.875438119124391,12.6323042225675));
#1238=CARTESIAN_POINT('Ctrl Pts',(-27.091255221388,-10.1935898028214,12.7259842442188));
#1239=CARTESIAN_POINT('Ctrl Pts',(-19.5483635525375,-21.4700157643602,12.8404820484593));
#1240=CARTESIAN_POINT('Ctrl Pts',(-11.1327976485169,-26.3242579894108,12.923753178816));
#1241=CARTESIAN_POINT('Ctrl Pts',(-6.52029269731177,-27.5624369960596,12.9653887439943));
#1242=CARTESIAN_POINT('Ctrl Pts',(-5.35197897301499,-27.7957792637947,12.9757976352889));
#1243=CARTESIAN_POINT('Ctrl Pts',(-20.5083948511196,16.6197982933568,9.64420598277633));
#1244=CARTESIAN_POINT('Ctrl Pts',(-23.5813342741235,13.0431101652964,9.68584154795468));
#1245=CARTESIAN_POINT('Ctrl Pts',(-27.8123663323041,4.25322326309081,9.76911267831138));
#1246=CARTESIAN_POINT('Ctrl Pts',(-26.7141935513677,-10.3502705019742,9.89401937384643));
#1247=CARTESIAN_POINT('Ctrl Pts',(-18.4689575105535,-22.4451305416735,10.0189260693815));
#1248=CARTESIAN_POINT('Ctrl Pts',(-5.28429560293358,-28.8059696296222,10.1438327649165));
#1249=CARTESIAN_POINT('Ctrl Pts',(9.31924966570933,-27.7255297995163,10.2687394604516));
#1250=CARTESIAN_POINT('Ctrl Pts',(20.0753034285717,-20.4078571003691,10.3797676342605));
#1251=CARTESIAN_POINT('Ctrl Pts',(25.7881541901023,-10.8029662052799,10.4769172863434));
#1252=CARTESIAN_POINT('Ctrl Pts',(27.290315187357,-2.96951539225673,10.5463098949739));
#1253=CARTESIAN_POINT('Ctrl Pts',(26.8273399720177,3.32647135436179,10.6018239818784));
#1254=CARTESIAN_POINT('Ctrl Pts',(25.2869672923792,9.44630151663323,10.6573380687829));
#1255=CARTESIAN_POINT('Ctrl Pts',(21.4011982867703,16.4161414800754,10.7267306774135));
#1256=CARTESIAN_POINT('Ctrl Pts',(14.1599631201562,22.6816616457159,10.8100018077701));
#1257=CARTESIAN_POINT('Ctrl Pts',(5.21351006630185,26.0951949609113,10.8932729381269));
#1258=CARTESIAN_POINT('Ctrl Pts',(-4.36098650024853,26.2453524272061,10.9765440684836));
#1259=CARTESIAN_POINT('Ctrl Pts',(-13.4101470009166,23.1144235230818,11.0598151988403));
#1260=CARTESIAN_POINT('Ctrl Pts',(-20.8443643918309,17.0790002890457,11.143086329197));
#1261=CARTESIAN_POINT('Ctrl Pts',(-25.7680704953965,8.86636479182752,11.2263574595537));
#1262=CARTESIAN_POINT('Ctrl Pts',(-27.5885460508124,-0.534709575769482,
11.3096285899104));
#1263=CARTESIAN_POINT('Ctrl Pts',(-26.0858971249452,-9.99150967229331,11.3928997202671));
#1264=CARTESIAN_POINT('Ctrl Pts',(-21.4427065199507,-18.366169631663,11.4761708506238));
#1265=CARTESIAN_POINT('Ctrl Pts',(-14.2155939760065,-24.6481218277664,11.5594419809805));
#1266=CARTESIAN_POINT('Ctrl Pts',(-5.27742490217197,-28.0829571217883,11.6427131113372));
#1267=CARTESIAN_POINT('Ctrl Pts',(4.29673430270046,-28.255357415185,11.7259842416939));
#1268=CARTESIAN_POINT('Ctrl Pts',(13.3533018163604,-25.1461049098143,11.8092553720506));
#1269=CARTESIAN_POINT('Ctrl Pts',(20.8013939962715,-19.127587168626,11.8925265024073));
#1270=CARTESIAN_POINT('Ctrl Pts',(25.744809709393,-10.9269423671615,11.975797632764));
#1271=CARTESIAN_POINT('Ctrl Pts',(27.5869197556196,-1.53006299048574,12.0590687631207));
#1272=CARTESIAN_POINT('Ctrl Pts',(26.1067172141007,7.93073757125164,12.1423398934774));
#1273=CARTESIAN_POINT('Ctrl Pts',(21.48294165887,16.3147965141061,12.2256110238341));
#1274=CARTESIAN_POINT('Ctrl Pts',(14.2699949635398,22.6163447613566,12.3088821541908));
#1275=CARTESIAN_POINT('Ctrl Pts',(5.34213577074563,26.0677134214857,12.3921532845475));
#1276=CARTESIAN_POINT('Ctrl Pts',(-5.30061711012839,26.2931997171409,12.4846767627216));
#1277=CARTESIAN_POINT('Ctrl Pts',(-14.2682942519606,22.6400129833721,12.5679478930783));
#1278=CARTESIAN_POINT('Ctrl Pts',(-21.6050811939006,15.9985067085827,12.6546886538666));
#1279=CARTESIAN_POINT('Ctrl Pts',(-25.0702134586998,9.98739155588219,12.7148289146797));
#1280=CARTESIAN_POINT('Ctrl Pts',(-27.5166650998273,0.855712437584172,12.7981000450364));
#1281=CARTESIAN_POINT('Ctrl Pts',(-26.8065415335569,-10.0969873141889,12.8917800666877));
#1282=CARTESIAN_POINT('Ctrl Pts',(-19.3429138441643,-21.2549015357915,13.0062778709282));
#1283=CARTESIAN_POINT('Ctrl Pts',(-11.0157868436857,-26.0581241807035,13.0895490012849));
#1284=CARTESIAN_POINT('Ctrl Pts',(-6.45175537987063,-27.2832881136573,13.1311845664633));
#1285=CARTESIAN_POINT('Ctrl Pts',(-5.29571968152405,-27.514177439043,13.1415934577578));
#1286=CARTESIAN_POINT('Ctrl Pts',(-20.2905892764247,16.4326474814195,9.81000180768666));
#1287=CARTESIAN_POINT('Ctrl Pts',(-23.3308891023279,12.8939452222456,9.85163737286502));
#1288=CARTESIAN_POINT('Ctrl Pts',(-27.5169784158475,4.1974124592864,9.93490850322173));
#1289=CARTESIAN_POINT('Ctrl Pts',(-26.4304604492231,-10.2509781046238,10.0598151987568));
#1290=CARTESIAN_POINT('Ctrl Pts',(-18.2727891205156,-22.2173746390652,10.1847218942918));
#1291=CARTESIAN_POINT('Ctrl Pts',(-5.22815662411357,-28.5106478265472,10.3096285898269));
#1292=CARTESIAN_POINT('Ctrl Pts',(9.22028490703374,-27.4416744704691,10.4345352853619));
#1293=CARTESIAN_POINT('Ctrl Pts',(19.8620950774742,-20.2017157132488,10.5455634591709));
#1294=CARTESIAN_POINT('Ctrl Pts',(25.5142643257145,-10.6988341576476,10.6427131112537));
#1295=CARTESIAN_POINT('Ctrl Pts',(27.0004662754933,-2.94858089533925,10.7121057198843));
#1296=CARTESIAN_POINT('Ctrl Pts',(26.5424044928499,3.28053640055589,10.7676198067887));
#1297=CARTESIAN_POINT('Ctrl Pts',(25.0183883043059,9.3353674085343,10.8231338936932));
#1298=CARTESIAN_POINT('Ctrl Pts',(21.1738855450218,16.2311789196401,10.8925265023238));
#1299=CARTESIAN_POINT('Ctrl Pts',(14.0095551866252,22.4301491372971,10.9757976326805));
#1300=CARTESIAN_POINT('Ctrl Pts',(5.15811964071845,25.8074222023907,11.0590687630372));
#1301=CARTESIAN_POINT('Ctrl Pts',(-4.31468705344416,25.9559790945756,11.1423398933939));
#1302=CARTESIAN_POINT('Ctrl Pts',(-13.2677352589414,22.8582980886787,11.2256110237506));
#1303=CARTESIAN_POINT('Ctrl Pts',(-20.6229907879276,16.8869721271673,11.3088821541073));
#1304=CARTESIAN_POINT('Ctrl Pts',(-25.4943976586527,8.76155941118396,11.392153284464));
#1305=CARTESIAN_POINT('Ctrl Pts',(-27.2955324294331,-0.53966799283857,11.4754244148207));
#1306=CARTESIAN_POINT('Ctrl Pts',(-25.8088373248954,-9.89602726681811,11.5586955451774));
#1307=CARTESIAN_POINT('Ctrl Pts',(-21.2149566348202,-18.1817378370035,11.6419666755341));
#1308=CARTESIAN_POINT('Ctrl Pts',(-14.0645988939554,-24.3969655703427,11.7252378058908));
#1309=CARTESIAN_POINT('Ctrl Pts',(-5.22135933175517,-27.7953143726352,11.8085089362475));
#1310=CARTESIAN_POINT('Ctrl Pts',(4.25111359721056,-27.9658778528361,11.8917800666042));
#1311=CARTESIAN_POINT('Ctrl Pts',(13.2114901594554,-24.8896430179353,11.9750511969609));
#1312=CARTESIAN_POINT('Ctrl Pts',(20.5804731245904,-18.9350429890311,12.0583223273176));
#1313=CARTESIAN_POINT('Ctrl Pts',(25.4713802779016,-10.8214936047152,12.1415934576743));
#1314=CARTESIAN_POINT('Ctrl Pts',(27.2939197638204,-1.52441662392725,12.224864588031));
#1315=CARTESIAN_POINT('Ctrl Pts',(25.8294326399687,7.8359006401569,12.3081357183877));
#1316=CARTESIAN_POINT('Ctrl Pts',(21.2547607883075,16.1309103796621,12.3914068487445));
#1317=CARTESIAN_POINT('Ctrl Pts',(14.1184184299143,22.365526044583,12.4746779791012));
#1318=CARTESIAN_POINT('Ctrl Pts',(5.28537923837923,25.7802326196292,12.5579491094579));
#1319=CARTESIAN_POINT('Ctrl Pts',(-5.24433795052076,26.0033176366287,12.650472587632));
#1320=CARTESIAN_POINT('Ctrl Pts',(-14.1167679110345,22.3889257088054,12.7337437179887));
#1321=CARTESIAN_POINT('Ctrl Pts',(-21.3756274272075,15.8179539247258,12.8204844787769));
#1322=CARTESIAN_POINT('Ctrl Pts',(-24.8039531806022,9.87068025967354,12.8806247395901));
#1323=CARTESIAN_POINT('Ctrl Pts',(-27.2244157572903,0.8359865027134,12.9638958699468));
#1324=CARTESIAN_POINT('Ctrl Pts',(-26.5218277633461,-10.0003850729235,13.0575758915981));
#1325=CARTESIAN_POINT('Ctrl Pts',(-19.137463950254,-21.0397874864291,13.1720736958386));
#1326=CARTESIAN_POINT('Ctrl Pts',(-10.8987758086442,-25.7919904747635,13.2553448261952));
#1327=CARTESIAN_POINT('Ctrl Pts',(-6.38321782069539,-27.0041392920494,13.2969803913736));
#1328=CARTESIAN_POINT('Ctrl Pts',(-5.23946014611241,-27.232575664453,13.3073892826682));
#1329=CARTESIAN_POINT('Ctrl Pts',(-20.072783881579,16.2454964626206,9.97579763537194));
#1330=CARTESIAN_POINT('Ctrl Pts',(-23.0804440743122,12.7447800409737,10.0174332005503));
#1331=CARTESIAN_POINT('Ctrl Pts',(-27.2215905542991,4.14160137383316,10.100704330907));
#1332=CARTESIAN_POINT('Ctrl Pts',(-26.1467272538795,-10.1516859786515,10.225611026442));
#1333=CARTESIAN_POINT('Ctrl Pts',(-18.0766205141674,-21.9896189249702,10.3505177219771));
#1334=CARTESIAN_POINT('Ctrl Pts',(-5.17201736371517,-28.2153260786959,10.4754244175122));
#1335=CARTESIAN_POINT('Ctrl Pts',(9.12132041985437,-27.1578190485336,10.6003311130472));
#1336=CARTESIAN_POINT('Ctrl Pts',(19.648886924326,-19.9955741237612,10.7113592868561));
#1337=CARTESIAN_POINT('Ctrl Pts',(25.2403745622437,-10.5947018491589,10.808508938939));
#1338=CARTESIAN_POINT('Ctrl Pts',(26.7106173852212,-2.92764612187159,10.8779015475696));
#1339=CARTESIAN_POINT('Ctrl Pts',(26.2574689714159,3.23460171898211,10.933415634474));
#1340=CARTESIAN_POINT('Ctrl Pts',(24.7498092118378,9.22443355741628,10.9889297213785));
#1341=CARTESIAN_POINT('Ctrl Pts',(20.9465726279819,16.0462165772056,11.0583223300091));
#1342=CARTESIAN_POINT('Ctrl Pts',(13.8591470138571,22.1786367738433,11.1415934603658));
#1343=CARTESIAN_POINT('Ctrl Pts',(5.10272894075667,25.5196494983407,11.2248645907225));
#1344=CARTESIAN_POINT('Ctrl Pts',(-4.26838788310946,25.6666057193576,11.3081357210792));
#1345=CARTESIAN_POINT('Ctrl Pts',(-13.1253237622343,22.6021725197625,11.3914068514359));
#1346=CARTESIAN_POINT('Ctrl Pts',(-20.4016173685482,16.6949437550491,11.4746779817926));
#1347=CARTESIAN_POINT('Ctrl Pts',(-25.2207249234674,8.65675376989538,11.5579491121493));
#1348=CARTESIAN_POINT('Ctrl Pts',(-27.0025188144133,-0.544626689567498,
11.641220242506));
#1349=CARTESIAN_POINT('Ctrl Pts',(-25.531777435243,-9.80054512633308,11.7244913728627));
#1350=CARTESIAN_POINT('Ctrl Pts',(-20.9872065749106,-17.9973062607594,11.8077625032194));
#1351=CARTESIAN_POINT('Ctrl Pts',(-13.9136035730082,-24.1458094584424,11.8910336335761));
#1352=CARTESIAN_POINT('Ctrl Pts',(-5.16529348708897,-27.5076716785951,11.9743047639328));
#1353=CARTESIAN_POINT('Ctrl Pts',(4.2054931682886,-27.6763982485468,12.0575758942895));
#1354=CARTESIAN_POINT('Ctrl Pts',(13.0696787481367,-24.6331809921202,12.1408470246462));
#1355=CARTESIAN_POINT('Ctrl Pts',(20.3595524379222,-18.7424985996293,12.2241181550029));
#1356=CARTESIAN_POINT('Ctrl Pts',(25.1979509485834,-10.716044581862,12.3073892853596));
#1357=CARTESIAN_POINT('Ctrl Pts',(27.0009197790366,-1.51876997772438,12.3906604157163));
#1358=CARTESIAN_POINT('Ctrl Pts',(25.5521479768527,7.74106397426234,12.473931546073));
#1359=CARTESIAN_POINT('Ctrl Pts',(21.0265797434883,15.9470244640429,12.5572026764297));
#1360=CARTESIAN_POINT('Ctrl Pts',(13.9668416577187,22.1147074738849,12.6404738067864));
#1361=CARTESIAN_POINT('Ctrl Pts',(5.22862243192074,25.4927518735432,12.7237449371431));
#1362=CARTESIAN_POINT('Ctrl Pts',(-5.18805906792383,25.7134355040068,12.8162684153172));
#1363=CARTESIAN_POINT('Ctrl Pts',(-13.9652418106181,22.1378382909971,12.8995395456739));
#1364=CARTESIAN_POINT('Ctrl Pts',(-21.1461738341298,15.6374009228531,12.9862803064622));
#1365=CARTESIAN_POINT('Ctrl Pts',(-24.5376930153846,9.75396870996063,13.0464205672754));
#1366=CARTESIAN_POINT('Ctrl Pts',(-26.9321664352081,0.816260288994994,13.1296916976321));
#1367=CARTESIAN_POINT('Ctrl Pts',(-26.2371139025071,-9.90378310396198,13.2233717192833));
#1368=CARTESIAN_POINT('Ctrl Pts',(-18.9320138521519,-20.8246736343644,13.3378695235238));
#1369=CARTESIAN_POINT('Ctrl Pts',(-10.7817645202216,-25.5258568819902,13.4211406538805));
#1370=CARTESIAN_POINT('Ctrl Pts',(-6.31467999544583,-26.7249905374095,13.4627762190589));
#1371=CARTESIAN_POINT('Ctrl Pts',(-5.18320034221743,-26.9509739451275,13.4731851103535));
#1372=CARTESIAN_POINT('',(-5.35197897301801,-27.795779263794,12.9757976352889));
#1373=CARTESIAN_POINT('Ctrl Pts',(-5.35197897300985,-27.7957792637689,12.9757976353041));
#1374=CARTESIAN_POINT('Ctrl Pts',(-5.86906499376795,-27.6843422691471,12.9757976353032));
#1375=CARTESIAN_POINT('Ctrl Pts',(-6.38264825595587,-27.5579946094973,12.9757976353021));
#1376=CARTESIAN_POINT('Ctrl Pts',(-6.89207014144742,-27.4168778922534,12.9757976353008));
#1377=CARTESIAN_POINT('Ctrl Pts',(-7.39978490509435,-27.2762340707322,12.9757976352996));
#1378=CARTESIAN_POINT('Ctrl Pts',(-7.90336661903906,-27.1209198734729,12.9757976352983));
#1379=CARTESIAN_POINT('Ctrl Pts',(-8.40214843889633,-26.9510260182758,12.9757976352971));
#1380=CARTESIAN_POINT('Ctrl Pts',(-8.52969225586472,-26.9075823523108,12.9757976352968));
#1381=CARTESIAN_POINT('Ctrl Pts',(-8.65692212116748,-26.8631851058349,12.9757976352965));
#1382=CARTESIAN_POINT('Ctrl Pts',(-8.7838266695719,-26.8178352902789,12.9757976352961));
#1383=CARTESIAN_POINT('Ctrl Pts',(-9.28151643353609,-26.6399839895677,12.9757976352949));
#1384=CARTESIAN_POINT('Ctrl Pts',(-9.77420481376377,-26.4474854170483,12.9757976352938));
#1385=CARTESIAN_POINT('Ctrl Pts',(-10.2612867971929,-26.240630787384,12.9757976352929));
#1386=CARTESIAN_POINT('Ctrl Pts',(-10.6097005842597,-26.0926659532379,12.9757976352922));
#1387=CARTESIAN_POINT('Ctrl Pts',(-10.9552452933889,-25.9373546424906,12.9757976352917));
#1388=CARTESIAN_POINT('Ctrl Pts',(-11.2976901368421,-25.7747899913591,12.9757976352913));
#1389=CARTESIAN_POINT('Ctrl Pts',(-11.602398452699,-25.6301395403123,12.975797635291));
#1390=CARTESIAN_POINT('Ctrl Pts',(-11.9046523847336,-25.4797460924956,12.9757976352908));
#1391=CARTESIAN_POINT('Ctrl Pts',(-12.2042832322963,-25.3236682879153,12.9757976352908));
#1392=CARTESIAN_POINT('Ctrl Pts',(-12.2467223041622,-25.3015617617711,12.9757976352908));
#1393=CARTESIAN_POINT('Ctrl Pts',(-12.2891021512587,-25.2793446098066,12.9757976352908));
#1394=CARTESIAN_POINT('Ctrl Pts',(-12.3314161533846,-25.2570203965458,12.9757976352908));
#1395=CARTESIAN_POINT('Ctrl Pts',(-12.7962330586215,-25.0117901843621,12.9757976352907));
#1396=CARTESIAN_POINT('Ctrl Pts',(-13.2533414580413,-24.753522478901,12.9757976352908));
#1397=CARTESIAN_POINT('Ctrl Pts',(-13.7022101029209,-24.4826193136815,12.9757976352909));
#1398=CARTESIAN_POINT('Ctrl Pts',(-14.153951001278,-24.2099826734973,12.975797635291));
#1399=CARTESIAN_POINT('Ctrl Pts',(-14.5973468115277,-23.9245481328839,12.9757976352911));
#1400=CARTESIAN_POINT('Ctrl Pts',(-15.0318360133198,-23.62667684897,12.9757976352912));
#1401=CARTESIAN_POINT('Ctrl Pts',(-15.4660296931169,-23.3290081650648,12.9757976352914));
#1402=CARTESIAN_POINT('Ctrl Pts',(-15.8913293084533,-23.0189193824734,12.9757976352915));
#1403=CARTESIAN_POINT('Ctrl Pts',(-16.3071479413408,-22.6967262334194,12.9757976352917));
#1404=CARTESIAN_POINT('Ctrl Pts',(-16.7202539525825,-22.3766349336842,12.9757976352918));
#1405=CARTESIAN_POINT('Ctrl Pts',(-17.1240026690834,-22.0445963869111,12.9757976352919));
#1406=CARTESIAN_POINT('Ctrl Pts',(-17.5177862763435,-21.7008803074461,12.975797635292));
#1407=CARTESIAN_POINT('Ctrl Pts',(-17.6404404567494,-21.5938209651022,12.9757976352921));
#1408=CARTESIAN_POINT('Ctrl Pts',(-17.7621275882101,-21.4856284238886,12.9757976352921));
#1409=CARTESIAN_POINT('Ctrl Pts',(-17.8828285650867,-21.3763101043904,12.9757976352921));
#1410=CARTESIAN_POINT('Ctrl Pts',(-18.2736181941995,-21.022373735047,12.9757976352922));
#1411=CARTESIAN_POINT('Ctrl Pts',(-18.6540736205475,-20.6566387197012,12.9757976352923));
#1412=CARTESIAN_POINT('Ctrl Pts',(-19.0237968492633,-20.279660653047,12.9757976352923));
#1413=CARTESIAN_POINT('Ctrl Pts',(-19.3898276781248,-19.9064474398029,12.9757976352924));
#1414=CARTESIAN_POINT('Ctrl Pts',(-19.7453398159556,-19.5222141586083,12.9757976352924));
#1415=CARTESIAN_POINT('Ctrl Pts',(-20.0899042030613,-19.12747348147,12.9757976352924));
#1416=CARTESIAN_POINT('Ctrl Pts',(-20.1679475254703,-19.0380653038212,12.9757976352924));
#1417=CARTESIAN_POINT('Ctrl Pts',(-20.2454290280709,-18.9481179879064,12.9757976352924));
#1418=CARTESIAN_POINT('Ctrl Pts',(-20.3223433979532,-18.8576373372656,12.9757976352924));
#1419=CARTESIAN_POINT('Ctrl Pts',(-20.3502286421995,-18.824833648611,12.9757976352924));
#1420=CARTESIAN_POINT('Ctrl Pts',(-20.3780393402377,-18.7919598569241,12.9757976352924));
#1421=CARTESIAN_POINT('Ctrl Pts',(-20.4057752348067,-18.7590162371454,12.9757976352924));
#1422=CARTESIAN_POINT('Ctrl Pts',(-20.4343181983255,-18.7251140121719,12.9757976352924));
#1423=CARTESIAN_POINT('Ctrl Pts',(-20.4627762546769,-18.691144584606,12.9757976352924));
#1424=CARTESIAN_POINT('Ctrl Pts',(-20.4911475834335,-18.6571103191683,12.9757976352924));
#1425=CARTESIAN_POINT('Ctrl Pts',(-20.8259915662766,-18.2554312476635,12.9757976352924));
#1426=CARTESIAN_POINT('Ctrl Pts',(-21.1488332426178,-17.8446347179647,12.9757976352924));
#1427=CARTESIAN_POINT('Ctrl Pts',(-21.4593892432566,-17.4253467158227,12.9757976352925));
#1428=CARTESIAN_POINT('Ctrl Pts',(-21.7720619766829,-17.0032008694924,12.9757976352926));
#1429=CARTESIAN_POINT('Ctrl Pts',(-22.0722812949867,-16.5724469990163,12.9757976352928));
#1430=CARTESIAN_POINT('Ctrl Pts',(-22.3597207900768,-16.1336861965178,12.9757976352929));
#1431=CARTESIAN_POINT('Ctrl Pts',(-22.6478350250866,-15.6938954401204,12.9757976352931));
#1432=CARTESIAN_POINT('Ctrl Pts',(-22.9231096579675,-15.2460596843305,12.9757976352932));
#1433=CARTESIAN_POINT('Ctrl Pts',(-23.1851742524117,-14.790752762987,12.9757976352934));
#1434=CARTESIAN_POINT('Ctrl Pts',(-23.4458544506682,-14.3378510698945,12.9757976352935));
#1435=CARTESIAN_POINT('Ctrl Pts',(-23.6934640448958,-13.8775564846912,12.9757976352937));
#1436=CARTESIAN_POINT('Ctrl Pts',(-23.9275933551256,-13.4104093382736,12.9757976352938));
#1437=CARTESIAN_POINT('Ctrl Pts',(-24.1600327374707,-12.9466340250889,12.9757976352939));
#1438=CARTESIAN_POINT('Ctrl Pts',(-24.3791859467641,-12.4761042809893,12.975797635294));
#1439=CARTESIAN_POINT('Ctrl Pts',(-24.5846042424615,-11.9993312689243,12.9757976352941));
#1440=CARTESIAN_POINT('Ctrl Pts',(-24.7867862921324,-11.5300695389516,12.9757976352942));
#1441=CARTESIAN_POINT('Ctrl Pts',(-24.9756629211187,-11.0547592943886,12.9757976352942));
#1442=CARTESIAN_POINT('Ctrl Pts',(-25.1507572908926,-10.5738771607419,12.9757976352943));
#1443=CARTESIAN_POINT('Ctrl Pts',(-25.2626821282683,-10.2664848975024,12.9757976352943));
#1444=CARTESIAN_POINT('Ctrl Pts',(-25.368974412624,-9.95681570909465,12.9757976352943));
#1445=CARTESIAN_POINT('Ctrl Pts',(-25.4694984512121,-9.64499289002771,12.9757976352943));
#1446=CARTESIAN_POINT('Ctrl Pts',(-25.4842972259108,-9.59908749555588,12.9757976352943));
#1447=CARTESIAN_POINT('Ctrl Pts',(-25.4989687833281,-9.55314216541521,12.9757976352943));
#1448=CARTESIAN_POINT('Ctrl Pts',(-25.5135107871588,-9.5071650700598,12.9757976352943));
#1449=CARTESIAN_POINT('Ctrl Pts',(-25.6678290688166,-9.01926075965987,12.9757976352943));
#1450=CARTESIAN_POINT('Ctrl Pts',(-25.8076477634503,-8.52751524808513,12.9757976352944));
#1451=CARTESIAN_POINT('Ctrl Pts',(-25.9330831558177,-8.0325896471349,12.9757976352945));
#1452=CARTESIAN_POINT('Ctrl Pts',(-26.0607706187799,-7.52877813789725,12.9757976352946));
#1453=CARTESIAN_POINT('Ctrl Pts',(-26.1735538070135,-7.02167088777812,12.9757976352948));
#1454=CARTESIAN_POINT('Ctrl Pts',(-26.2715054208841,-6.51194451750367,12.975797635295));
#1455=CARTESIAN_POINT('Ctrl Pts',(-26.3700576634492,-5.99909256029661,12.9757976352951));
#1456=CARTESIAN_POINT('Ctrl Pts',(-26.4535959353393,-5.4835887641376,12.9757976352953));
#1457=CARTESIAN_POINT('Ctrl Pts',(-26.5221428350988,-4.96610862405645,12.9757976352955));
#1458=CARTESIAN_POINT('Ctrl Pts',(-26.5908061310425,-4.44774977591062,12.9757976352957));
#1459=CARTESIAN_POINT('Ctrl Pts',(-26.6444271216745,-3.92740735044372,12.9757976352959));
#1460=CARTESIAN_POINT('Ctrl Pts',(-26.6829765493668,-3.40575429795263,12.975797635296));
#1461=CARTESIAN_POINT('Ctrl Pts',(-26.7214137436923,-2.88561999377864,12.9757976352962));
#1462=CARTESIAN_POINT('Ctrl Pts',(-26.7448669961395,-2.36418217134286,12.9757976352963));
#1463=CARTESIAN_POINT('Ctrl Pts',(-26.753255648838,-1.84210966669767,12.9757976352964));
#1464=CARTESIAN_POINT('Ctrl Pts',(-26.7613840979769,-1.33623107648908,12.9757976352965));
#1465=CARTESIAN_POINT('Ctrl Pts',(-26.7553677878901,-0.82975615293148,12.9757976352966));
#1466=CARTESIAN_POINT('Ctrl Pts',(-26.7350868924601,-0.32330177442901,12.9757976352966));
#1467=CARTESIAN_POINT('Ctrl Pts',(-26.7274815566738,-0.133381382490584,
12.9757976352966));
#1468=CARTESIAN_POINT('Ctrl Pts',(-26.7178698016949,0.0565360029580162,
12.9757976352967));
#1469=CARTESIAN_POINT('Ctrl Pts',(-26.7062436419354,0.246417356305999,12.9757976352967));
#1470=CARTESIAN_POINT('Ctrl Pts',(-26.700035921764,0.34780339707242,12.9757976352967));
#1471=CARTESIAN_POINT('Ctrl Pts',(-26.6932538866194,0.449179159920474,12.9757976352967));
#1472=CARTESIAN_POINT('Ctrl Pts',(-26.6858962143155,0.550539578186752,12.9757976352967));
#1473=CARTESIAN_POINT('Ctrl Pts',(-26.6825668194065,0.596405831345795,12.9757976352967));
#1474=CARTESIAN_POINT('Ctrl Pts',(-26.6791194103635,0.642270792916656,12.9757976352967));
#1475=CARTESIAN_POINT('Ctrl Pts',(-26.6755543164607,0.688128135978444,12.9757976352967));
#1476=CARTESIAN_POINT('Ctrl Pts',(-26.635109870483,1.2083598282578,12.9757976352967));
#1477=CARTESIAN_POINT('Ctrl Pts',(-26.5795998592781,1.7266485346196,12.9757976352968));
#1478=CARTESIAN_POINT('Ctrl Pts',(-26.5090670247631,2.2423366765089,12.975797635297));
#1479=CARTESIAN_POINT('Ctrl Pts',(-26.438477435448,2.75843977091858,12.9757976352971));
#1480=CARTESIAN_POINT('Ctrl Pts',(-26.3528408357302,3.27193862711098,12.9757976352973));
#1481=CARTESIAN_POINT('Ctrl Pts',(-26.2521480431353,3.78217519749116,12.9757976352975));
#1482=CARTESIAN_POINT('Ctrl Pts',(-26.2249765044799,3.91986045120373,12.9757976352975));
#1483=CARTESIAN_POINT('Ctrl Pts',(-26.1967083292521,4.05730813771887,12.9757976352976));
#1484=CARTESIAN_POINT('Ctrl Pts',(-26.1673426884593,4.19450526601233,12.9757976352976));
#1485=CARTESIAN_POINT('Ctrl Pts',(-26.0590701677176,4.70035763353578,12.9757976352978));
#1486=CARTESIAN_POINT('Ctrl Pts',(-25.935882288447,5.20280473620002,12.9757976352981));
#1487=CARTESIAN_POINT('Ctrl Pts',(-25.7980482532042,5.70118379464365,12.9757976352982));
#1488=CARTESIAN_POINT('Ctrl Pts',(-25.6600402053269,6.20019204639811,12.9757976352984));
#1489=CARTESIAN_POINT('Ctrl Pts',(-25.5073488201231,6.69512247983709,12.9757976352986));
#1490=CARTESIAN_POINT('Ctrl Pts',(-25.3401947597786,7.18529383301619,12.9757976352988));
#1491=CARTESIAN_POINT('Ctrl Pts',(-25.2991327675959,7.30570617735842,12.9757976352988));
#1492=CARTESIAN_POINT('Ctrl Pts',(-25.2571977886367,7.42583123607705,12.9757976352989));
#1493=CARTESIAN_POINT('Ctrl Pts',(-25.2143926560035,7.54565870873694,12.9757976352989));
#1494=CARTESIAN_POINT('Ctrl Pts',(-25.0395418907744,8.0351309752892,12.975797635299));
#1495=CARTESIAN_POINT('Ctrl Pts',(-24.8501754907204,8.51963996449797,12.9757976352991));
#1496=CARTESIAN_POINT('Ctrl Pts',(-24.6465867832882,8.99860940864701,12.9757976352992));
#1497=CARTESIAN_POINT('Ctrl Pts',(-24.506243656511,9.32878523357583,12.9757976352993));
#1498=CARTESIAN_POINT('Ctrl Pts',(-24.3591411607222,9.65632816678019,12.9757976352993));
#1499=CARTESIAN_POINT('Ctrl Pts',(-24.2053636678561,9.98104099204691,12.9757976352994));
#1500=CARTESIAN_POINT('Ctrl Pts',(-24.1380860147271,10.1231028531011,12.9757976352994));
#1501=CARTESIAN_POINT('Ctrl Pts',(-24.0695306066616,10.2646229170256,12.9757976352994));
#1502=CARTESIAN_POINT('Ctrl Pts',(-23.9997039675521,10.4055841944082,12.9757976352994));
#1503=CARTESIAN_POINT('Ctrl Pts',(-23.9679138110424,10.469760003626,12.9757976352994));
#1504=CARTESIAN_POINT('Ctrl Pts',(-23.9358601580596,10.5338199872517,12.9757976352994));
#1505=CARTESIAN_POINT('Ctrl Pts',(-23.9035436023875,10.5977625208417,12.9757976352994));
#1506=CARTESIAN_POINT('Ctrl Pts',(-23.8825811445522,10.6392394863282,12.9757976352994));
#1507=CARTESIAN_POINT('Ctrl Pts',(-23.8615116067624,10.6806600081241,12.9757976352994));
#1508=CARTESIAN_POINT('Ctrl Pts',(-23.8403379348538,10.7220185324311,12.9757976352995));
#1509=CARTESIAN_POINT('Ctrl Pts',(-23.6053768568474,11.1809679058751,12.9757976352999));
#1510=CARTESIAN_POINT('Ctrl Pts',(-23.3574937548621,11.6324882557794,12.9757976353027));
#1511=CARTESIAN_POINT('Ctrl Pts',(-23.0970995770478,12.0760835156138,12.9757976353071));
#1512=CARTESIAN_POINT('Ctrl Pts',(-22.8346355985276,12.5232047904678,12.9757976353115));
#1513=CARTESIAN_POINT('Ctrl Pts',(-22.5594606464131,12.962274930055,12.9757976353175));
#1514=CARTESIAN_POINT('Ctrl Pts',(-22.2719465900426,13.3927662162247,12.9757976353242));
#1515=CARTESIAN_POINT('Ctrl Pts',(-21.9843279379821,13.8234141122439,12.975797635331));
#1516=CARTESIAN_POINT('Ctrl Pts',(-21.6843609329397,14.2454773365894,12.9757976353384));
#1517=CARTESIAN_POINT('Ctrl Pts',(-21.3723727757756,14.6584014283647,12.9757976353457));
#1518=CARTESIAN_POINT('Ctrl Pts',(-21.0619631727249,15.0692362644788,12.975797635353));
#1519=CARTESIAN_POINT('Ctrl Pts',(-20.73965346147,15.471024606631,12.9757976353601));
#1520=CARTESIAN_POINT('Ctrl Pts',(-20.4057255598573,15.8631884159874,12.9757976353663));
#1521=CARTESIAN_POINT('Ctrl Pts',(-20.2963111125751,15.9916843764555,12.9757976353683));
#1522=CARTESIAN_POINT('Ctrl Pts',(-20.1856490274928,16.1191467624381,12.9757976353702));
#1523=CARTESIAN_POINT('Ctrl Pts',(-20.0737483538247,16.2455543791477,12.975797635372));
#1524=CARTESIAN_POINT('Ctrl Pts',(-5.35294433617538,-27.7988634372005,9.97579763530408));
#1525=CARTESIAN_POINT('Ctrl Pts',(-5.86676994286218,-27.6879946382875,9.97579763530318));
#1526=CARTESIAN_POINT('Ctrl Pts',(-6.37705421428765,-27.5620407398647,9.97579763530207));
#1527=CARTESIAN_POINT('Ctrl Pts',(-6.88322268308329,-27.4213646025194,9.97579763530087));
#1528=CARTESIAN_POINT('Ctrl Pts',(-7.39342297431612,-27.2795679267724,9.97579763529966));
#1529=CARTESIAN_POINT('Ctrl Pts',(-7.89944210840344,-27.1228133687375,9.97579763529836));
#1530=CARTESIAN_POINT('Ctrl Pts',(-8.40067673919677,-26.9514219087754,9.9757976352971));
#1531=CARTESIAN_POINT('Ctrl Pts',(-8.90139417369722,-26.7802072981814,9.97579763529584));
#1532=CARTESIAN_POINT('Ctrl Pts',(-9.39733743012847,-26.5943857335481,9.97579763529463));
#1533=CARTESIAN_POINT('Ctrl Pts',(-9.88788311148411,-26.3942301239176,9.97579763529361));
#1534=CARTESIAN_POINT('Ctrl Pts',(-10.3757123543533,-26.1951828930211,9.97579763529259));
#1535=CARTESIAN_POINT('Ctrl Pts',(-10.8582040647978,-25.9819596658885,9.97579763529176));
#1536=CARTESIAN_POINT('Ctrl Pts',(-11.3347168768348,-25.754786089792,9.97579763529126));
#1537=CARTESIAN_POINT('Ctrl Pts',(-11.4864852341191,-25.6824317698416,9.9757976352911));
#1538=CARTESIAN_POINT('Ctrl Pts',(-11.6376468442029,-25.6086620030849,9.97579763529098));
#1539=CARTESIAN_POINT('Ctrl Pts',(-11.7881802693475,-25.5334832279872,9.97579763529089));
#1540=CARTESIAN_POINT('Ctrl Pts',(-11.8832817372522,-25.4859880496891,9.97579763529084));
#1541=CARTESIAN_POINT('Ctrl Pts',(-11.9781324737854,-25.4379304933741,9.9757976352908));
#1542=CARTESIAN_POINT('Ctrl Pts',(-12.0727269951068,-25.3893121012205,9.97579763529078));
#1543=CARTESIAN_POINT('Ctrl Pts',(-12.1165258307285,-25.36680097757,9.97579763529077));
#1544=CARTESIAN_POINT('Ctrl Pts',(-12.1602697369377,-25.3441696185954,9.97579763529076));
#1545=CARTESIAN_POINT('Ctrl Pts',(-12.2039581648203,-25.3214181728868,9.97579763529076));
#1546=CARTESIAN_POINT('Ctrl Pts',(-12.246279263784,-25.2993787855234,9.97579763529076));
#1547=CARTESIAN_POINT('Ctrl Pts',(-12.2885417069078,-25.2772301319356,9.97579763529076));
#1548=CARTESIAN_POINT('Ctrl Pts',(-12.3307389557977,-25.2549756999971,9.97579763529076));
#1549=CARTESIAN_POINT('Ctrl Pts',(-12.8143503304375,-24.9999236123676,9.97579763529075));
#1550=CARTESIAN_POINT('Ctrl Pts',(-13.2896528210765,-24.7308509475735,9.97579763529081));
#1551=CARTESIAN_POINT('Ctrl Pts',(-13.7560231078176,-24.4481741285497,9.9757976352909));
#1552=CARTESIAN_POINT('Ctrl Pts',(-14.2078324550853,-24.1743230005472,9.975797635291));
#1553=CARTESIAN_POINT('Ctrl Pts',(-14.6512590163459,-23.8877034179725,9.97579763529113));
#1554=CARTESIAN_POINT('Ctrl Pts',(-15.0857156095994,-23.5886447596029,9.97579763529126));
#1555=CARTESIAN_POINT('Ctrl Pts',(-15.5411747436249,-23.2751289799393,9.97579763529141));
#1556=CARTESIAN_POINT('Ctrl Pts',(-15.9867764723928,-22.9479425065537,9.97579763529156));
#1557=CARTESIAN_POINT('Ctrl Pts',(-16.4218123361768,-22.6074121930526,9.9757976352917));
#1558=CARTESIAN_POINT('Ctrl Pts',(-16.8327574272801,-22.2857392636349,9.97579763529184));
#1559=CARTESIAN_POINT('Ctrl Pts',(-17.2342745973544,-21.9521588012494,9.97579763529196));
#1560=CARTESIAN_POINT('Ctrl Pts',(-17.6257330565581,-21.6069058140799,9.97579763529206));
#1561=CARTESIAN_POINT('Ctrl Pts',(-17.6486814673282,-21.5866660997938,9.97579763529207));
#1562=CARTESIAN_POINT('Ctrl Pts',(-17.6715952994767,-21.5663862606267,9.97579763529207));
#1563=CARTESIAN_POINT('Ctrl Pts',(-17.6944744219272,-21.546066339995,9.97579763529208));
#1564=CARTESIAN_POINT('Ctrl Pts',(-18.0883737925494,-21.1962275747529,9.97579763529218));
#1565=CARTESIAN_POINT('Ctrl Pts',(-18.4719882921649,-20.8345109708794,9.97579763529226));
#1566=CARTESIAN_POINT('Ctrl Pts',(-18.844931250039,-20.4614717320014,9.97579763529231));
#1567=CARTESIAN_POINT('Ctrl Pts',(-19.2144222263045,-20.0918853659144,9.97579763529236));
#1568=CARTESIAN_POINT('Ctrl Pts',(-19.573438515943,-19.7111845420923,9.97579763529238));
#1569=CARTESIAN_POINT('Ctrl Pts',(-19.9215618638638,-19.3198816560156,9.97579763529238));
#1570=CARTESIAN_POINT('Ctrl Pts',(-20.0859356340175,-19.1351197575661,9.97579763529238));
#1571=CARTESIAN_POINT('Ctrl Pts',(-20.2478802388838,-18.9479938197964,9.97579763529238));
#1572=CARTESIAN_POINT('Ctrl Pts',(-20.4073481168805,-18.7585560602062,9.97579763529237));
#1573=CARTESIAN_POINT('Ctrl Pts',(-20.4355236340682,-18.7250853266742,9.97579763529237));
#1574=CARTESIAN_POINT('Ctrl Pts',(-20.4636159528444,-18.6915493967573,9.97579763529237));
#1575=CARTESIAN_POINT('Ctrl Pts',(-20.491623792736,-18.6579499869469,9.97579763529237));
#1576=CARTESIAN_POINT('Ctrl Pts',(-20.826231005719,-18.2565407773101,9.97579763529236));
#1577=CARTESIAN_POINT('Ctrl Pts',(-21.1488363074698,-17.8460117775087,9.97579763529242));
#1578=CARTESIAN_POINT('Ctrl Pts',(-21.4591607099228,-17.4269837729043,9.97579763529252));
#1579=CARTESIAN_POINT('Ctrl Pts',(-21.7716213744597,-17.0050711945079,9.97579763529262));
#1580=CARTESIAN_POINT('Ctrl Pts',(-22.0716317811201,-16.574541796239,9.97579763529276));
#1581=CARTESIAN_POINT('Ctrl Pts',(-22.3588699277981,-16.1359915371079,9.97579763529291));
#1582=CARTESIAN_POINT('Ctrl Pts',(-22.6468237171415,-15.696348647071,9.97579763529306));
#1583=CARTESIAN_POINT('Ctrl Pts',(-22.9219418129715,-15.2486444509164,9.97579763529322));
#1584=CARTESIAN_POINT('Ctrl Pts',(-23.1838580884996,-14.7934478505671,9.97579763529337));
#1585=CARTESIAN_POINT('Ctrl Pts',(-23.444516428787,-14.3404374749721,9.97579763529353));
#1586=CARTESIAN_POINT('Ctrl Pts',(-23.6920996925009,-13.880006042569,9.97579763529367));
#1587=CARTESIAN_POINT('Ctrl Pts',(-23.9262018907111,-13.4126897318135,9.97579763529379));
#1588=CARTESIAN_POINT('Ctrl Pts',(-24.1586816680933,-12.948612107929,9.97579763529392));
#1589=CARTESIAN_POINT('Ctrl Pts',(-24.3778668052701,-12.4777442717988,9.97579763529402));
#1590=CARTESIAN_POINT('Ctrl Pts',(-24.5833117689311,-12.0005936204644,9.9757976352941));
#1591=CARTESIAN_POINT('Ctrl Pts',(-24.7857309086617,-11.5304705147728,9.97579763529418));
#1592=CARTESIAN_POINT('Ctrl Pts',(-24.9748117674547,-11.0542478855669,9.97579763529423));
#1593=CARTESIAN_POINT('Ctrl Pts',(-25.1500790126984,-10.5724000731962,9.97579763529426));
#1594=CARTESIAN_POINT('Ctrl Pts',(-25.2329267498152,-10.3446336081384,9.97579763529427));
#1595=CARTESIAN_POINT('Ctrl Pts',(-25.3126872511135,-10.1156101337203,9.97579763529428));
#1596=CARTESIAN_POINT('Ctrl Pts',(-25.3893062600101,-9.88537927602639,9.97579763529428));
#1597=CARTESIAN_POINT('Ctrl Pts',(-25.4129892430586,-9.81421477548645,9.97579763529428));
#1598=CARTESIAN_POINT('Ctrl Pts',(-25.4363720582881,-9.74293491625374,9.97579763529428));
#1599=CARTESIAN_POINT('Ctrl Pts',(-25.4594543476253,-9.67154163745569,9.97579763529428));
#1600=CARTESIAN_POINT('Ctrl Pts',(-25.4732092783425,-9.62899778102971,9.97579763529428));
#1601=CARTESIAN_POINT('Ctrl Pts',(-25.4868574600586,-9.58641366120914,9.97579763529428));
#1602=CARTESIAN_POINT('Ctrl Pts',(-25.5003945219603,-9.54380343956509,9.97579763529428));
#1603=CARTESIAN_POINT('Ctrl Pts',(-25.6556188873314,-9.05520815492686,9.97579763529429));
#1604=CARTESIAN_POINT('Ctrl Pts',(-25.7963833876279,-8.56273183151955,9.97579763529437));
#1605=CARTESIAN_POINT('Ctrl Pts',(-25.9227824223147,-8.06704884370399,9.97579763529449));
#1606=CARTESIAN_POINT('Ctrl Pts',(-26.0513709186066,-7.56277972330585,9.97579763529461));
#1607=CARTESIAN_POINT('Ctrl Pts',(-26.1650921148403,-7.05519144072843,9.97579763529477));
#1608=CARTESIAN_POINT('Ctrl Pts',(-26.2639957218272,-6.54497292300945,9.97579763529495));
#1609=CARTESIAN_POINT('Ctrl Pts',(-26.3634510961633,-6.0319079780703,9.97579763529512));
#1610=CARTESIAN_POINT('Ctrl Pts',(-26.4479231517791,-5.51618286060782,9.97579763529532));
#1611=CARTESIAN_POINT('Ctrl Pts',(-26.5174111839247,-4.99848423008686,9.9757976352955));
#1612=CARTESIAN_POINT('Ctrl Pts',(-26.5869680570041,-4.4802727219376,9.97579763529568));
#1613=CARTESIAN_POINT('Ctrl Pts',(-26.6415112330541,-3.96008326656894,9.97579763529586));
#1614=CARTESIAN_POINT('Ctrl Pts',(-26.6809881628124,-3.43859847955731,9.97579763529601));
#1615=CARTESIAN_POINT('Ctrl Pts',(-26.7203193005628,-2.91903958482203,9.97579763529616));
#1616=CARTESIAN_POINT('Ctrl Pts',(-26.7446952653234,-2.39819439350087,9.97579763529629));
#1617=CARTESIAN_POINT('Ctrl Pts',(-26.7540125138168,-1.87673970768001,9.9757976352964));
#1618=CARTESIAN_POINT('Ctrl Pts',(-26.7627340663901,-1.38862409498001,9.97579763529649));
#1619=CARTESIAN_POINT('Ctrl Pts',(-26.7582604569826,-0.899974106776143,
9.97579763529657));
#1620=CARTESIAN_POINT('Ctrl Pts',(-26.7404655138497,-0.411352227186448,
9.97579763529662));
#1621=CARTESIAN_POINT('Ctrl Pts',(-26.7337924101748,-0.228119022340311,
9.97579763529664));
#1622=CARTESIAN_POINT('Ctrl Pts',(-26.7252455901932,-0.0448898717413058,
9.97579763529665));
#1623=CARTESIAN_POINT('Ctrl Pts',(-26.7148169419592,0.138305135778067,9.97579763529667));
#1624=CARTESIAN_POINT('Ctrl Pts',(-26.7093846457517,0.233731649573307,9.97579763529667));
#1625=CARTESIAN_POINT('Ctrl Pts',(-26.7034417246072,0.329148894618491,9.97579763529668));
#1626=CARTESIAN_POINT('Ctrl Pts',(-26.6969869459852,0.42455258708191,9.97579763529668));
#1627=CARTESIAN_POINT('Ctrl Pts',(-26.6926296061767,0.488955463059065,9.97579763529669));
#1628=CARTESIAN_POINT('Ctrl Pts',(-26.688039011092,0.553352162658526,9.97579763529669));
#1629=CARTESIAN_POINT('Ctrl Pts',(-26.6832147663531,0.6177413621024,9.97579763529669));
#1630=CARTESIAN_POINT('Ctrl Pts',(-26.6795129862377,0.667149025072951,9.9757976352967));
#1631=CARTESIAN_POINT('Ctrl Pts',(-26.6756734752043,0.716553921594232,9.9757976352967));
#1632=CARTESIAN_POINT('Ctrl Pts',(-26.6716976768579,0.765936237873182,9.9757976352967));
#1633=CARTESIAN_POINT('Ctrl Pts',(-26.6285417755473,1.30196401950108,9.97579763529673));
#1634=CARTESIAN_POINT('Ctrl Pts',(-26.569296759255,1.83583192982978,9.97579763529684));
#1635=CARTESIAN_POINT('Ctrl Pts',(-26.4939796346255,2.36680859388767,9.975797635297));
#1636=CARTESIAN_POINT('Ctrl Pts',(-26.418662509996,2.89778525794556,9.97579763529715));
#1637=CARTESIAN_POINT('Ctrl Pts',(-26.3272732847919,3.42587127809863,9.97579763529734));
#1638=CARTESIAN_POINT('Ctrl Pts',(-26.2197702502381,3.95033570636869,9.97579763529755));
#1639=CARTESIAN_POINT('Ctrl Pts',(-26.1161509859801,4.45585276839686,9.97579763529775));
#1640=CARTESIAN_POINT('Ctrl Pts',(-25.997560902029,4.95800567461592,9.97579763529795));
#1641=CARTESIAN_POINT('Ctrl Pts',(-25.8643590528989,5.45623032926927,9.97579763529815));
#1642=CARTESIAN_POINT('Ctrl Pts',(-25.7300682065962,5.95852823999047,9.97579763529835));
#1643=CARTESIAN_POINT('Ctrl Pts',(-25.5809255288638,6.4568338788494,9.97579763529854));
#1644=CARTESIAN_POINT('Ctrl Pts',(-25.4172482459706,6.95055432054392,9.9757976352987));
#1645=CARTESIAN_POINT('Ctrl Pts',(-25.2537220349652,7.44381906504054,9.97579763529887));
#1646=CARTESIAN_POINT('Ctrl Pts',(-25.0756877946983,7.93250752868868,9.97579763529901));
#1647=CARTESIAN_POINT('Ctrl Pts',(-24.883414691716,8.41600667842214,9.97579763529912));
#1648=CARTESIAN_POINT('Ctrl Pts',(-24.6921860262544,8.89687943556419,9.97579763529922));
#1649=CARTESIAN_POINT('Ctrl Pts',(-24.4868725068215,9.37261953209904,9.9757976352993));
#1650=CARTESIAN_POINT('Ctrl Pts',(-24.2676960720859,9.84259576839883,9.97579763529935));
#1651=CARTESIAN_POINT('Ctrl Pts',(-24.1999340491965,9.98789670150325,9.97579763529937));
#1652=CARTESIAN_POINT('Ctrl Pts',(-24.1308466591419,10.1326464734534,9.97579763529938));
#1653=CARTESIAN_POINT('Ctrl Pts',(-24.0604396845711,10.2768257848141,9.97579763529939));
#1654=CARTESIAN_POINT('Ctrl Pts',(-24.0173180793533,10.3651301521439,9.97579763529939));
#1655=CARTESIAN_POINT('Ctrl Pts',(-23.9737014779822,10.4532205277862,9.9757976352994));
#1656=CARTESIAN_POINT('Ctrl Pts',(-23.9295911437519,10.541092415723,9.97579763529941));
#1657=CARTESIAN_POINT('Ctrl Pts',(-23.9046856252626,10.5907065247044,9.97579763529941));
#1658=CARTESIAN_POINT('Ctrl Pts',(-23.8796212422396,10.6402537821309,9.9757976352994));
#1659=CARTESIAN_POINT('Ctrl Pts',(-23.8544096857954,10.6897110826715,9.97579763529944));
#1660=CARTESIAN_POINT('Ctrl Pts',(-23.6193869414294,11.1507532451292,9.97579763529977));
#1661=CARTESIAN_POINT('Ctrl Pts',(-23.3713844621021,11.6043707863671,9.97579763530253));
#1662=CARTESIAN_POINT('Ctrl Pts',(-23.110776067778,12.0500164751869,9.97579763530686));
#1663=CARTESIAN_POINT('Ctrl Pts',(-22.8487953652652,12.4980088390997,9.97579763531123));
#1664=CARTESIAN_POINT('Ctrl Pts',(-22.5740754256878,12.9379456388074,9.97579763531719));
#1665=CARTESIAN_POINT('Ctrl Pts',(-22.2869471827319,13.3692517282341,9.97579763532388));
#1666=CARTESIAN_POINT('Ctrl Pts',(-22.0002421595543,13.7999220833782,9.97579763533056));
#1667=CARTESIAN_POINT('Ctrl Pts',(-21.7011651272027,14.2219875948868,9.97579763533797));
#1668=CARTESIAN_POINT('Ctrl Pts',(-21.390000619315,14.6348497563862,9.97579763534527));
#1669=CARTESIAN_POINT('Ctrl Pts',(-21.0812468906781,15.044513225531,9.97579763535251));
#1670=CARTESIAN_POINT('Ctrl Pts',(-20.7605919741173,15.4451157963301,9.97579763535964));
#1671=CARTESIAN_POINT('Ctrl Pts',(-20.4282736742141,15.8360410442936,9.97579763536583));
#1672=CARTESIAN_POINT('Ctrl Pts',(-20.3112213508114,15.973736466316,9.97579763536801));
#1673=CARTESIAN_POINT('Ctrl Pts',(-20.1927216561589,16.1102309479016,9.97579763537007));
#1674=CARTESIAN_POINT('Ctrl Pts',(-20.0727838815825,16.2454964626166,9.97579763537199));
#1675=CARTESIAN_POINT('Ctrl Pts',(27.325304972795,-1.00003485633054,11.8978593832275));
#1676=CARTESIAN_POINT('Ctrl Pts',(27.324745577625,2.00191561819312,11.9240876124878));
#1677=CARTESIAN_POINT('Ctrl Pts',(26.8260131171174,5.00403110714282,11.9503158417482));
#1678=CARTESIAN_POINT('Ctrl Pts',(25.8545081590376,7.84421211956119,11.9765440710085));
#1679=CARTESIAN_POINT('Ctrl Pts',(24.8263752619279,10.8499441112796,12.0043011144607));
#1680=CARTESIAN_POINT('Ctrl Pts',(23.2687488165076,13.6743134792991,12.032058157913));
#1681=CARTESIAN_POINT('Ctrl Pts',(21.275010412017,16.1479116238885,12.0598152013652));
#1682=CARTESIAN_POINT('Ctrl Pts',(19.2812720075265,18.6215097684778,12.0875722448175));
#1683=CARTESIAN_POINT('Ctrl Pts',(16.8514216439657,20.7443366896371,12.1153292882697));
#1684=CARTESIAN_POINT('Ctrl Pts',(14.1327165911338,22.3870885940778,12.1430863317219));
#1685=CARTESIAN_POINT('Ctrl Pts',(11.4140115383019,24.0298404985185,12.1708433751742));
#1686=CARTESIAN_POINT('Ctrl Pts',(8.40645179619885,25.1925173862406,12.1986004186264));
#1687=CARTESIAN_POINT('Ctrl Pts',(5.28930363882511,25.8080389515471,12.2263574620786));
#1688=CARTESIAN_POINT('Ctrl Pts',(2.17215548145133,26.4235605168537,12.2541145055308));
#1689=CARTESIAN_POINT('Ctrl Pts',(-1.05458109119313,26.4919267597447,12.2818715489831));
#1690=CARTESIAN_POINT('Ctrl Pts',(-4.19313403127213,26.0035672381824,12.3096285924353));
#1691=CARTESIAN_POINT('Ctrl Pts',(-8.37787128471069,25.3524212094328,12.346637983705));
#1692=CARTESIAN_POINT('Ctrl Pts',(-12.4058376358107,23.711540488322,12.3836473749746));
#1693=CARTESIAN_POINT('Ctrl Pts',(-15.8575673779241,21.2553775220015,12.4206567662443));
#1694=CARTESIAN_POINT('Ctrl Pts',(-17.5834322489808,20.0272960388412,12.4391614618791));
#1695=CARTESIAN_POINT('Ctrl Pts',(-19.1652379677909,18.5953939943786,12.4576661575139));
#1696=CARTESIAN_POINT('Ctrl Pts',(-20.5594023424738,17.0007699431237,12.4761708531487));
#1697=CARTESIAN_POINT('Ctrl Pts',(-22.912054724751,14.3098418566312,12.5073975270325));
#1698=CARTESIAN_POINT('Ctrl Pts',(-24.7303690606658,11.1555374304843,12.5386242009163));
#1699=CARTESIAN_POINT('Ctrl Pts',(-25.8803215694684,7.77139943257886,12.5698508748));
#1700=CARTESIAN_POINT('Ctrl Pts',(-26.2636390724026,6.64335343327705,12.5802597660946));
#1701=CARTESIAN_POINT('Ctrl Pts',(-26.5726941501022,5.48977037044651,12.5906686573892));
#1702=CARTESIAN_POINT('Ctrl Pts',(-26.8039902291615,4.32092552191662,12.6010775486838));
#1703=CARTESIAN_POINT('Ctrl Pts',(-27.7291745453989,-0.354453872202918,
12.6427131138621));
#1704=CARTESIAN_POINT('Ctrl Pts',(-27.4102148833935,-5.27402183751213,12.6843486790405));
#1705=CARTESIAN_POINT('Ctrl Pts',(-25.8793002035088,-9.78406508590106,12.7259842442188));
#1706=CARTESIAN_POINT('Ctrl Pts',(-24.3483855236242,-14.29410833429,12.7676198093972));
#1707=CARTESIAN_POINT('Ctrl Pts',(-21.6055158258603,-18.3946268657587,12.8092553745755));
#1708=CARTESIAN_POINT('Ctrl Pts',(-18.0255528399556,-21.5389183006883,12.8508909397539));
#1709=CARTESIAN_POINT('Ctrl Pts',(-15.3405806005271,-23.8971368768855,12.8821176136377));
#1710=CARTESIAN_POINT('Ctrl Pts',(-12.1847433865194,-25.7174777112795,12.9133442875214));
#1711=CARTESIAN_POINT('Ctrl Pts',(-8.80125004796465,-26.8690386111179,12.9445709614052));
#1712=CARTESIAN_POINT('Ctrl Pts',(-7.67341893511402,-27.2528922443971,12.9549798526998));
#1713=CARTESIAN_POINT('Ctrl Pts',(-6.52029269731376,-27.5624369960591,12.9653887439943));
#1714=CARTESIAN_POINT('Ctrl Pts',(-5.35197897301802,-27.795779263794,12.9757976352889));
#1715=CARTESIAN_POINT('Origin',(-0.000173344838927392,-0.999999717040936,
12.9757976352889));
#1716=CARTESIAN_POINT('Origin',(-0.000173344838925931,-0.999999717040936,
12.9757976352889));
#1717=CARTESIAN_POINT('Origin',(-0.000173344838925931,-0.999999717040936,
10.9757976352889));
#1718=CARTESIAN_POINT('Origin',(-0.000173344838927392,-0.999999717040936,
9.97579763528892));
#1719=UNCERTAINTY_MEASURE_WITH_UNIT(LENGTH_MEASURE(0.01),#1723,
'DISTANCE_ACCURACY_VALUE',
'Maximum model space distance between geometric entities at asserted c
onnectivities');
#1720=UNCERTAINTY_MEASURE_WITH_UNIT(LENGTH_MEASURE(0.01),#1723,
'DISTANCE_ACCURACY_VALUE',
'Maximum model space distance between geometric entities at asserted c
onnectivities');
#1721=(
GEOMETRIC_REPRESENTATION_CONTEXT(3)
GLOBAL_UNCERTAINTY_ASSIGNED_CONTEXT((#1719))
GLOBAL_UNIT_ASSIGNED_CONTEXT((#1723,#1725,#1726))
REPRESENTATION_CONTEXT('','3D')
);
#1722=(
GEOMETRIC_REPRESENTATION_CONTEXT(3)
GLOBAL_UNCERTAINTY_ASSIGNED_CONTEXT((#1720))
GLOBAL_UNIT_ASSIGNED_CONTEXT((#1723,#1725,#1726))
REPRESENTATION_CONTEXT('','3D')
);
#1723=(
LENGTH_UNIT()
NAMED_UNIT(*)
SI_UNIT(.MILLI.,.METRE.)
);
#1724=(
LENGTH_UNIT()
NAMED_UNIT(*)
SI_UNIT($,.METRE.)
);
#1725=(
NAMED_UNIT(*)
PLANE_ANGLE_UNIT()
SI_UNIT($,.RADIAN.)
);
#1726=(
NAMED_UNIT(*)
SI_UNIT($,.STERADIAN.)
SOLID_ANGLE_UNIT()
);
#1727=SHAPE_DEFINITION_REPRESENTATION(#1728,#1729);
#1728=PRODUCT_DEFINITION_SHAPE('',$,#1731);
#1729=SHAPE_REPRESENTATION('',(#184),#1721);
#1730=PRODUCT_DEFINITION_CONTEXT('part definition',#1735,'design');
#1731=PRODUCT_DEFINITION('\X2\5E9576D6\X0\','\X2\5E9576D6\X0\',#1732,#1730);
#1732=PRODUCT_DEFINITION_FORMATION('',$,#1737);
#1733=PRODUCT_RELATED_PRODUCT_CATEGORY('\X2\5E9576D6\X0\','\X2\5E9576D6\X0\',
(#1737));
#1734=APPLICATION_PROTOCOL_DEFINITION('international standard',
'automotive_design',2009,#1735);
#1735=APPLICATION_CONTEXT(
'Core Data for Automotive Mechanical Design Process');
#1736=PRODUCT_CONTEXT('part definition',#1735,'mechanical');
#1737=PRODUCT('\X2\5E9576D6\X0\','\X2\5E9576D6\X0\',$,(#1736));
#1738=PRESENTATION_STYLE_ASSIGNMENT((#1739));
#1739=SURFACE_STYLE_USAGE(.BOTH.,#1740);
#1740=SURFACE_SIDE_STYLE('',(#1741));
#1741=SURFACE_STYLE_FILL_AREA(#1742);
#1742=FILL_AREA_STYLE('\X2\94A2\X0\ - \X2\7F0E5149\X0\',(#1743));
#1743=FILL_AREA_STYLE_COLOUR('\X2\94A2\X0\ - \X2\7F0E5149\X0\',#1744);
#1744=COLOUR_RGB('\X2\94A2\X0\ - \X2\7F0E5149\X0\',0.627450980392157,0.627450980392157,
0.627450980392157);
ENDSEC;
END-ISO-10303-21;
