ISO-10303-21;
HEADER;
/* Generated by software containing ST-Developer
 * from STEP Tools, Inc. (www.steptools.com) 
 */

FILE_DESCRIPTION(
/* description */ (''),
/* implementation_level */ '2;1');

FILE_NAME(
/* name */ '',
/* time_stamp */ '2025-12-10T09:45:50+08:00',
/* author */ (''),
/* organization */ (''),
/* preprocessor_version */ 'ST-DEVELOPER v20.1',
/* originating_system */ 'Autodesk Translation Framework v14.21.0.0',
/* authorisation */ '');

FILE_SCHEMA (('AUTOMOTIVE_DESIGN { 1 0 10303 214 3 1 1 }'));
ENDSEC;

DATA;
#10=MECHANICAL_DESIGN_GEOMETRIC_PRESENTATION_REPRESENTATION('',(#13),#4507);
#11=SHAPE_REPRESENTATION_RELATIONSHIP('SRR','None',#4514,#12);
#12=ADVANCED_BREP_SHAPE_REPRESENTATION('',(#14),#4506);
#13=STYLED_ITEM('',(#4523),#14);
#14=MANIFOLD_SOLID_BREP('\X2\5B9E4F53\X0\1',#1961);
#15=B_SPLINE_SURFACE_WITH_KNOTS('',3,3,((#3445,#3446,#3447,#3448,#3449,
#3450,#3451,#3452,#3453,#3454,#3455,#3456,#3457,#3458,#3459,#3460,#3461,
#3462,#3463,#3464,#3465,#3466,#3467,#3468,#3469,#3470,#3471,#3472,#3473,
#3474,#3475,#3476,#3477),(#3478,#3479,#3480,#3481,#3482,#3483,#3484,#3485,
#3486,#3487,#3488,#3489,#3490,#3491,#3492,#3493,#3494,#3495,#3496,#3497,
#3498,#3499,#3500,#3501,#3502,#3503,#3504,#3505,#3506,#3507,#3508,#3509,
#3510),(#3511,#3512,#3513,#3514,#3515,#3516,#3517,#3518,#3519,#3520,#3521,
#3522,#3523,#3524,#3525,#3526,#3527,#3528,#3529,#3530,#3531,#3532,#3533,
#3534,#3535,#3536,#3537,#3538,#3539,#3540,#3541,#3542,#3543),(#3544,#3545,
#3546,#3547,#3548,#3549,#3550,#3551,#3552,#3553,#3554,#3555,#3556,#3557,
#3558,#3559,#3560,#3561,#3562,#3563,#3564,#3565,#3566,#3567,#3568,#3569,
#3570,#3571,#3572,#3573,#3574,#3575,#3576)),.UNSPECIFIED.,.F.,.F.,.F.,(4,
4),(4,1,1,1,1,1,1,1,1,1,1,1,1,1,1,1,1,1,1,1,1,1,1,1,1,1,1,1,1,1,4),(0.,
0.0994774513813725),(8.29296715748723,8.78129454028977,9.26962192309231,
9.75794930589485,10.2462766886974,10.7346040714999,11.2229314543025,11.711258837105,
12.1995862199075,12.6879136027101,13.1762409855126,13.6645683683152,14.1528957511177,
14.6412231339203,15.1295505167228,15.6178778995253,16.1062052823279,16.5945326651304,
17.082860047933,17.5711874307355,18.059514813538,18.5478421963406,19.0361695791431,
19.5244969619457,20.0128243447482,20.5011517275507,20.9894791103533,21.4778064931558,
21.9661338759584,22.4544612587609,22.9427886415634),.UNSPECIFIED.);
#16=B_SPLINE_SURFACE_WITH_KNOTS('',3,3,((#3806,#3807,#3808,#3809,#3810,
#3811,#3812,#3813,#3814,#3815,#3816,#3817,#3818,#3819,#3820,#3821,#3822,
#3823,#3824,#3825,#3826,#3827,#3828,#3829,#3830,#3831,#3832,#3833,#3834,
#3835,#3836,#3837,#3838),(#3839,#3840,#3841,#3842,#3843,#3844,#3845,#3846,
#3847,#3848,#3849,#3850,#3851,#3852,#3853,#3854,#3855,#3856,#3857,#3858,
#3859,#3860,#3861,#3862,#3863,#3864,#3865,#3866,#3867,#3868,#3869,#3870,
#3871),(#3872,#3873,#3874,#3875,#3876,#3877,#3878,#3879,#3880,#3881,#3882,
#3883,#3884,#3885,#3886,#3887,#3888,#3889,#3890,#3891,#3892,#3893,#3894,
#3895,#3896,#3897,#3898,#3899,#3900,#3901,#3902,#3903,#3904),(#3905,#3906,
#3907,#3908,#3909,#3910,#3911,#3912,#3913,#3914,#3915,#3916,#3917,#3918,
#3919,#3920,#3921,#3922,#3923,#3924,#3925,#3926,#3927,#3928,#3929,#3930,
#3931,#3932,#3933,#3934,#3935,#3936,#3937)),.UNSPECIFIED.,.F.,.F.,.F.,(4,
4),(4,1,1,1,1,1,1,1,1,1,1,1,1,1,1,1,1,1,1,1,1,1,1,1,1,1,1,1,1,1,4),(0.,
0.0994774513813724),(11.6147305479243,12.1030579307268,12.5913853135294,
13.0797126963319,13.5680400791344,14.056367461937,14.5446948447395,15.0330222275421,
15.5213496103446,16.0096769931471,16.4980043759497,16.9863317587522,17.4746591415548,
17.9629865243573,18.4513139071598,18.9396412899624,19.4279686727649,19.9162960555675,
20.40462343837,20.8929508211725,21.3812782039751,21.8696055867776,22.3579329695802,
22.8462603523827,23.3345877351852,23.8229151179878,24.3112425007903,24.7995698835929,
25.2878972663954,25.7762246491979,26.2645520320005),.UNSPECIFIED.);
#17=PLANE('',#1994);
#18=PLANE('',#1998);
#19=PLANE('',#2055);
#20=PLANE('',#2058);
#21=PLANE('',#2060);
#22=PLANE('',#2061);
#23=PLANE('',#2063);
#24=PLANE('',#2064);
#25=PLANE('',#2066);
#26=PLANE('',#2069);
#27=PLANE('',#2071);
#28=PLANE('',#2190);
#29=PLANE('',#2191);
#30=PLANE('',#2201);
#31=PLANE('',#2202);
#32=PLANE('',#2208);
#33=PLANE('',#2209);
#34=PLANE('',#2215);
#35=PLANE('',#2216);
#36=PLANE('',#2218);
#37=FACE_BOUND('',#268,.T.);
#38=FACE_BOUND('',#269,.T.);
#39=FACE_BOUND('',#271,.T.);
#40=FACE_BOUND('',#274,.T.);
#41=FACE_BOUND('',#275,.T.);
#42=FACE_BOUND('',#276,.T.);
#43=FACE_BOUND('',#277,.T.);
#44=FACE_BOUND('',#278,.T.);
#45=FACE_BOUND('',#279,.T.);
#46=FACE_BOUND('',#280,.T.);
#47=FACE_BOUND('',#281,.T.);
#48=FACE_BOUND('',#282,.T.);
#49=FACE_BOUND('',#283,.T.);
#50=FACE_BOUND('',#284,.T.);
#51=FACE_BOUND('',#285,.T.);
#52=FACE_BOUND('',#286,.T.);
#53=FACE_BOUND('',#287,.T.);
#54=FACE_BOUND('',#288,.T.);
#55=FACE_BOUND('',#289,.T.);
#56=FACE_BOUND('',#290,.T.);
#57=FACE_BOUND('',#291,.T.);
#58=FACE_BOUND('',#292,.T.);
#59=FACE_BOUND('',#293,.T.);
#60=FACE_BOUND('',#294,.T.);
#61=FACE_BOUND('',#295,.T.);
#62=FACE_BOUND('',#296,.T.);
#63=FACE_BOUND('',#297,.T.);
#64=FACE_BOUND('',#298,.T.);
#65=FACE_BOUND('',#299,.T.);
#66=FACE_BOUND('',#300,.T.);
#67=FACE_BOUND('',#301,.T.);
#68=FACE_BOUND('',#302,.T.);
#69=FACE_BOUND('',#303,.T.);
#70=FACE_BOUND('',#304,.T.);
#71=FACE_BOUND('',#305,.T.);
#72=FACE_BOUND('',#306,.T.);
#73=FACE_BOUND('',#307,.T.);
#74=FACE_BOUND('',#308,.T.);
#75=FACE_BOUND('',#309,.T.);
#76=FACE_BOUND('',#310,.T.);
#77=FACE_BOUND('',#311,.T.);
#78=FACE_BOUND('',#312,.T.);
#79=FACE_BOUND('',#313,.T.);
#80=FACE_BOUND('',#314,.T.);
#81=FACE_BOUND('',#315,.T.);
#82=FACE_BOUND('',#316,.T.);
#83=FACE_BOUND('',#317,.T.);
#84=FACE_BOUND('',#318,.T.);
#85=FACE_BOUND('',#319,.T.);
#86=FACE_BOUND('',#320,.T.);
#87=FACE_BOUND('',#321,.T.);
#88=FACE_BOUND('',#322,.T.);
#89=FACE_BOUND('',#323,.T.);
#90=FACE_BOUND('',#324,.T.);
#91=FACE_BOUND('',#325,.T.);
#92=FACE_BOUND('',#326,.T.);
#93=FACE_BOUND('',#327,.T.);
#94=FACE_BOUND('',#328,.T.);
#95=FACE_BOUND('',#333,.T.);
#96=FACE_BOUND('',#405,.T.);
#97=FACE_BOUND('',#407,.T.);
#98=FACE_BOUND('',#408,.T.);
#99=FACE_BOUND('',#409,.T.);
#100=FACE_BOUND('',#410,.T.);
#101=FACE_BOUND('',#411,.T.);
#102=FACE_BOUND('',#412,.T.);
#103=FACE_BOUND('',#413,.T.);
#104=FACE_BOUND('',#414,.T.);
#105=FACE_BOUND('',#415,.T.);
#106=FACE_BOUND('',#416,.T.);
#107=FACE_BOUND('',#417,.T.);
#108=FACE_BOUND('',#418,.T.);
#109=FACE_BOUND('',#419,.T.);
#110=FACE_BOUND('',#420,.T.);
#111=FACE_BOUND('',#421,.T.);
#112=FACE_BOUND('',#422,.T.);
#113=FACE_BOUND('',#423,.T.);
#114=FACE_BOUND('',#424,.T.);
#115=FACE_BOUND('',#425,.T.);
#116=FACE_BOUND('',#426,.T.);
#117=FACE_BOUND('',#427,.T.);
#118=FACE_BOUND('',#428,.T.);
#119=FACE_BOUND('',#429,.T.);
#120=FACE_BOUND('',#430,.T.);
#121=FACE_BOUND('',#431,.T.);
#122=FACE_BOUND('',#432,.T.);
#123=FACE_BOUND('',#433,.T.);
#124=FACE_BOUND('',#434,.T.);
#125=FACE_BOUND('',#435,.T.);
#126=FACE_BOUND('',#436,.T.);
#127=FACE_BOUND('',#437,.T.);
#128=FACE_BOUND('',#438,.T.);
#129=FACE_BOUND('',#439,.T.);
#130=FACE_BOUND('',#440,.T.);
#131=FACE_BOUND('',#441,.T.);
#132=FACE_BOUND('',#442,.T.);
#133=FACE_BOUND('',#443,.T.);
#134=FACE_BOUND('',#444,.T.);
#135=FACE_BOUND('',#445,.T.);
#136=FACE_BOUND('',#446,.T.);
#137=FACE_BOUND('',#447,.T.);
#138=FACE_BOUND('',#448,.T.);
#139=FACE_BOUND('',#449,.T.);
#140=FACE_BOUND('',#450,.T.);
#141=FACE_BOUND('',#451,.T.);
#142=FACE_BOUND('',#452,.T.);
#143=FACE_BOUND('',#453,.T.);
#144=FACE_BOUND('',#454,.T.);
#145=FACE_BOUND('',#455,.T.);
#146=FACE_BOUND('',#456,.T.);
#147=FACE_BOUND('',#457,.T.);
#148=FACE_BOUND('',#458,.T.);
#149=FACE_BOUND('',#459,.T.);
#150=FACE_BOUND('',#460,.T.);
#151=FACE_BOUND('',#461,.T.);
#152=FACE_BOUND('',#462,.T.);
#153=FACE_BOUND('',#463,.T.);
#154=FACE_BOUND('',#464,.T.);
#155=FACE_BOUND('',#465,.T.);
#156=FACE_BOUND('',#469,.T.);
#157=FACE_BOUND('',#474,.T.);
#158=FACE_BOUND('',#479,.T.);
#159=FACE_BOUND('',#482,.T.);
#160=FACE_BOUND('',#483,.T.);
#161=TOROIDAL_SURFACE('',#1983,27.5,1.);
#162=TOROIDAL_SURFACE('',#1995,27.5,1.);
#163=FACE_OUTER_BOUND('',#262,.T.);
#164=FACE_OUTER_BOUND('',#263,.T.);
#165=FACE_OUTER_BOUND('',#264,.T.);
#166=FACE_OUTER_BOUND('',#265,.T.);
#167=FACE_OUTER_BOUND('',#266,.T.);
#168=FACE_OUTER_BOUND('',#267,.T.);
#169=FACE_OUTER_BOUND('',#270,.T.);
#170=FACE_OUTER_BOUND('',#272,.T.);
#171=FACE_OUTER_BOUND('',#273,.T.);
#172=FACE_OUTER_BOUND('',#329,.T.);
#173=FACE_OUTER_BOUND('',#330,.T.);
#174=FACE_OUTER_BOUND('',#331,.T.);
#175=FACE_OUTER_BOUND('',#332,.T.);
#176=FACE_OUTER_BOUND('',#334,.T.);
#177=FACE_OUTER_BOUND('',#335,.T.);
#178=FACE_OUTER_BOUND('',#336,.T.);
#179=FACE_OUTER_BOUND('',#337,.T.);
#180=FACE_OUTER_BOUND('',#338,.T.);
#181=FACE_OUTER_BOUND('',#339,.T.);
#182=FACE_OUTER_BOUND('',#340,.T.);
#183=FACE_OUTER_BOUND('',#341,.T.);
#184=FACE_OUTER_BOUND('',#342,.T.);
#185=FACE_OUTER_BOUND('',#343,.T.);
#186=FACE_OUTER_BOUND('',#344,.T.);
#187=FACE_OUTER_BOUND('',#345,.T.);
#188=FACE_OUTER_BOUND('',#346,.T.);
#189=FACE_OUTER_BOUND('',#347,.T.);
#190=FACE_OUTER_BOUND('',#348,.T.);
#191=FACE_OUTER_BOUND('',#349,.T.);
#192=FACE_OUTER_BOUND('',#350,.T.);
#193=FACE_OUTER_BOUND('',#351,.T.);
#194=FACE_OUTER_BOUND('',#352,.T.);
#195=FACE_OUTER_BOUND('',#353,.T.);
#196=FACE_OUTER_BOUND('',#354,.T.);
#197=FACE_OUTER_BOUND('',#355,.T.);
#198=FACE_OUTER_BOUND('',#356,.T.);
#199=FACE_OUTER_BOUND('',#357,.T.);
#200=FACE_OUTER_BOUND('',#358,.T.);
#201=FACE_OUTER_BOUND('',#359,.T.);
#202=FACE_OUTER_BOUND('',#360,.T.);
#203=FACE_OUTER_BOUND('',#361,.T.);
#204=FACE_OUTER_BOUND('',#362,.T.);
#205=FACE_OUTER_BOUND('',#363,.T.);
#206=FACE_OUTER_BOUND('',#364,.T.);
#207=FACE_OUTER_BOUND('',#365,.T.);
#208=FACE_OUTER_BOUND('',#366,.T.);
#209=FACE_OUTER_BOUND('',#367,.T.);
#210=FACE_OUTER_BOUND('',#368,.T.);
#211=FACE_OUTER_BOUND('',#369,.T.);
#212=FACE_OUTER_BOUND('',#370,.T.);
#213=FACE_OUTER_BOUND('',#371,.T.);
#214=FACE_OUTER_BOUND('',#372,.T.);
#215=FACE_OUTER_BOUND('',#373,.T.);
#216=FACE_OUTER_BOUND('',#374,.T.);
#217=FACE_OUTER_BOUND('',#375,.T.);
#218=FACE_OUTER_BOUND('',#376,.T.);
#219=FACE_OUTER_BOUND('',#377,.T.);
#220=FACE_OUTER_BOUND('',#378,.T.);
#221=FACE_OUTER_BOUND('',#379,.T.);
#222=FACE_OUTER_BOUND('',#380,.T.);
#223=FACE_OUTER_BOUND('',#381,.T.);
#224=FACE_OUTER_BOUND('',#382,.T.);
#225=FACE_OUTER_BOUND('',#383,.T.);
#226=FACE_OUTER_BOUND('',#384,.T.);
#227=FACE_OUTER_BOUND('',#385,.T.);
#228=FACE_OUTER_BOUND('',#386,.T.);
#229=FACE_OUTER_BOUND('',#387,.T.);
#230=FACE_OUTER_BOUND('',#388,.T.);
#231=FACE_OUTER_BOUND('',#389,.T.);
#232=FACE_OUTER_BOUND('',#390,.T.);
#233=FACE_OUTER_BOUND('',#391,.T.);
#234=FACE_OUTER_BOUND('',#392,.T.);
#235=FACE_OUTER_BOUND('',#393,.T.);
#236=FACE_OUTER_BOUND('',#394,.T.);
#237=FACE_OUTER_BOUND('',#395,.T.);
#238=FACE_OUTER_BOUND('',#396,.T.);
#239=FACE_OUTER_BOUND('',#397,.T.);
#240=FACE_OUTER_BOUND('',#398,.T.);
#241=FACE_OUTER_BOUND('',#399,.T.);
#242=FACE_OUTER_BOUND('',#400,.T.);
#243=FACE_OUTER_BOUND('',#401,.T.);
#244=FACE_OUTER_BOUND('',#402,.T.);
#245=FACE_OUTER_BOUND('',#403,.T.);
#246=FACE_OUTER_BOUND('',#404,.T.);
#247=FACE_OUTER_BOUND('',#406,.T.);
#248=FACE_OUTER_BOUND('',#466,.T.);
#249=FACE_OUTER_BOUND('',#467,.T.);
#250=FACE_OUTER_BOUND('',#468,.T.);
#251=FACE_OUTER_BOUND('',#470,.T.);
#252=FACE_OUTER_BOUND('',#471,.T.);
#253=FACE_OUTER_BOUND('',#472,.T.);
#254=FACE_OUTER_BOUND('',#473,.T.);
#255=FACE_OUTER_BOUND('',#475,.T.);
#256=FACE_OUTER_BOUND('',#476,.T.);
#257=FACE_OUTER_BOUND('',#477,.T.);
#258=FACE_OUTER_BOUND('',#478,.T.);
#259=FACE_OUTER_BOUND('',#480,.T.);
#260=FACE_OUTER_BOUND('',#481,.T.);
#261=FACE_OUTER_BOUND('',#484,.T.);
#262=EDGE_LOOP('',(#1267,#1268,#1269,#1270));
#263=EDGE_LOOP('',(#1271,#1272,#1273,#1274));
#264=EDGE_LOOP('',(#1275,#1276,#1277,#1278));
#265=EDGE_LOOP('',(#1279,#1280,#1281,#1282));
#266=EDGE_LOOP('',(#1283,#1284,#1285,#1286,#1287));
#267=EDGE_LOOP('',(#1288,#1289,#1290,#1291,#1292));
#268=EDGE_LOOP('',(#1293,#1294,#1295,#1296));
#269=EDGE_LOOP('',(#1297,#1298,#1299,#1300,#1301,#1302,#1303,#1304));
#270=EDGE_LOOP('',(#1305));
#271=EDGE_LOOP('',(#1306,#1307,#1308,#1309));
#272=EDGE_LOOP('',(#1310,#1311,#1312,#1313));
#273=EDGE_LOOP('',(#1314));
#274=EDGE_LOOP('',(#1315));
#275=EDGE_LOOP('',(#1316));
#276=EDGE_LOOP('',(#1317));
#277=EDGE_LOOP('',(#1318));
#278=EDGE_LOOP('',(#1319));
#279=EDGE_LOOP('',(#1320));
#280=EDGE_LOOP('',(#1321));
#281=EDGE_LOOP('',(#1322));
#282=EDGE_LOOP('',(#1323));
#283=EDGE_LOOP('',(#1324));
#284=EDGE_LOOP('',(#1325));
#285=EDGE_LOOP('',(#1326));
#286=EDGE_LOOP('',(#1327));
#287=EDGE_LOOP('',(#1328));
#288=EDGE_LOOP('',(#1329));
#289=EDGE_LOOP('',(#1330));
#290=EDGE_LOOP('',(#1331));
#291=EDGE_LOOP('',(#1332));
#292=EDGE_LOOP('',(#1333));
#293=EDGE_LOOP('',(#1334));
#294=EDGE_LOOP('',(#1335));
#295=EDGE_LOOP('',(#1336));
#296=EDGE_LOOP('',(#1337));
#297=EDGE_LOOP('',(#1338));
#298=EDGE_LOOP('',(#1339));
#299=EDGE_LOOP('',(#1340));
#300=EDGE_LOOP('',(#1341));
#301=EDGE_LOOP('',(#1342));
#302=EDGE_LOOP('',(#1343));
#303=EDGE_LOOP('',(#1344));
#304=EDGE_LOOP('',(#1345));
#305=EDGE_LOOP('',(#1346));
#306=EDGE_LOOP('',(#1347));
#307=EDGE_LOOP('',(#1348));
#308=EDGE_LOOP('',(#1349));
#309=EDGE_LOOP('',(#1350));
#310=EDGE_LOOP('',(#1351));
#311=EDGE_LOOP('',(#1352));
#312=EDGE_LOOP('',(#1353));
#313=EDGE_LOOP('',(#1354));
#314=EDGE_LOOP('',(#1355));
#315=EDGE_LOOP('',(#1356));
#316=EDGE_LOOP('',(#1357));
#317=EDGE_LOOP('',(#1358));
#318=EDGE_LOOP('',(#1359));
#319=EDGE_LOOP('',(#1360));
#320=EDGE_LOOP('',(#1361));
#321=EDGE_LOOP('',(#1362));
#322=EDGE_LOOP('',(#1363));
#323=EDGE_LOOP('',(#1364));
#324=EDGE_LOOP('',(#1365));
#325=EDGE_LOOP('',(#1366));
#326=EDGE_LOOP('',(#1367));
#327=EDGE_LOOP('',(#1368));
#328=EDGE_LOOP('',(#1369));
#329=EDGE_LOOP('',(#1370,#1371,#1372,#1373,#1374,#1375,#1376,#1377));
#330=EDGE_LOOP('',(#1378,#1379,#1380,#1381));
#331=EDGE_LOOP('',(#1382,#1383,#1384,#1385,#1386,#1387,#1388,#1389));
#332=EDGE_LOOP('',(#1390,#1391,#1392,#1393));
#333=EDGE_LOOP('',(#1394));
#334=EDGE_LOOP('',(#1395,#1396,#1397,#1398));
#335=EDGE_LOOP('',(#1399,#1400,#1401,#1402));
#336=EDGE_LOOP('',(#1403,#1404,#1405,#1406));
#337=EDGE_LOOP('',(#1407,#1408,#1409,#1410));
#338=EDGE_LOOP('',(#1411,#1412,#1413,#1414));
#339=EDGE_LOOP('',(#1415,#1416,#1417,#1418));
#340=EDGE_LOOP('',(#1419,#1420,#1421,#1422));
#341=EDGE_LOOP('',(#1423,#1424,#1425,#1426));
#342=EDGE_LOOP('',(#1427,#1428,#1429,#1430));
#343=EDGE_LOOP('',(#1431,#1432,#1433,#1434));
#344=EDGE_LOOP('',(#1435,#1436,#1437,#1438));
#345=EDGE_LOOP('',(#1439,#1440,#1441,#1442));
#346=EDGE_LOOP('',(#1443,#1444,#1445,#1446));
#347=EDGE_LOOP('',(#1447,#1448,#1449,#1450));
#348=EDGE_LOOP('',(#1451,#1452,#1453,#1454));
#349=EDGE_LOOP('',(#1455,#1456,#1457,#1458));
#350=EDGE_LOOP('',(#1459,#1460,#1461,#1462));
#351=EDGE_LOOP('',(#1463,#1464,#1465,#1466));
#352=EDGE_LOOP('',(#1467,#1468,#1469,#1470));
#353=EDGE_LOOP('',(#1471,#1472,#1473,#1474));
#354=EDGE_LOOP('',(#1475,#1476,#1477,#1478));
#355=EDGE_LOOP('',(#1479,#1480,#1481,#1482));
#356=EDGE_LOOP('',(#1483,#1484,#1485,#1486));
#357=EDGE_LOOP('',(#1487,#1488,#1489,#1490));
#358=EDGE_LOOP('',(#1491,#1492,#1493,#1494));
#359=EDGE_LOOP('',(#1495,#1496,#1497,#1498));
#360=EDGE_LOOP('',(#1499,#1500,#1501,#1502));
#361=EDGE_LOOP('',(#1503,#1504,#1505,#1506));
#362=EDGE_LOOP('',(#1507,#1508,#1509,#1510));
#363=EDGE_LOOP('',(#1511,#1512,#1513,#1514));
#364=EDGE_LOOP('',(#1515,#1516,#1517,#1518));
#365=EDGE_LOOP('',(#1519,#1520,#1521,#1522));
#366=EDGE_LOOP('',(#1523,#1524,#1525,#1526));
#367=EDGE_LOOP('',(#1527,#1528,#1529,#1530));
#368=EDGE_LOOP('',(#1531,#1532,#1533,#1534));
#369=EDGE_LOOP('',(#1535,#1536,#1537,#1538));
#370=EDGE_LOOP('',(#1539,#1540,#1541,#1542));
#371=EDGE_LOOP('',(#1543,#1544,#1545,#1546));
#372=EDGE_LOOP('',(#1547,#1548,#1549,#1550));
#373=EDGE_LOOP('',(#1551,#1552,#1553,#1554));
#374=EDGE_LOOP('',(#1555,#1556,#1557,#1558));
#375=EDGE_LOOP('',(#1559,#1560,#1561,#1562));
#376=EDGE_LOOP('',(#1563,#1564,#1565,#1566));
#377=EDGE_LOOP('',(#1567,#1568,#1569,#1570));
#378=EDGE_LOOP('',(#1571,#1572,#1573,#1574));
#379=EDGE_LOOP('',(#1575,#1576,#1577,#1578));
#380=EDGE_LOOP('',(#1579,#1580,#1581,#1582));
#381=EDGE_LOOP('',(#1583,#1584,#1585,#1586));
#382=EDGE_LOOP('',(#1587,#1588,#1589,#1590));
#383=EDGE_LOOP('',(#1591,#1592,#1593,#1594));
#384=EDGE_LOOP('',(#1595,#1596,#1597,#1598));
#385=EDGE_LOOP('',(#1599,#1600,#1601,#1602));
#386=EDGE_LOOP('',(#1603,#1604,#1605,#1606));
#387=EDGE_LOOP('',(#1607,#1608,#1609,#1610));
#388=EDGE_LOOP('',(#1611,#1612,#1613,#1614));
#389=EDGE_LOOP('',(#1615,#1616,#1617,#1618));
#390=EDGE_LOOP('',(#1619,#1620,#1621,#1622));
#391=EDGE_LOOP('',(#1623,#1624,#1625,#1626));
#392=EDGE_LOOP('',(#1627,#1628,#1629,#1630));
#393=EDGE_LOOP('',(#1631,#1632,#1633,#1634));
#394=EDGE_LOOP('',(#1635,#1636,#1637,#1638));
#395=EDGE_LOOP('',(#1639,#1640,#1641,#1642));
#396=EDGE_LOOP('',(#1643,#1644,#1645,#1646));
#397=EDGE_LOOP('',(#1647,#1648,#1649,#1650));
#398=EDGE_LOOP('',(#1651,#1652,#1653,#1654));
#399=EDGE_LOOP('',(#1655,#1656,#1657,#1658));
#400=EDGE_LOOP('',(#1659,#1660,#1661,#1662));
#401=EDGE_LOOP('',(#1663,#1664,#1665,#1666));
#402=EDGE_LOOP('',(#1667,#1668,#1669,#1670));
#403=EDGE_LOOP('',(#1671,#1672,#1673,#1674));
#404=EDGE_LOOP('',(#1675));
#405=EDGE_LOOP('',(#1676));
#406=EDGE_LOOP('',(#1677));
#407=EDGE_LOOP('',(#1678));
#408=EDGE_LOOP('',(#1679));
#409=EDGE_LOOP('',(#1680));
#410=EDGE_LOOP('',(#1681));
#411=EDGE_LOOP('',(#1682));
#412=EDGE_LOOP('',(#1683));
#413=EDGE_LOOP('',(#1684));
#414=EDGE_LOOP('',(#1685));
#415=EDGE_LOOP('',(#1686));
#416=EDGE_LOOP('',(#1687));
#417=EDGE_LOOP('',(#1688));
#418=EDGE_LOOP('',(#1689));
#419=EDGE_LOOP('',(#1690));
#420=EDGE_LOOP('',(#1691));
#421=EDGE_LOOP('',(#1692));
#422=EDGE_LOOP('',(#1693));
#423=EDGE_LOOP('',(#1694));
#424=EDGE_LOOP('',(#1695));
#425=EDGE_LOOP('',(#1696));
#426=EDGE_LOOP('',(#1697));
#427=EDGE_LOOP('',(#1698));
#428=EDGE_LOOP('',(#1699));
#429=EDGE_LOOP('',(#1700));
#430=EDGE_LOOP('',(#1701));
#431=EDGE_LOOP('',(#1702));
#432=EDGE_LOOP('',(#1703));
#433=EDGE_LOOP('',(#1704));
#434=EDGE_LOOP('',(#1705));
#435=EDGE_LOOP('',(#1706));
#436=EDGE_LOOP('',(#1707));
#437=EDGE_LOOP('',(#1708));
#438=EDGE_LOOP('',(#1709));
#439=EDGE_LOOP('',(#1710));
#440=EDGE_LOOP('',(#1711));
#441=EDGE_LOOP('',(#1712));
#442=EDGE_LOOP('',(#1713));
#443=EDGE_LOOP('',(#1714));
#444=EDGE_LOOP('',(#1715));
#445=EDGE_LOOP('',(#1716));
#446=EDGE_LOOP('',(#1717));
#447=EDGE_LOOP('',(#1718));
#448=EDGE_LOOP('',(#1719));
#449=EDGE_LOOP('',(#1720));
#450=EDGE_LOOP('',(#1721));
#451=EDGE_LOOP('',(#1722));
#452=EDGE_LOOP('',(#1723));
#453=EDGE_LOOP('',(#1724));
#454=EDGE_LOOP('',(#1725));
#455=EDGE_LOOP('',(#1726));
#456=EDGE_LOOP('',(#1727));
#457=EDGE_LOOP('',(#1728));
#458=EDGE_LOOP('',(#1729));
#459=EDGE_LOOP('',(#1730));
#460=EDGE_LOOP('',(#1731));
#461=EDGE_LOOP('',(#1732));
#462=EDGE_LOOP('',(#1733));
#463=EDGE_LOOP('',(#1734));
#464=EDGE_LOOP('',(#1735));
#465=EDGE_LOOP('',(#1736));
#466=EDGE_LOOP('',(#1737,#1738,#1739,#1740));
#467=EDGE_LOOP('',(#1741,#1742,#1743,#1744));
#468=EDGE_LOOP('',(#1745));
#469=EDGE_LOOP('',(#1746));
#470=EDGE_LOOP('',(#1747));
#471=EDGE_LOOP('',(#1748,#1749,#1750,#1751));
#472=EDGE_LOOP('',(#1752,#1753,#1754,#1755));
#473=EDGE_LOOP('',(#1756));
#474=EDGE_LOOP('',(#1757));
#475=EDGE_LOOP('',(#1758));
#476=EDGE_LOOP('',(#1759,#1760,#1761,#1762));
#477=EDGE_LOOP('',(#1763,#1764,#1765,#1766));
#478=EDGE_LOOP('',(#1767));
#479=EDGE_LOOP('',(#1768));
#480=EDGE_LOOP('',(#1769));
#481=EDGE_LOOP('',(#1770,#1771,#1772,#1773));
#482=EDGE_LOOP('',(#1774,#1775,#1776,#1777));
#483=EDGE_LOOP('',(#1778,#1779,#1780,#1781,#1782,#1783,#1784,#1785));
#484=EDGE_LOOP('',(#1786));
#485=CIRCLE('',#1976,27.425);
#486=CIRCLE('',#1978,27.425);
#487=CIRCLE('',#1980,26.5635);
#488=CIRCLE('',#1982,26.5635);
#489=CIRCLE('',#1984,27.5);
#490=CIRCLE('',#1985,1.);
#491=CIRCLE('',#1986,28.5);
#492=CIRCLE('',#1987,28.5);
#493=CIRCLE('',#1989,28.5);
#494=CIRCLE('',#1990,28.5);
#495=CIRCLE('',#1991,28.5);
#496=CIRCLE('',#1992,28.5);
#497=CIRCLE('',#1993,28.5);
#498=CIRCLE('',#1996,27.5);
#499=CIRCLE('',#1997,1.);
#500=CIRCLE('',#1999,0.599999999999999);
#501=CIRCLE('',#2000,0.6);
#502=CIRCLE('',#2001,0.6);
#503=CIRCLE('',#2002,0.599999999999999);
#504=CIRCLE('',#2003,0.6);
#505=CIRCLE('',#2004,0.6);
#506=CIRCLE('',#2005,0.6);
#507=CIRCLE('',#2006,0.6);
#508=CIRCLE('',#2007,0.6);
#509=CIRCLE('',#2008,0.6);
#510=CIRCLE('',#2009,0.6);
#511=CIRCLE('',#2010,0.599999999999999);
#512=CIRCLE('',#2011,0.6);
#513=CIRCLE('',#2012,0.599999999999999);
#514=CIRCLE('',#2013,0.599999999999999);
#515=CIRCLE('',#2014,0.599999999999999);
#516=CIRCLE('',#2015,0.6);
#517=CIRCLE('',#2016,0.599999999999999);
#518=CIRCLE('',#2017,0.6);
#519=CIRCLE('',#2018,0.6);
#520=CIRCLE('',#2019,0.6);
#521=CIRCLE('',#2020,0.6);
#522=CIRCLE('',#2021,0.6);
#523=CIRCLE('',#2022,0.6);
#524=CIRCLE('',#2023,0.599999999999999);
#525=CIRCLE('',#2024,0.6);
#526=CIRCLE('',#2025,0.599999999999999);
#527=CIRCLE('',#2026,0.599999999999999);
#528=CIRCLE('',#2027,0.6);
#529=CIRCLE('',#2028,0.6);
#530=CIRCLE('',#2029,0.6);
#531=CIRCLE('',#2030,0.599999999999999);
#532=CIRCLE('',#2031,0.6);
#533=CIRCLE('',#2032,0.6);
#534=CIRCLE('',#2033,0.6);
#535=CIRCLE('',#2034,0.6);
#536=CIRCLE('',#2035,0.6);
#537=CIRCLE('',#2036,0.6);
#538=CIRCLE('',#2037,0.6);
#539=CIRCLE('',#2038,0.6);
#540=CIRCLE('',#2039,0.599999999999999);
#541=CIRCLE('',#2040,0.599999999999999);
#542=CIRCLE('',#2041,0.6);
#543=CIRCLE('',#2042,0.6);
#544=CIRCLE('',#2043,0.599999999999999);
#545=CIRCLE('',#2044,0.6);
#546=CIRCLE('',#2045,0.6);
#547=CIRCLE('',#2046,0.6);
#548=CIRCLE('',#2047,0.6);
#549=CIRCLE('',#2048,0.599999999999999);
#550=CIRCLE('',#2049,0.599999999999999);
#551=CIRCLE('',#2050,0.6);
#552=CIRCLE('',#2051,0.6);
#553=CIRCLE('',#2052,1.6);
#554=CIRCLE('',#2053,1.6);
#555=CIRCLE('',#2056,26.5);
#556=CIRCLE('',#2059,26.5);
#557=CIRCLE('',#2062,26.5);
#558=CIRCLE('',#2067,26.5);
#559=CIRCLE('',#2072,26.5);
#560=CIRCLE('',#2075,1.6);
#561=CIRCLE('',#2077,1.6);
#562=CIRCLE('',#2079,0.6);
#563=CIRCLE('',#2081,0.6);
#564=CIRCLE('',#2083,0.599999999999999);
#565=CIRCLE('',#2085,0.599999999999999);
#566=CIRCLE('',#2087,0.6);
#567=CIRCLE('',#2089,0.6);
#568=CIRCLE('',#2091,0.6);
#569=CIRCLE('',#2093,0.6);
#570=CIRCLE('',#2095,0.599999999999999);
#571=CIRCLE('',#2097,0.6);
#572=CIRCLE('',#2099,0.6);
#573=CIRCLE('',#2101,0.599999999999999);
#574=CIRCLE('',#2103,0.599999999999999);
#575=CIRCLE('',#2105,0.6);
#576=CIRCLE('',#2107,0.6);
#577=CIRCLE('',#2109,0.6);
#578=CIRCLE('',#2111,0.6);
#579=CIRCLE('',#2113,0.6);
#580=CIRCLE('',#2115,0.6);
#581=CIRCLE('',#2117,0.6);
#582=CIRCLE('',#2119,0.6);
#583=CIRCLE('',#2121,0.599999999999999);
#584=CIRCLE('',#2123,0.6);
#585=CIRCLE('',#2125,0.6);
#586=CIRCLE('',#2127,0.6);
#587=CIRCLE('',#2129,0.599999999999999);
#588=CIRCLE('',#2131,0.599999999999999);
#589=CIRCLE('',#2133,0.6);
#590=CIRCLE('',#2135,0.599999999999999);
#591=CIRCLE('',#2137,0.6);
#592=CIRCLE('',#2139,0.6);
#593=CIRCLE('',#2141,0.6);
#594=CIRCLE('',#2143,0.6);
#595=CIRCLE('',#2145,0.6);
#596=CIRCLE('',#2147,0.6);
#597=CIRCLE('',#2149,0.599999999999999);
#598=CIRCLE('',#2151,0.6);
#599=CIRCLE('',#2153,0.599999999999999);
#600=CIRCLE('',#2155,0.599999999999999);
#601=CIRCLE('',#2157,0.599999999999999);
#602=CIRCLE('',#2159,0.6);
#603=CIRCLE('',#2161,0.599999999999999);
#604=CIRCLE('',#2163,0.6);
#605=CIRCLE('',#2165,0.6);
#606=CIRCLE('',#2167,0.6);
#607=CIRCLE('',#2169,0.6);
#608=CIRCLE('',#2171,0.6);
#609=CIRCLE('',#2173,0.6);
#610=CIRCLE('',#2175,0.6);
#611=CIRCLE('',#2177,0.599999999999999);
#612=CIRCLE('',#2179,0.6);
#613=CIRCLE('',#2181,0.6);
#614=CIRCLE('',#2183,0.599999999999999);
#615=CIRCLE('',#2185,1.);
#616=CIRCLE('',#2186,1.);
#617=CIRCLE('',#2188,2.);
#618=CIRCLE('',#2189,2.);
#619=CIRCLE('',#2192,26.5);
#620=CIRCLE('',#2193,2.);
#621=CIRCLE('',#2194,2.);
#622=CIRCLE('',#2195,2.);
#623=CIRCLE('',#2197,1.);
#624=CIRCLE('',#2198,1.);
#625=CIRCLE('',#2200,2.);
#626=CIRCLE('',#2204,1.);
#627=CIRCLE('',#2205,1.);
#628=CIRCLE('',#2207,2.);
#629=CIRCLE('',#2211,1.);
#630=CIRCLE('',#2212,1.);
#631=CIRCLE('',#2214,2.);
#632=B_SPLINE_CURVE_WITH_KNOTS('',3,(#2804,#2805,#2806,#2807,#2808,#2809,
#2810,#2811,#2812,#2813,#2814,#2815,#2816,#2817,#2818,#2819,#2820,#2821,
#2822,#2823,#2824,#2825,#2826,#2827,#2828,#2829,#2830,#2831),
 .UNSPECIFIED.,.F.,.F.,(4,3,3,3,3,3,3,3,3,4),(-14.6498214840762,-14.1614941012737,
-13.6731667184711,-13.1848393356686,-12.696511952866,-12.2081845700635,
-11.719857187261,-11.2315298044584,-10.7432024216559,-10.3764180272043),
 .UNSPECIFIED.);
#633=B_SPLINE_CURVE_WITH_KNOTS('',3,(#2834,#2835,#2836,#2837,#2838,#2839,
#2840,#2841,#2842,#2843,#2844,#2845,#2846,#2847,#2848,#2849,#2850,#2851,
#2852,#2853,#2854,#2855,#2856,#2857,#2858,#2859,#2860,#2861,#2862,#2863,
#2864,#2865,#2866,#2867),.UNSPECIFIED.,.F.,.F.,(4,3,3,3,3,3,3,3,3,3,3,4),
(7.41499611046174,7.81323812484065,8.30156550764319,8.78989289044573,9.27822027324827,
9.76654765605081,10.2548750388533,10.7432024216559,11.2315298044584,11.719857187261,
12.2081845700635,12.5663706143592),.UNSPECIFIED.);
#634=B_SPLINE_CURVE_WITH_KNOTS('',3,(#2873,#2874,#2875,#2876,#2877,#2878,
#2879,#2880,#2881,#2882),.UNSPECIFIED.,.F.,.F.,(4,3,3,4),(0.,0.488327382802542,
0.976654765605081,1.13181080328215),.UNSPECIFIED.);
#635=B_SPLINE_CURVE_WITH_KNOTS('',3,(#2885,#2886,#2887,#2888,#2889,#2890,
#2891,#2892,#2893,#2894,#2895,#2896,#2897,#2898,#2899,#2900),
 .UNSPECIFIED.,.F.,.F.,(4,3,3,3,3,4),(-4.09323272002469,-3.90661906242032,
-3.41829167961778,-2.92996429681524,-2.4416369140127,-2.08345086971703),
 .UNSPECIFIED.);
#636=B_SPLINE_CURVE_WITH_KNOTS('',3,(#2906,#2907,#2908,#2909,#2910,#2911,
#2912,#2913,#2914,#2915,#2916,#2917),.UNSPECIFIED.,.F.,.F.,(4,1,1,1,1,1,
1,1,1,4),(11.6147305479243,12.1030579307268,12.5913853135294,13.0797126963319,
13.5680400791344,14.056367461937,14.5446948447395,15.0330222275421,15.5213496103446,
15.707963267949),.UNSPECIFIED.);
#637=B_SPLINE_CURVE_WITH_KNOTS('',3,(#2920,#2921,#2922,#2923,#2924,#2925,
#2926,#2927,#2928,#2929,#2930,#2931,#2932,#2933,#2934),.UNSPECIFIED.,.F.,
 .F.,(4,1,1,1,1,1,1,1,1,1,1,1,4),(10.3764180272043,10.7346040714999,11.2229314543025,
11.711258837105,12.1995862199075,12.6879136027101,13.1762409855126,13.6645683683152,
14.1528957511177,14.6412231339203,15.1295505167228,15.6178778995253,15.707963267949),
 .UNSPECIFIED.);
#638=B_SPLINE_CURVE_WITH_KNOTS('',3,(#2940,#2941,#2942,#2943,#2944),
 .UNSPECIFIED.,.F.,.F.,(4,1,4),(21.9911485751286,22.4544612587609,22.9427886415634),
 .UNSPECIFIED.);
#639=B_SPLINE_CURVE_WITH_KNOTS('',3,(#2947,#2948,#2949,#2950,#2951,#2952,
#2953,#2954),.UNSPECIFIED.,.F.,.F.,(4,1,1,1,1,4),(21.9911485751286,22.3579329695802,
22.8462603523827,23.3345877351852,23.8229151179878,24.1811011622834),
 .UNSPECIFIED.);
#640=B_SPLINE_CURVE_WITH_KNOTS('',3,(#2979,#2980,#2981,#2982,#2983,#2984,
#2985,#2986,#2987,#2988),.UNSPECIFIED.,.F.,.F.,(4,2,2,2,4),(0.468707764458707,
0.527102078287681,0.585496392116654,0.644436149351377,0.7033759065861),
 .UNSPECIFIED.);
#641=B_SPLINE_CURVE_WITH_KNOTS('',3,(#2992,#2993,#2994,#2995,#2996,#2997,
#2998,#2999,#3000,#3001),.UNSPECIFIED.,.F.,.F.,(4,2,2,2,4),(0.702747604838014,
0.761687410728717,0.820627216619421,0.879021529298536,0.937415841977651),
 .UNSPECIFIED.);
#642=B_SPLINE_CURVE_WITH_KNOTS('',3,(#3005,#3006,#3007,#3008,#3009,#3010,
#3011,#3012,#3013,#3014),.UNSPECIFIED.,.F.,.F.,(4,2,2,2,4),(0.,0.0583943126791148,
0.11678862535823,0.175728431248933,0.234668237139637),.UNSPECIFIED.);
#643=B_SPLINE_CURVE_WITH_KNOTS('',3,(#3017,#3018,#3019,#3020,#3021,#3022,
#3023,#3024,#3025,#3026),.UNSPECIFIED.,.F.,.F.,(4,2,2,2,4),(0.234039622331314,
0.292979379566037,0.351919136800759,0.410313450629733,0.468707764458707),
 .UNSPECIFIED.);
#644=B_SPLINE_CURVE_WITH_KNOTS('',3,(#3028,#3029,#3030,#3031,#3032,#3033,
#3034,#3035,#3036,#3037,#3038,#3039,#3040,#3041,#3042,#3043,#3044,#3045,
#3046,#3047,#3048,#3049,#3050,#3051,#3052,#3053,#3054,#3055,#3056,#3057,
#3058,#3059,#3060,#3061,#3062,#3063,#3064,#3065,#3066,#3067,#3068,#3069,
#3070,#3071,#3072,#3073,#3074,#3075,#3076,#3077,#3078,#3079,#3080,#3081,
#3082,#3083,#3084,#3085,#3086,#3087,#3088,#3089,#3090,#3091,#3092,#3093,
#3094,#3095,#3096,#3097,#3098,#3099,#3100,#3101,#3102,#3103,#3104,#3105,
#3106,#3107,#3108,#3109,#3110,#3111,#3112,#3113,#3114,#3115,#3116,#3117,
#3118,#3119,#3120,#3121,#3122,#3123,#3124,#3125,#3126,#3127,#3128,#3129,
#3130,#3131,#3132,#3133,#3134,#3135,#3136,#3137,#3138,#3139,#3140,#3141,
#3142,#3143,#3144,#3145,#3146,#3147,#3148,#3149,#3150,#3151,#3152,#3153,
#3154,#3155,#3156,#3157,#3158,#3159,#3160,#3161,#3162,#3163,#3164,#3165,
#3166,#3167,#3168,#3169,#3170,#3171,#3172,#3173,#3174,#3175,#3176,#3177,
#3178),.UNSPECIFIED.,.F.,.F.,(4,3,3,3,3,3,3,3,3,3,3,3,3,3,3,3,3,3,3,3,3,
3,3,3,3,3,3,3,3,3,3,3,3,3,3,3,3,3,3,3,3,3,3,3,3,3,3,3,3,3,4),(0.,0.156139977351233,
0.314905084206233,0.474567459478757,0.634428455733247,0.793765051390291,
0.951120549268877,1.04796051999283,1.06416164241757,1.07741885412416,1.23634327923319,
1.33848043216467,1.49601164596808,1.65505672478746,1.81413958841357,1.97252991288068,
2.05945392009424,2.09973217977929,2.12045098337739,2.13949209212188,2.29757797708166,
2.45594015831661,2.61375814396237,2.6679219705891,2.83288810108642,2.9910954327103,
3.11566488044247,3.17016401382529,3.18415383382326,3.19731473688461,3.35392665092171,
3.51235774183319,3.66996156278143,3.82880628867454,3.98765101456765,4.15109755662955,
4.22260541878164,4.23758056233456,4.39368514262001,4.55052020979298,4.70736915281005,
4.85433270237326,4.90944403345946,4.93475490028732,4.95105587554633,5.10737760376235,
5.26310825855256,5.29522335106289,5.4513283869229,5.60766223975247,5.64201344277584),
 .UNSPECIFIED.);
#645=B_SPLINE_CURVE_WITH_KNOTS('',3,(#3179,#3180,#3181,#3182,#3183,#3184,
#3185,#3186,#3187,#3188,#3189,#3190,#3191,#3192,#3193,#3194,#3195,#3196,
#3197,#3198,#3199,#3200,#3201,#3202,#3203,#3204,#3205,#3206,#3207,#3208,
#3209,#3210,#3211,#3212,#3213,#3214,#3215,#3216,#3217,#3218,#3219,#3220,
#3221,#3222,#3223,#3224,#3225,#3226,#3227,#3228,#3229,#3230,#3231,#3232,
#3233,#3234,#3235,#3236,#3237,#3238,#3239,#3240,#3241,#3242,#3243,#3244,
#3245,#3246,#3247,#3248,#3249,#3250,#3251,#3252,#3253,#3254,#3255,#3256,
#3257,#3258,#3259,#3260,#3261,#3262,#3263,#3264,#3265,#3266,#3267,#3268,
#3269,#3270,#3271,#3272,#3273,#3274,#3275,#3276,#3277,#3278,#3279,#3280,
#3281,#3282,#3283,#3284,#3285,#3286,#3287,#3288,#3289,#3290,#3291,#3292,
#3293,#3294,#3295,#3296,#3297,#3298,#3299,#3300,#3301,#3302,#3303,#3304,
#3305,#3306,#3307,#3308,#3309,#3310,#3311,#3312,#3313,#3314,#3315,#3316,
#3317,#3318,#3319,#3320,#3321,#3322,#3323,#3324,#3325,#3326,#3327,#3328,
#3329),.UNSPECIFIED.,.F.,.F.,(4,3,3,3,3,3,3,3,3,3,3,3,3,3,3,3,3,3,3,3,3,
3,3,3,3,3,3,3,3,3,3,3,3,3,3,3,3,3,3,3,3,3,3,3,3,3,3,3,3,3,4),(0.,0.152307302917267,
0.307447035619426,0.463716426579776,0.620468224233192,0.776987981701218,
0.909231925818342,1.00841488390619,1.02832225027916,1.04222278819841,1.19938213257389,
1.30596375816971,1.46112244005039,1.6181724204888,1.77556613375996,1.93257629095958,
2.01878392884622,2.05706441571923,2.07782736579814,2.09674815553026,2.25420249517694,
2.41220015107697,2.57003135268845,2.62223739405276,2.77962761009645,2.93760306871053,
3.0639242749043,3.11918980261407,3.14018549409881,3.15358601194739,3.31068865592427,
3.47005967150837,3.62885648859517,3.78851460342792,3.94817271826066,4.11481834431006,
4.18772580570666,4.21009179547904,4.3679215422691,4.52673551891377,4.68584859002501,
4.83472087418271,4.89054798074184,4.91644545765415,4.93306786609912,5.0925392738362,
5.25176853672896,5.28133772665579,5.4401717336465,5.59961517941637,5.63824734958569),
 .UNSPECIFIED.);
#646=B_SPLINE_CURVE_WITH_KNOTS('',3,(#3577,#3578,#3579,#3580,#3581,#3582,
#3583,#3584,#3585,#3586,#3587,#3588,#3589,#3590,#3591,#3592,#3593,#3594,
#3595,#3596,#3597,#3598,#3599,#3600,#3601,#3602,#3603,#3604,#3605,#3606,
#3607,#3608,#3609,#3610,#3611,#3612,#3613,#3614,#3615,#3616,#3617,#3618,
#3619,#3620,#3621,#3622,#3623,#3624,#3625,#3626,#3627,#3628,#3629,#3630,
#3631,#3632,#3633,#3634,#3635,#3636,#3637,#3638,#3639,#3640,#3641,#3642,
#3643,#3644,#3645,#3646,#3647,#3648,#3649,#3650,#3651,#3652,#3653,#3654,
#3655,#3656,#3657,#3658,#3659,#3660,#3661,#3662,#3663,#3664,#3665,#3666,
#3667,#3668,#3669,#3670,#3671,#3672,#3673,#3674,#3675,#3676,#3677,#3678,
#3679,#3680,#3681,#3682,#3683,#3684,#3685,#3686,#3687,#3688,#3689,#3690,
#3691,#3692,#3693,#3694,#3695,#3696,#3697,#3698,#3699,#3700,#3701,#3702,
#3703,#3704,#3705,#3706,#3707,#3708,#3709,#3710,#3711,#3712,#3713,#3714,
#3715,#3716,#3717,#3718,#3719,#3720,#3721,#3722,#3723,#3724,#3725,#3726,
#3727),.UNSPECIFIED.,.F.,.F.,(4,3,3,3,3,3,3,3,3,3,3,3,3,3,3,3,3,3,3,3,3,
3,3,3,3,3,3,3,3,3,3,3,3,3,3,3,3,3,3,3,3,3,3,3,3,3,3,3,3,3,4),(0.,0.15945465032411,
0.319043751295751,0.357492875641435,0.524568815657572,0.684400329494197,
0.843940539658714,1.00248462363035,1.04571060938911,1.0666870664277,1.08093935366824,
1.23971357300716,1.39879633581732,1.5572477071289,1.69410039577053,1.8599363361422,
2.00504278396741,2.06852685489094,2.10951145840511,2.1280885722758,2.14082407797385,
2.29794576161788,2.45608346744782,2.61442726754253,2.77216921805451,2.92811259934961,
3.0207879187439,3.18532300768161,3.19877529512458,3.35457100425614,3.5116667545882,
3.66941155855941,3.82707944811152,3.98336443306044,4.13826258931659,4.19248655584129,
4.21803430758696,4.23332097174674,4.24700236519042,4.3370686302456,4.50018673181187,
4.65700970372711,4.81382037365508,4.91734450729517,4.93899397478474,4.9556390933372,
5.11181630636338,5.26809208428209,5.42372549227395,5.57761036438526,5.6420134427758),
 .UNSPECIFIED.);
#647=B_SPLINE_CURVE_WITH_KNOTS('',3,(#3728,#3729,#3730,#3731,#3732,#3733,
#3734,#3735,#3736,#3737,#3738,#3739,#3740,#3741,#3742,#3743,#3744),
 .UNSPECIFIED.,.F.,.F.,(4,1,1,1,1,1,1,1,1,1,1,1,1,1,4),(15.707963267949,
16.1062052823279,16.5945326651304,17.082860047933,17.5711874307355,18.059514813538,
18.5478421963406,19.0361695791431,19.5244969619457,20.0128243447482,20.5011517275507,
20.9894791103533,21.4778064931558,21.9661338759584,21.9911485751286),
 .UNSPECIFIED.);
#648=B_SPLINE_CURVE_WITH_KNOTS('',3,(#3745,#3746,#3747,#3748,#3749,#3750,
#3751,#3752,#3753,#3754,#3755,#3756,#3757,#3758,#3759,#3760,#3761,#3762,
#3763,#3764,#3765,#3766,#3767,#3768,#3769,#3770,#3771,#3772,#3773,#3774,
#3775,#3776,#3777,#3778,#3779,#3780,#3781,#3782,#3783,#3784,#3785,#3786,
#3787),.UNSPECIFIED.,.F.,.F.,(4,3,3,3,3,3,3,3,3,3,3,3,3,3,4),(1.13181080328215,
1.46498214840762,1.95330953121016,2.4416369140127,2.92996429681524,3.41829167961778,
3.90661906242032,4.39494644522286,4.88327382802541,5.37160121082795,5.85992859363049,
6.34825597643303,6.83658335923557,7.32491074203811,7.41499611046174),
 .UNSPECIFIED.);
#649=B_SPLINE_CURVE_WITH_KNOTS('',3,(#3789,#3790,#3791,#3792,#3793,#3794,
#3795,#3796,#3797,#3798,#3799,#3800,#3801,#3802,#3803,#3804,#3805),
 .UNSPECIFIED.,.F.,.F.,(4,1,1,1,1,1,1,1,1,1,1,1,1,1,4),(15.707963267949,
16.0096769931471,16.4980043759497,16.9863317587522,17.4746591415548,17.9629865243573,
18.4513139071598,18.9396412899624,19.4279686727649,19.9162960555675,20.40462343837,
20.8929508211725,21.3812782039751,21.8696055867776,21.9911485751286),
 .UNSPECIFIED.);
#650=B_SPLINE_CURVE_WITH_KNOTS('',3,(#3938,#3939,#3940,#3941,#3942,#3943,
#3944,#3945,#3946,#3947,#3948,#3949,#3950,#3951,#3952,#3953,#3954,#3955,
#3956,#3957,#3958,#3959,#3960,#3961,#3962,#3963,#3964,#3965,#3966,#3967,
#3968,#3969,#3970,#3971,#3972,#3973,#3974,#3975,#3976,#3977,#3978,#3979,
#3980,#3981,#3982,#3983,#3984,#3985,#3986,#3987,#3988,#3989,#3990,#3991,
#3992,#3993,#3994,#3995,#3996,#3997,#3998,#3999,#4000,#4001,#4002,#4003,
#4004,#4005,#4006,#4007,#4008,#4009,#4010,#4011,#4012,#4013,#4014,#4015,
#4016,#4017,#4018,#4019,#4020,#4021,#4022,#4023,#4024,#4025,#4026,#4027,
#4028,#4029,#4030,#4031,#4032,#4033,#4034,#4035,#4036,#4037,#4038,#4039,
#4040,#4041,#4042,#4043,#4044,#4045,#4046,#4047,#4048,#4049,#4050,#4051,
#4052,#4053,#4054,#4055,#4056,#4057,#4058,#4059,#4060,#4061,#4062,#4063,
#4064,#4065,#4066,#4067,#4068,#4069,#4070,#4071,#4072,#4073,#4074,#4075,
#4076,#4077,#4078,#4079,#4080,#4081,#4082,#4083,#4084,#4085,#4086,#4087,
#4088,#4089,#4090,#4091),.UNSPECIFIED.,.F.,.F.,(4,3,3,3,3,3,3,3,3,3,3,3,
3,3,3,3,3,3,3,3,3,3,3,3,3,3,3,3,3,3,3,3,3,3,3,3,3,3,3,3,3,3,3,3,3,3,3,3,
3,3,3,4),(0.,0.156124995741591,0.312756655201416,0.346935704579195,0.502010273023065,
0.658576418191626,0.815198446854078,0.971155880240647,1.01396955482439,
1.0338668520055,1.05006799198784,1.20680224714536,1.36411498982429,1.52122851490175,
1.65617467358057,1.82101146001995,1.9652436481544,2.02834523046323,2.07383874062882,
2.08691474382279,2.10065531835239,2.2568725975654,2.4143500210166,2.57247620221102,
2.73024218173746,2.88650481637403,2.97486896509559,3.05784625361422,3.09944823548484,
3.12985671625459,3.14990694736014,3.3059895901821,3.46360601396074,3.62217521481499,
3.7810029139619,3.93888245512285,4.0955588907918,4.15185567770429,4.19563736255525,
4.21003942342923,4.30250558139368,4.45934706616822,4.61806341487017,4.77712009814787,
4.88476100457759,4.90925960609835,4.92904765255988,5.08801794467565,5.24758378622001,
5.40677007236739,5.56447575710813,5.63824734958562),.UNSPECIFIED.);
#651=B_SPLINE_CURVE_WITH_KNOTS('',3,(#4092,#4093,#4094,#4095,#4096,#4097,
#4098,#4099,#4100,#4101,#4102,#4103,#4104,#4105,#4106,#4107,#4108,#4109,
#4110,#4111,#4112,#4113,#4114,#4115,#4116,#4117,#4118,#4119,#4120,#4121,
#4122,#4123,#4124,#4125,#4126,#4127,#4128,#4129,#4130,#4131,#4132,#4133,
#4134),.UNSPECIFIED.,.F.,.F.,(4,3,3,3,3,3,3,3,3,3,3,3,3,3,4),(-10.3764180272043,
-10.2548750388533,-9.7665476560508,-9.27822027324826,-8.78989289044572,
-8.30156550764318,-7.81323812484064,-7.3249107420381,-6.83658335923556,
-6.34825597643302,-5.85992859363048,-5.37160121082794,-4.8832738280254,
-4.39494644522286,-4.09323272002469),.UNSPECIFIED.);
#652=B_SPLINE_CURVE_WITH_KNOTS('',3,(#4163,#4164,#4165,#4166,#4167,#4168,
#4169,#4170,#4171,#4172),.UNSPECIFIED.,.F.,.F.,(4,2,2,2,4),(0.468965454321798,
0.527361242058209,0.585757029794619,0.644785010057919,0.703812990321219),
 .UNSPECIFIED.);
#653=B_SPLINE_CURVE_WITH_KNOTS('',3,(#4180,#4181,#4182,#4183,#4184,#4185,
#4186,#4187,#4188,#4189),.UNSPECIFIED.,.F.,.F.,(4,2,2,2,4),(0.703082711832685,
0.762110635560634,0.821138559288583,0.879534348327075,0.937930137365568),
 .UNSPECIFIED.);
#654=B_SPLINE_CURVE_WITH_KNOTS('',3,(#4197,#4198,#4199,#4200,#4201,#4202,
#4203,#4204,#4205,#4206),.UNSPECIFIED.,.F.,.F.,(4,2,2,2,4),(0.234117714462622,
0.293145694725921,0.352173674989221,0.410569462725631,0.468965250462041),
 .UNSPECIFIED.);
#655=B_SPLINE_CURVE_WITH_KNOTS('',3,(#4213,#4214,#4215,#4216,#4217,#4218,
#4219,#4220,#4221,#4222),.UNSPECIFIED.,.F.,.F.,(4,2,2,2,4),(0.,0.0583957890384924,
0.116791578076985,0.175819501804934,0.234847425532883),.UNSPECIFIED.);
#656=LINE('',#2802,#745);
#657=LINE('',#2871,#746);
#658=LINE('',#2904,#747);
#659=LINE('',#2938,#748);
#660=LINE('',#2966,#749);
#661=LINE('',#2971,#750);
#662=LINE('',#2974,#751);
#663=LINE('',#2977,#752);
#664=LINE('',#3003,#753);
#665=LINE('',#4143,#754);
#666=LINE('',#4144,#755);
#667=LINE('',#4147,#756);
#668=LINE('',#4148,#757);
#669=LINE('',#4152,#758);
#670=LINE('',#4154,#759);
#671=LINE('',#4158,#760);
#672=LINE('',#4159,#761);
#673=LINE('',#4160,#762);
#674=LINE('',#4173,#763);
#675=LINE('',#4177,#764);
#676=LINE('',#4190,#765);
#677=LINE('',#4193,#766);
#678=LINE('',#4194,#767);
#679=LINE('',#4207,#768);
#680=LINE('',#4211,#769);
#681=LINE('',#4225,#770);
#682=LINE('',#4229,#771);
#683=LINE('',#4233,#772);
#684=LINE('',#4237,#773);
#685=LINE('',#4241,#774);
#686=LINE('',#4245,#775);
#687=LINE('',#4249,#776);
#688=LINE('',#4253,#777);
#689=LINE('',#4257,#778);
#690=LINE('',#4261,#779);
#691=LINE('',#4265,#780);
#692=LINE('',#4269,#781);
#693=LINE('',#4273,#782);
#694=LINE('',#4277,#783);
#695=LINE('',#4281,#784);
#696=LINE('',#4285,#785);
#697=LINE('',#4289,#786);
#698=LINE('',#4293,#787);
#699=LINE('',#4297,#788);
#700=LINE('',#4301,#789);
#701=LINE('',#4305,#790);
#702=LINE('',#4309,#791);
#703=LINE('',#4313,#792);
#704=LINE('',#4317,#793);
#705=LINE('',#4321,#794);
#706=LINE('',#4325,#795);
#707=LINE('',#4329,#796);
#708=LINE('',#4333,#797);
#709=LINE('',#4337,#798);
#710=LINE('',#4341,#799);
#711=LINE('',#4345,#800);
#712=LINE('',#4349,#801);
#713=LINE('',#4353,#802);
#714=LINE('',#4357,#803);
#715=LINE('',#4361,#804);
#716=LINE('',#4365,#805);
#717=LINE('',#4369,#806);
#718=LINE('',#4373,#807);
#719=LINE('',#4377,#808);
#720=LINE('',#4381,#809);
#721=LINE('',#4385,#810);
#722=LINE('',#4389,#811);
#723=LINE('',#4393,#812);
#724=LINE('',#4397,#813);
#725=LINE('',#4401,#814);
#726=LINE('',#4405,#815);
#727=LINE('',#4409,#816);
#728=LINE('',#4413,#817);
#729=LINE('',#4417,#818);
#730=LINE('',#4421,#819);
#731=LINE('',#4425,#820);
#732=LINE('',#4429,#821);
#733=LINE('',#4433,#822);
#734=LINE('',#4437,#823);
#735=LINE('',#4441,#824);
#736=LINE('',#4447,#825);
#737=LINE('',#4453,#826);
#738=LINE('',#4469,#827);
#739=LINE('',#4474,#828);
#740=LINE('',#4481,#829);
#741=LINE('',#4486,#830);
#742=LINE('',#4493,#831);
#743=LINE('',#4498,#832);
#744=LINE('',#4502,#833);
#745=VECTOR('',#2223,26.5);
#746=VECTOR('',#2228,26.5);
#747=VECTOR('',#2233,26.5635);
#748=VECTOR('',#2238,26.5635);
#749=VECTOR('',#2255,28.5);
#750=VECTOR('',#2258,10.);
#751=VECTOR('',#2261,10.);
#752=VECTOR('',#2262,10.);
#753=VECTOR('',#2265,10.);
#754=VECTOR('',#2400,10.);
#755=VECTOR('',#2401,10.);
#756=VECTOR('',#2404,10.);
#757=VECTOR('',#2405,10.);
#758=VECTOR('',#2410,10.);
#759=VECTOR('',#2413,10.);
#760=VECTOR('',#2416,10.);
#761=VECTOR('',#2417,10.);
#762=VECTOR('',#2418,10.);
#763=VECTOR('',#2421,10.);
#764=VECTOR('',#2426,10.);
#765=VECTOR('',#2429,10.);
#766=VECTOR('',#2432,10.);
#767=VECTOR('',#2433,10.);
#768=VECTOR('',#2436,10.);
#769=VECTOR('',#2441,10.);
#770=VECTOR('',#2446,1.6);
#771=VECTOR('',#2451,1.6);
#772=VECTOR('',#2456,0.6);
#773=VECTOR('',#2461,0.6);
#774=VECTOR('',#2466,0.599999999999999);
#775=VECTOR('',#2471,0.599999999999999);
#776=VECTOR('',#2476,0.6);
#777=VECTOR('',#2481,0.6);
#778=VECTOR('',#2486,0.6);
#779=VECTOR('',#2491,0.6);
#780=VECTOR('',#2496,0.599999999999999);
#781=VECTOR('',#2501,0.6);
#782=VECTOR('',#2506,0.6);
#783=VECTOR('',#2511,0.599999999999999);
#784=VECTOR('',#2516,0.599999999999999);
#785=VECTOR('',#2521,0.6);
#786=VECTOR('',#2526,0.6);
#787=VECTOR('',#2531,0.6);
#788=VECTOR('',#2536,0.6);
#789=VECTOR('',#2541,0.6);
#790=VECTOR('',#2546,0.6);
#791=VECTOR('',#2551,0.6);
#792=VECTOR('',#2556,0.6);
#793=VECTOR('',#2561,0.599999999999999);
#794=VECTOR('',#2566,0.6);
#795=VECTOR('',#2571,0.6);
#796=VECTOR('',#2576,0.6);
#797=VECTOR('',#2581,0.599999999999999);
#798=VECTOR('',#2586,0.599999999999999);
#799=VECTOR('',#2591,0.6);
#800=VECTOR('',#2596,0.599999999999999);
#801=VECTOR('',#2601,0.6);
#802=VECTOR('',#2606,0.6);
#803=VECTOR('',#2611,0.6);
#804=VECTOR('',#2616,0.6);
#805=VECTOR('',#2621,0.6);
#806=VECTOR('',#2626,0.6);
#807=VECTOR('',#2631,0.599999999999999);
#808=VECTOR('',#2636,0.6);
#809=VECTOR('',#2641,0.599999999999999);
#810=VECTOR('',#2646,0.599999999999999);
#811=VECTOR('',#2651,0.599999999999999);
#812=VECTOR('',#2656,0.6);
#813=VECTOR('',#2661,0.599999999999999);
#814=VECTOR('',#2666,0.6);
#815=VECTOR('',#2671,0.6);
#816=VECTOR('',#2676,0.6);
#817=VECTOR('',#2681,0.6);
#818=VECTOR('',#2686,0.6);
#819=VECTOR('',#2691,0.6);
#820=VECTOR('',#2696,0.6);
#821=VECTOR('',#2701,0.599999999999999);
#822=VECTOR('',#2706,0.6);
#823=VECTOR('',#2711,0.6);
#824=VECTOR('',#2716,0.599999999999999);
#825=VECTOR('',#2723,1.);
#826=VECTOR('',#2730,2.);
#827=VECTOR('',#2749,1.);
#828=VECTOR('',#2756,2.);
#829=VECTOR('',#2765,1.);
#830=VECTOR('',#2772,2.);
#831=VECTOR('',#2781,1.);
#832=VECTOR('',#2788,2.);
#833=VECTOR('',#2795,26.5);
#834=VERTEX_POINT('',#2800);
#835=VERTEX_POINT('',#2801);
#836=VERTEX_POINT('',#2803);
#837=VERTEX_POINT('',#2832);
#838=VERTEX_POINT('',#2869);
#839=VERTEX_POINT('',#2870);
#840=VERTEX_POINT('',#2872);
#841=VERTEX_POINT('',#2883);
#842=VERTEX_POINT('',#2902);
#843=VERTEX_POINT('',#2903);
#844=VERTEX_POINT('',#2905);
#845=VERTEX_POINT('',#2918);
#846=VERTEX_POINT('',#2936);
#847=VERTEX_POINT('',#2937);
#848=VERTEX_POINT('',#2939);
#849=VERTEX_POINT('',#2945);
#850=VERTEX_POINT('',#2956);
#851=VERTEX_POINT('',#2958);
#852=VERTEX_POINT('',#2960);
#853=VERTEX_POINT('',#2964);
#854=VERTEX_POINT('',#2967);
#855=VERTEX_POINT('',#2968);
#856=VERTEX_POINT('',#2970);
#857=VERTEX_POINT('',#2972);
#858=VERTEX_POINT('',#2975);
#859=VERTEX_POINT('',#2976);
#860=VERTEX_POINT('',#2978);
#861=VERTEX_POINT('',#2989);
#862=VERTEX_POINT('',#2991);
#863=VERTEX_POINT('',#3002);
#864=VERTEX_POINT('',#3004);
#865=VERTEX_POINT('',#3015);
#866=VERTEX_POINT('',#3331);
#867=VERTEX_POINT('',#3335);
#868=VERTEX_POINT('',#3337);
#869=VERTEX_POINT('',#3339);
#870=VERTEX_POINT('',#3341);
#871=VERTEX_POINT('',#3343);
#872=VERTEX_POINT('',#3345);
#873=VERTEX_POINT('',#3347);
#874=VERTEX_POINT('',#3349);
#875=VERTEX_POINT('',#3351);
#876=VERTEX_POINT('',#3353);
#877=VERTEX_POINT('',#3355);
#878=VERTEX_POINT('',#3357);
#879=VERTEX_POINT('',#3359);
#880=VERTEX_POINT('',#3361);
#881=VERTEX_POINT('',#3363);
#882=VERTEX_POINT('',#3365);
#883=VERTEX_POINT('',#3367);
#884=VERTEX_POINT('',#3369);
#885=VERTEX_POINT('',#3371);
#886=VERTEX_POINT('',#3373);
#887=VERTEX_POINT('',#3375);
#888=VERTEX_POINT('',#3377);
#889=VERTEX_POINT('',#3379);
#890=VERTEX_POINT('',#3381);
#891=VERTEX_POINT('',#3383);
#892=VERTEX_POINT('',#3385);
#893=VERTEX_POINT('',#3387);
#894=VERTEX_POINT('',#3389);
#895=VERTEX_POINT('',#3391);
#896=VERTEX_POINT('',#3393);
#897=VERTEX_POINT('',#3395);
#898=VERTEX_POINT('',#3397);
#899=VERTEX_POINT('',#3399);
#900=VERTEX_POINT('',#3401);
#901=VERTEX_POINT('',#3403);
#902=VERTEX_POINT('',#3405);
#903=VERTEX_POINT('',#3407);
#904=VERTEX_POINT('',#3409);
#905=VERTEX_POINT('',#3411);
#906=VERTEX_POINT('',#3413);
#907=VERTEX_POINT('',#3415);
#908=VERTEX_POINT('',#3417);
#909=VERTEX_POINT('',#3419);
#910=VERTEX_POINT('',#3421);
#911=VERTEX_POINT('',#3423);
#912=VERTEX_POINT('',#3425);
#913=VERTEX_POINT('',#3427);
#914=VERTEX_POINT('',#3429);
#915=VERTEX_POINT('',#3431);
#916=VERTEX_POINT('',#3433);
#917=VERTEX_POINT('',#3435);
#918=VERTEX_POINT('',#3437);
#919=VERTEX_POINT('',#3439);
#920=VERTEX_POINT('',#3441);
#921=VERTEX_POINT('',#3443);
#922=VERTEX_POINT('',#4136);
#923=VERTEX_POINT('',#4140);
#924=VERTEX_POINT('',#4141);
#925=VERTEX_POINT('',#4146);
#926=VERTEX_POINT('',#4150);
#927=VERTEX_POINT('',#4156);
#928=VERTEX_POINT('',#4157);
#929=VERTEX_POINT('',#4162);
#930=VERTEX_POINT('',#4175);
#931=VERTEX_POINT('',#4179);
#932=VERTEX_POINT('',#4192);
#933=VERTEX_POINT('',#4196);
#934=VERTEX_POINT('',#4209);
#935=VERTEX_POINT('',#4224);
#936=VERTEX_POINT('',#4228);
#937=VERTEX_POINT('',#4232);
#938=VERTEX_POINT('',#4236);
#939=VERTEX_POINT('',#4240);
#940=VERTEX_POINT('',#4244);
#941=VERTEX_POINT('',#4248);
#942=VERTEX_POINT('',#4252);
#943=VERTEX_POINT('',#4256);
#944=VERTEX_POINT('',#4260);
#945=VERTEX_POINT('',#4264);
#946=VERTEX_POINT('',#4268);
#947=VERTEX_POINT('',#4272);
#948=VERTEX_POINT('',#4276);
#949=VERTEX_POINT('',#4280);
#950=VERTEX_POINT('',#4284);
#951=VERTEX_POINT('',#4288);
#952=VERTEX_POINT('',#4292);
#953=VERTEX_POINT('',#4296);
#954=VERTEX_POINT('',#4300);
#955=VERTEX_POINT('',#4304);
#956=VERTEX_POINT('',#4308);
#957=VERTEX_POINT('',#4312);
#958=VERTEX_POINT('',#4316);
#959=VERTEX_POINT('',#4320);
#960=VERTEX_POINT('',#4324);
#961=VERTEX_POINT('',#4328);
#962=VERTEX_POINT('',#4332);
#963=VERTEX_POINT('',#4336);
#964=VERTEX_POINT('',#4340);
#965=VERTEX_POINT('',#4344);
#966=VERTEX_POINT('',#4348);
#967=VERTEX_POINT('',#4352);
#968=VERTEX_POINT('',#4356);
#969=VERTEX_POINT('',#4360);
#970=VERTEX_POINT('',#4364);
#971=VERTEX_POINT('',#4368);
#972=VERTEX_POINT('',#4372);
#973=VERTEX_POINT('',#4376);
#974=VERTEX_POINT('',#4380);
#975=VERTEX_POINT('',#4384);
#976=VERTEX_POINT('',#4388);
#977=VERTEX_POINT('',#4392);
#978=VERTEX_POINT('',#4396);
#979=VERTEX_POINT('',#4400);
#980=VERTEX_POINT('',#4404);
#981=VERTEX_POINT('',#4408);
#982=VERTEX_POINT('',#4412);
#983=VERTEX_POINT('',#4416);
#984=VERTEX_POINT('',#4420);
#985=VERTEX_POINT('',#4424);
#986=VERTEX_POINT('',#4428);
#987=VERTEX_POINT('',#4432);
#988=VERTEX_POINT('',#4436);
#989=VERTEX_POINT('',#4440);
#990=VERTEX_POINT('',#4444);
#991=VERTEX_POINT('',#4446);
#992=VERTEX_POINT('',#4450);
#993=VERTEX_POINT('',#4452);
#994=VERTEX_POINT('',#4457);
#995=VERTEX_POINT('',#4459);
#996=VERTEX_POINT('',#4461);
#997=VERTEX_POINT('',#4463);
#998=VERTEX_POINT('',#4466);
#999=VERTEX_POINT('',#4468);
#1000=VERTEX_POINT('',#4472);
#1001=VERTEX_POINT('',#4478);
#1002=VERTEX_POINT('',#4480);
#1003=VERTEX_POINT('',#4484);
#1004=VERTEX_POINT('',#4490);
#1005=VERTEX_POINT('',#4492);
#1006=VERTEX_POINT('',#4496);
#1007=EDGE_CURVE('',#834,#835,#656,.T.);
#1008=EDGE_CURVE('',#836,#835,#632,.T.);
#1009=EDGE_CURVE('',#836,#837,#485,.T.);
#1010=EDGE_CURVE('',#834,#837,#633,.T.);
#1011=EDGE_CURVE('',#838,#839,#657,.T.);
#1012=EDGE_CURVE('',#840,#838,#634,.T.);
#1013=EDGE_CURVE('',#841,#840,#486,.T.);
#1014=EDGE_CURVE('',#839,#841,#635,.T.);
#1015=EDGE_CURVE('',#842,#843,#658,.T.);
#1016=EDGE_CURVE('',#844,#843,#636,.T.);
#1017=EDGE_CURVE('',#845,#844,#487,.T.);
#1018=EDGE_CURVE('',#845,#842,#637,.T.);
#1019=EDGE_CURVE('',#846,#847,#659,.T.);
#1020=EDGE_CURVE('',#846,#848,#638,.T.);
#1021=EDGE_CURVE('',#848,#849,#488,.T.);
#1022=EDGE_CURVE('',#847,#849,#639,.T.);
#1023=EDGE_CURVE('',#850,#850,#489,.T.);
#1024=EDGE_CURVE('',#850,#851,#490,.T.);
#1025=EDGE_CURVE('',#851,#852,#491,.T.);
#1026=EDGE_CURVE('',#852,#851,#492,.T.);
#1027=EDGE_CURVE('',#853,#853,#493,.T.);
#1028=EDGE_CURVE('',#853,#852,#660,.T.);
#1029=EDGE_CURVE('',#854,#855,#494,.T.);
#1030=EDGE_CURVE('',#855,#856,#661,.T.);
#1031=EDGE_CURVE('',#856,#857,#495,.T.);
#1032=EDGE_CURVE('',#857,#854,#662,.T.);
#1033=EDGE_CURVE('',#858,#859,#663,.T.);
#1034=EDGE_CURVE('',#859,#860,#640,.T.);
#1035=EDGE_CURVE('',#860,#861,#496,.T.);
#1036=EDGE_CURVE('',#861,#862,#641,.T.);
#1037=EDGE_CURVE('',#862,#863,#664,.T.);
#1038=EDGE_CURVE('',#863,#864,#642,.T.);
#1039=EDGE_CURVE('',#864,#865,#497,.T.);
#1040=EDGE_CURVE('',#865,#858,#643,.T.);
#1041=EDGE_CURVE('',#840,#845,#644,.T.);
#1042=EDGE_CURVE('',#844,#841,#645,.T.);
#1043=EDGE_CURVE('',#866,#866,#498,.T.);
#1044=EDGE_CURVE('',#866,#853,#499,.T.);
#1045=EDGE_CURVE('',#867,#867,#500,.T.);
#1046=EDGE_CURVE('',#868,#868,#501,.T.);
#1047=EDGE_CURVE('',#869,#869,#502,.T.);
#1048=EDGE_CURVE('',#870,#870,#503,.T.);
#1049=EDGE_CURVE('',#871,#871,#504,.T.);
#1050=EDGE_CURVE('',#872,#872,#505,.T.);
#1051=EDGE_CURVE('',#873,#873,#506,.T.);
#1052=EDGE_CURVE('',#874,#874,#507,.T.);
#1053=EDGE_CURVE('',#875,#875,#508,.T.);
#1054=EDGE_CURVE('',#876,#876,#509,.T.);
#1055=EDGE_CURVE('',#877,#877,#510,.T.);
#1056=EDGE_CURVE('',#878,#878,#511,.T.);
#1057=EDGE_CURVE('',#879,#879,#512,.T.);
#1058=EDGE_CURVE('',#880,#880,#513,.T.);
#1059=EDGE_CURVE('',#881,#881,#514,.T.);
#1060=EDGE_CURVE('',#882,#882,#515,.T.);
#1061=EDGE_CURVE('',#883,#883,#516,.T.);
#1062=EDGE_CURVE('',#884,#884,#517,.T.);
#1063=EDGE_CURVE('',#885,#885,#518,.T.);
#1064=EDGE_CURVE('',#886,#886,#519,.T.);
#1065=EDGE_CURVE('',#887,#887,#520,.T.);
#1066=EDGE_CURVE('',#888,#888,#521,.T.);
#1067=EDGE_CURVE('',#889,#889,#522,.T.);
#1068=EDGE_CURVE('',#890,#890,#523,.T.);
#1069=EDGE_CURVE('',#891,#891,#524,.T.);
#1070=EDGE_CURVE('',#892,#892,#525,.T.);
#1071=EDGE_CURVE('',#893,#893,#526,.T.);
#1072=EDGE_CURVE('',#894,#894,#527,.T.);
#1073=EDGE_CURVE('',#895,#895,#528,.T.);
#1074=EDGE_CURVE('',#896,#896,#529,.T.);
#1075=EDGE_CURVE('',#897,#897,#530,.T.);
#1076=EDGE_CURVE('',#898,#898,#531,.T.);
#1077=EDGE_CURVE('',#899,#899,#532,.T.);
#1078=EDGE_CURVE('',#900,#900,#533,.T.);
#1079=EDGE_CURVE('',#901,#901,#534,.T.);
#1080=EDGE_CURVE('',#902,#902,#535,.T.);
#1081=EDGE_CURVE('',#903,#903,#536,.T.);
#1082=EDGE_CURVE('',#904,#904,#537,.T.);
#1083=EDGE_CURVE('',#905,#905,#538,.T.);
#1084=EDGE_CURVE('',#906,#906,#539,.T.);
#1085=EDGE_CURVE('',#907,#907,#540,.T.);
#1086=EDGE_CURVE('',#908,#908,#541,.T.);
#1087=EDGE_CURVE('',#909,#909,#542,.T.);
#1088=EDGE_CURVE('',#910,#910,#543,.T.);
#1089=EDGE_CURVE('',#911,#911,#544,.T.);
#1090=EDGE_CURVE('',#912,#912,#545,.T.);
#1091=EDGE_CURVE('',#913,#913,#546,.T.);
#1092=EDGE_CURVE('',#914,#914,#547,.T.);
#1093=EDGE_CURVE('',#915,#915,#548,.T.);
#1094=EDGE_CURVE('',#916,#916,#549,.T.);
#1095=EDGE_CURVE('',#917,#917,#550,.T.);
#1096=EDGE_CURVE('',#918,#918,#551,.T.);
#1097=EDGE_CURVE('',#919,#919,#552,.T.);
#1098=EDGE_CURVE('',#920,#920,#553,.T.);
#1099=EDGE_CURVE('',#921,#921,#554,.T.);
#1100=EDGE_CURVE('',#837,#848,#646,.T.);
#1101=EDGE_CURVE('',#842,#846,#647,.T.);
#1102=EDGE_CURVE('',#838,#834,#648,.T.);
#1103=EDGE_CURVE('',#843,#847,#649,.T.);
#1104=EDGE_CURVE('',#849,#836,#650,.T.);
#1105=EDGE_CURVE('',#835,#839,#651,.T.);
#1106=EDGE_CURVE('',#922,#922,#555,.T.);
#1107=EDGE_CURVE('',#923,#924,#556,.T.);
#1108=EDGE_CURVE('',#923,#857,#665,.F.);
#1109=EDGE_CURVE('',#924,#856,#666,.F.);
#1110=EDGE_CURVE('',#924,#925,#667,.T.);
#1111=EDGE_CURVE('',#925,#855,#668,.T.);
#1112=EDGE_CURVE('',#925,#926,#557,.T.);
#1113=EDGE_CURVE('',#926,#854,#669,.T.);
#1114=EDGE_CURVE('',#926,#923,#670,.T.);
#1115=EDGE_CURVE('',#927,#928,#671,.T.);
#1116=EDGE_CURVE('',#927,#863,#672,.T.);
#1117=EDGE_CURVE('',#928,#862,#673,.T.);
#1118=EDGE_CURVE('',#928,#929,#652,.T.);
#1119=EDGE_CURVE('',#929,#861,#674,.T.);
#1120=EDGE_CURVE('',#929,#930,#558,.T.);
#1121=EDGE_CURVE('',#930,#860,#675,.T.);
#1122=EDGE_CURVE('',#930,#931,#653,.T.);
#1123=EDGE_CURVE('',#931,#859,#676,.T.);
#1124=EDGE_CURVE('',#931,#932,#677,.T.);
#1125=EDGE_CURVE('',#932,#858,#678,.T.);
#1126=EDGE_CURVE('',#933,#927,#654,.T.);
#1127=EDGE_CURVE('',#933,#864,#679,.T.);
#1128=EDGE_CURVE('',#934,#933,#559,.T.);
#1129=EDGE_CURVE('',#934,#865,#680,.T.);
#1130=EDGE_CURVE('',#932,#934,#655,.T.);
#1131=EDGE_CURVE('',#921,#935,#681,.T.);
#1132=EDGE_CURVE('',#935,#935,#560,.T.);
#1133=EDGE_CURVE('',#920,#936,#682,.T.);
#1134=EDGE_CURVE('',#936,#936,#561,.T.);
#1135=EDGE_CURVE('',#919,#937,#683,.T.);
#1136=EDGE_CURVE('',#937,#937,#562,.T.);
#1137=EDGE_CURVE('',#918,#938,#684,.T.);
#1138=EDGE_CURVE('',#938,#938,#563,.T.);
#1139=EDGE_CURVE('',#917,#939,#685,.T.);
#1140=EDGE_CURVE('',#939,#939,#564,.T.);
#1141=EDGE_CURVE('',#916,#940,#686,.T.);
#1142=EDGE_CURVE('',#940,#940,#565,.T.);
#1143=EDGE_CURVE('',#915,#941,#687,.T.);
#1144=EDGE_CURVE('',#941,#941,#566,.T.);
#1145=EDGE_CURVE('',#914,#942,#688,.T.);
#1146=EDGE_CURVE('',#942,#942,#567,.T.);
#1147=EDGE_CURVE('',#913,#943,#689,.T.);
#1148=EDGE_CURVE('',#943,#943,#568,.T.);
#1149=EDGE_CURVE('',#912,#944,#690,.T.);
#1150=EDGE_CURVE('',#944,#944,#569,.T.);
#1151=EDGE_CURVE('',#911,#945,#691,.T.);
#1152=EDGE_CURVE('',#945,#945,#570,.T.);
#1153=EDGE_CURVE('',#910,#946,#692,.T.);
#1154=EDGE_CURVE('',#946,#946,#571,.T.);
#1155=EDGE_CURVE('',#909,#947,#693,.T.);
#1156=EDGE_CURVE('',#947,#947,#572,.T.);
#1157=EDGE_CURVE('',#908,#948,#694,.T.);
#1158=EDGE_CURVE('',#948,#948,#573,.T.);
#1159=EDGE_CURVE('',#907,#949,#695,.T.);
#1160=EDGE_CURVE('',#949,#949,#574,.T.);
#1161=EDGE_CURVE('',#906,#950,#696,.T.);
#1162=EDGE_CURVE('',#950,#950,#575,.T.);
#1163=EDGE_CURVE('',#905,#951,#697,.T.);
#1164=EDGE_CURVE('',#951,#951,#576,.T.);
#1165=EDGE_CURVE('',#904,#952,#698,.T.);
#1166=EDGE_CURVE('',#952,#952,#577,.T.);
#1167=EDGE_CURVE('',#903,#953,#699,.T.);
#1168=EDGE_CURVE('',#953,#953,#578,.T.);
#1169=EDGE_CURVE('',#902,#954,#700,.T.);
#1170=EDGE_CURVE('',#954,#954,#579,.T.);
#1171=EDGE_CURVE('',#901,#955,#701,.T.);
#1172=EDGE_CURVE('',#955,#955,#580,.T.);
#1173=EDGE_CURVE('',#900,#956,#702,.T.);
#1174=EDGE_CURVE('',#956,#956,#581,.T.);
#1175=EDGE_CURVE('',#899,#957,#703,.T.);
#1176=EDGE_CURVE('',#957,#957,#582,.T.);
#1177=EDGE_CURVE('',#898,#958,#704,.T.);
#1178=EDGE_CURVE('',#958,#958,#583,.T.);
#1179=EDGE_CURVE('',#897,#959,#705,.T.);
#1180=EDGE_CURVE('',#959,#959,#584,.T.);
#1181=EDGE_CURVE('',#896,#960,#706,.T.);
#1182=EDGE_CURVE('',#960,#960,#585,.T.);
#1183=EDGE_CURVE('',#895,#961,#707,.T.);
#1184=EDGE_CURVE('',#961,#961,#586,.T.);
#1185=EDGE_CURVE('',#894,#962,#708,.T.);
#1186=EDGE_CURVE('',#962,#962,#587,.T.);
#1187=EDGE_CURVE('',#893,#963,#709,.T.);
#1188=EDGE_CURVE('',#963,#963,#588,.T.);
#1189=EDGE_CURVE('',#892,#964,#710,.T.);
#1190=EDGE_CURVE('',#964,#964,#589,.T.);
#1191=EDGE_CURVE('',#891,#965,#711,.T.);
#1192=EDGE_CURVE('',#965,#965,#590,.T.);
#1193=EDGE_CURVE('',#890,#966,#712,.T.);
#1194=EDGE_CURVE('',#966,#966,#591,.T.);
#1195=EDGE_CURVE('',#889,#967,#713,.T.);
#1196=EDGE_CURVE('',#967,#967,#592,.T.);
#1197=EDGE_CURVE('',#888,#968,#714,.T.);
#1198=EDGE_CURVE('',#968,#968,#593,.T.);
#1199=EDGE_CURVE('',#887,#969,#715,.T.);
#1200=EDGE_CURVE('',#969,#969,#594,.T.);
#1201=EDGE_CURVE('',#886,#970,#716,.T.);
#1202=EDGE_CURVE('',#970,#970,#595,.T.);
#1203=EDGE_CURVE('',#885,#971,#717,.T.);
#1204=EDGE_CURVE('',#971,#971,#596,.T.);
#1205=EDGE_CURVE('',#884,#972,#718,.T.);
#1206=EDGE_CURVE('',#972,#972,#597,.T.);
#1207=EDGE_CURVE('',#883,#973,#719,.T.);
#1208=EDGE_CURVE('',#973,#973,#598,.T.);
#1209=EDGE_CURVE('',#882,#974,#720,.T.);
#1210=EDGE_CURVE('',#974,#974,#599,.T.);
#1211=EDGE_CURVE('',#881,#975,#721,.T.);
#1212=EDGE_CURVE('',#975,#975,#600,.T.);
#1213=EDGE_CURVE('',#880,#976,#722,.T.);
#1214=EDGE_CURVE('',#976,#976,#601,.T.);
#1215=EDGE_CURVE('',#879,#977,#723,.T.);
#1216=EDGE_CURVE('',#977,#977,#602,.T.);
#1217=EDGE_CURVE('',#878,#978,#724,.T.);
#1218=EDGE_CURVE('',#978,#978,#603,.T.);
#1219=EDGE_CURVE('',#877,#979,#725,.T.);
#1220=EDGE_CURVE('',#979,#979,#604,.T.);
#1221=EDGE_CURVE('',#876,#980,#726,.T.);
#1222=EDGE_CURVE('',#980,#980,#605,.T.);
#1223=EDGE_CURVE('',#875,#981,#727,.T.);
#1224=EDGE_CURVE('',#981,#981,#606,.T.);
#1225=EDGE_CURVE('',#874,#982,#728,.T.);
#1226=EDGE_CURVE('',#982,#982,#607,.T.);
#1227=EDGE_CURVE('',#873,#983,#729,.T.);
#1228=EDGE_CURVE('',#983,#983,#608,.T.);
#1229=EDGE_CURVE('',#872,#984,#730,.T.);
#1230=EDGE_CURVE('',#984,#984,#609,.T.);
#1231=EDGE_CURVE('',#871,#985,#731,.T.);
#1232=EDGE_CURVE('',#985,#985,#610,.T.);
#1233=EDGE_CURVE('',#870,#986,#732,.T.);
#1234=EDGE_CURVE('',#986,#986,#611,.T.);
#1235=EDGE_CURVE('',#869,#987,#733,.T.);
#1236=EDGE_CURVE('',#987,#987,#612,.T.);
#1237=EDGE_CURVE('',#868,#988,#734,.T.);
#1238=EDGE_CURVE('',#988,#988,#613,.T.);
#1239=EDGE_CURVE('',#867,#989,#735,.T.);
#1240=EDGE_CURVE('',#989,#989,#614,.T.);
#1241=EDGE_CURVE('',#990,#990,#615,.T.);
#1242=EDGE_CURVE('',#990,#991,#736,.T.);
#1243=EDGE_CURVE('',#991,#991,#616,.T.);
#1244=EDGE_CURVE('',#992,#992,#617,.T.);
#1245=EDGE_CURVE('',#992,#993,#737,.T.);
#1246=EDGE_CURVE('',#993,#993,#618,.T.);
#1247=EDGE_CURVE('',#994,#994,#619,.T.);
#1248=EDGE_CURVE('',#995,#995,#620,.T.);
#1249=EDGE_CURVE('',#996,#996,#621,.T.);
#1250=EDGE_CURVE('',#997,#997,#622,.T.);
#1251=EDGE_CURVE('',#998,#998,#623,.T.);
#1252=EDGE_CURVE('',#998,#999,#738,.T.);
#1253=EDGE_CURVE('',#999,#999,#624,.T.);
#1254=EDGE_CURVE('',#1000,#1000,#625,.T.);
#1255=EDGE_CURVE('',#1000,#995,#739,.T.);
#1256=EDGE_CURVE('',#1001,#1001,#626,.T.);
#1257=EDGE_CURVE('',#1001,#1002,#740,.T.);
#1258=EDGE_CURVE('',#1002,#1002,#627,.T.);
#1259=EDGE_CURVE('',#1003,#1003,#628,.T.);
#1260=EDGE_CURVE('',#1003,#997,#741,.T.);
#1261=EDGE_CURVE('',#1004,#1004,#629,.T.);
#1262=EDGE_CURVE('',#1004,#1005,#742,.T.);
#1263=EDGE_CURVE('',#1005,#1005,#630,.T.);
#1264=EDGE_CURVE('',#1006,#1006,#631,.T.);
#1265=EDGE_CURVE('',#1006,#996,#743,.T.);
#1266=EDGE_CURVE('',#922,#994,#744,.T.);
#1267=ORIENTED_EDGE('',*,*,#1007,.T.);
#1268=ORIENTED_EDGE('',*,*,#1008,.F.);
#1269=ORIENTED_EDGE('',*,*,#1009,.T.);
#1270=ORIENTED_EDGE('',*,*,#1010,.F.);
#1271=ORIENTED_EDGE('',*,*,#1011,.F.);
#1272=ORIENTED_EDGE('',*,*,#1012,.F.);
#1273=ORIENTED_EDGE('',*,*,#1013,.F.);
#1274=ORIENTED_EDGE('',*,*,#1014,.F.);
#1275=ORIENTED_EDGE('',*,*,#1015,.T.);
#1276=ORIENTED_EDGE('',*,*,#1016,.F.);
#1277=ORIENTED_EDGE('',*,*,#1017,.F.);
#1278=ORIENTED_EDGE('',*,*,#1018,.T.);
#1279=ORIENTED_EDGE('',*,*,#1019,.F.);
#1280=ORIENTED_EDGE('',*,*,#1020,.T.);
#1281=ORIENTED_EDGE('',*,*,#1021,.T.);
#1282=ORIENTED_EDGE('',*,*,#1022,.F.);
#1283=ORIENTED_EDGE('',*,*,#1023,.T.);
#1284=ORIENTED_EDGE('',*,*,#1024,.T.);
#1285=ORIENTED_EDGE('',*,*,#1025,.T.);
#1286=ORIENTED_EDGE('',*,*,#1026,.T.);
#1287=ORIENTED_EDGE('',*,*,#1024,.F.);
#1288=ORIENTED_EDGE('',*,*,#1027,.F.);
#1289=ORIENTED_EDGE('',*,*,#1028,.T.);
#1290=ORIENTED_EDGE('',*,*,#1025,.F.);
#1291=ORIENTED_EDGE('',*,*,#1026,.F.);
#1292=ORIENTED_EDGE('',*,*,#1028,.F.);
#1293=ORIENTED_EDGE('',*,*,#1029,.T.);
#1294=ORIENTED_EDGE('',*,*,#1030,.T.);
#1295=ORIENTED_EDGE('',*,*,#1031,.T.);
#1296=ORIENTED_EDGE('',*,*,#1032,.T.);
#1297=ORIENTED_EDGE('',*,*,#1033,.T.);
#1298=ORIENTED_EDGE('',*,*,#1034,.T.);
#1299=ORIENTED_EDGE('',*,*,#1035,.T.);
#1300=ORIENTED_EDGE('',*,*,#1036,.T.);
#1301=ORIENTED_EDGE('',*,*,#1037,.T.);
#1302=ORIENTED_EDGE('',*,*,#1038,.T.);
#1303=ORIENTED_EDGE('',*,*,#1039,.T.);
#1304=ORIENTED_EDGE('',*,*,#1040,.T.);
#1305=ORIENTED_EDGE('',*,*,#1023,.F.);
#1306=ORIENTED_EDGE('',*,*,#1041,.T.);
#1307=ORIENTED_EDGE('',*,*,#1017,.T.);
#1308=ORIENTED_EDGE('',*,*,#1042,.T.);
#1309=ORIENTED_EDGE('',*,*,#1013,.T.);
#1310=ORIENTED_EDGE('',*,*,#1043,.T.);
#1311=ORIENTED_EDGE('',*,*,#1044,.T.);
#1312=ORIENTED_EDGE('',*,*,#1027,.T.);
#1313=ORIENTED_EDGE('',*,*,#1044,.F.);
#1314=ORIENTED_EDGE('',*,*,#1043,.F.);
#1315=ORIENTED_EDGE('',*,*,#1045,.T.);
#1316=ORIENTED_EDGE('',*,*,#1046,.T.);
#1317=ORIENTED_EDGE('',*,*,#1047,.T.);
#1318=ORIENTED_EDGE('',*,*,#1048,.T.);
#1319=ORIENTED_EDGE('',*,*,#1049,.T.);
#1320=ORIENTED_EDGE('',*,*,#1050,.T.);
#1321=ORIENTED_EDGE('',*,*,#1051,.T.);
#1322=ORIENTED_EDGE('',*,*,#1052,.T.);
#1323=ORIENTED_EDGE('',*,*,#1053,.T.);
#1324=ORIENTED_EDGE('',*,*,#1054,.T.);
#1325=ORIENTED_EDGE('',*,*,#1055,.T.);
#1326=ORIENTED_EDGE('',*,*,#1056,.T.);
#1327=ORIENTED_EDGE('',*,*,#1057,.T.);
#1328=ORIENTED_EDGE('',*,*,#1058,.T.);
#1329=ORIENTED_EDGE('',*,*,#1059,.T.);
#1330=ORIENTED_EDGE('',*,*,#1060,.T.);
#1331=ORIENTED_EDGE('',*,*,#1061,.T.);
#1332=ORIENTED_EDGE('',*,*,#1062,.T.);
#1333=ORIENTED_EDGE('',*,*,#1063,.T.);
#1334=ORIENTED_EDGE('',*,*,#1064,.T.);
#1335=ORIENTED_EDGE('',*,*,#1065,.T.);
#1336=ORIENTED_EDGE('',*,*,#1066,.T.);
#1337=ORIENTED_EDGE('',*,*,#1067,.T.);
#1338=ORIENTED_EDGE('',*,*,#1068,.T.);
#1339=ORIENTED_EDGE('',*,*,#1069,.T.);
#1340=ORIENTED_EDGE('',*,*,#1070,.T.);
#1341=ORIENTED_EDGE('',*,*,#1071,.T.);
#1342=ORIENTED_EDGE('',*,*,#1072,.T.);
#1343=ORIENTED_EDGE('',*,*,#1073,.T.);
#1344=ORIENTED_EDGE('',*,*,#1074,.T.);
#1345=ORIENTED_EDGE('',*,*,#1075,.T.);
#1346=ORIENTED_EDGE('',*,*,#1076,.T.);
#1347=ORIENTED_EDGE('',*,*,#1077,.T.);
#1348=ORIENTED_EDGE('',*,*,#1078,.T.);
#1349=ORIENTED_EDGE('',*,*,#1079,.T.);
#1350=ORIENTED_EDGE('',*,*,#1080,.T.);
#1351=ORIENTED_EDGE('',*,*,#1081,.T.);
#1352=ORIENTED_EDGE('',*,*,#1082,.T.);
#1353=ORIENTED_EDGE('',*,*,#1083,.T.);
#1354=ORIENTED_EDGE('',*,*,#1084,.T.);
#1355=ORIENTED_EDGE('',*,*,#1085,.T.);
#1356=ORIENTED_EDGE('',*,*,#1086,.T.);
#1357=ORIENTED_EDGE('',*,*,#1087,.T.);
#1358=ORIENTED_EDGE('',*,*,#1088,.T.);
#1359=ORIENTED_EDGE('',*,*,#1089,.T.);
#1360=ORIENTED_EDGE('',*,*,#1090,.T.);
#1361=ORIENTED_EDGE('',*,*,#1091,.T.);
#1362=ORIENTED_EDGE('',*,*,#1092,.T.);
#1363=ORIENTED_EDGE('',*,*,#1093,.T.);
#1364=ORIENTED_EDGE('',*,*,#1094,.T.);
#1365=ORIENTED_EDGE('',*,*,#1095,.T.);
#1366=ORIENTED_EDGE('',*,*,#1096,.T.);
#1367=ORIENTED_EDGE('',*,*,#1097,.T.);
#1368=ORIENTED_EDGE('',*,*,#1098,.T.);
#1369=ORIENTED_EDGE('',*,*,#1099,.T.);
#1370=ORIENTED_EDGE('',*,*,#1100,.T.);
#1371=ORIENTED_EDGE('',*,*,#1020,.F.);
#1372=ORIENTED_EDGE('',*,*,#1101,.F.);
#1373=ORIENTED_EDGE('',*,*,#1018,.F.);
#1374=ORIENTED_EDGE('',*,*,#1041,.F.);
#1375=ORIENTED_EDGE('',*,*,#1012,.T.);
#1376=ORIENTED_EDGE('',*,*,#1102,.T.);
#1377=ORIENTED_EDGE('',*,*,#1010,.T.);
#1378=ORIENTED_EDGE('',*,*,#1019,.T.);
#1379=ORIENTED_EDGE('',*,*,#1103,.F.);
#1380=ORIENTED_EDGE('',*,*,#1015,.F.);
#1381=ORIENTED_EDGE('',*,*,#1101,.T.);
#1382=ORIENTED_EDGE('',*,*,#1104,.T.);
#1383=ORIENTED_EDGE('',*,*,#1008,.T.);
#1384=ORIENTED_EDGE('',*,*,#1105,.T.);
#1385=ORIENTED_EDGE('',*,*,#1014,.T.);
#1386=ORIENTED_EDGE('',*,*,#1042,.F.);
#1387=ORIENTED_EDGE('',*,*,#1016,.T.);
#1388=ORIENTED_EDGE('',*,*,#1103,.T.);
#1389=ORIENTED_EDGE('',*,*,#1022,.T.);
#1390=ORIENTED_EDGE('',*,*,#1100,.F.);
#1391=ORIENTED_EDGE('',*,*,#1009,.F.);
#1392=ORIENTED_EDGE('',*,*,#1104,.F.);
#1393=ORIENTED_EDGE('',*,*,#1021,.F.);
#1394=ORIENTED_EDGE('',*,*,#1106,.F.);
#1395=ORIENTED_EDGE('',*,*,#1011,.T.);
#1396=ORIENTED_EDGE('',*,*,#1105,.F.);
#1397=ORIENTED_EDGE('',*,*,#1007,.F.);
#1398=ORIENTED_EDGE('',*,*,#1102,.F.);
#1399=ORIENTED_EDGE('',*,*,#1107,.F.);
#1400=ORIENTED_EDGE('',*,*,#1108,.T.);
#1401=ORIENTED_EDGE('',*,*,#1031,.F.);
#1402=ORIENTED_EDGE('',*,*,#1109,.F.);
#1403=ORIENTED_EDGE('',*,*,#1110,.F.);
#1404=ORIENTED_EDGE('',*,*,#1109,.T.);
#1405=ORIENTED_EDGE('',*,*,#1030,.F.);
#1406=ORIENTED_EDGE('',*,*,#1111,.F.);
#1407=ORIENTED_EDGE('',*,*,#1112,.F.);
#1408=ORIENTED_EDGE('',*,*,#1111,.T.);
#1409=ORIENTED_EDGE('',*,*,#1029,.F.);
#1410=ORIENTED_EDGE('',*,*,#1113,.F.);
#1411=ORIENTED_EDGE('',*,*,#1114,.F.);
#1412=ORIENTED_EDGE('',*,*,#1113,.T.);
#1413=ORIENTED_EDGE('',*,*,#1032,.F.);
#1414=ORIENTED_EDGE('',*,*,#1108,.F.);
#1415=ORIENTED_EDGE('',*,*,#1115,.F.);
#1416=ORIENTED_EDGE('',*,*,#1116,.T.);
#1417=ORIENTED_EDGE('',*,*,#1037,.F.);
#1418=ORIENTED_EDGE('',*,*,#1117,.F.);
#1419=ORIENTED_EDGE('',*,*,#1118,.F.);
#1420=ORIENTED_EDGE('',*,*,#1117,.T.);
#1421=ORIENTED_EDGE('',*,*,#1036,.F.);
#1422=ORIENTED_EDGE('',*,*,#1119,.F.);
#1423=ORIENTED_EDGE('',*,*,#1120,.F.);
#1424=ORIENTED_EDGE('',*,*,#1119,.T.);
#1425=ORIENTED_EDGE('',*,*,#1035,.F.);
#1426=ORIENTED_EDGE('',*,*,#1121,.F.);
#1427=ORIENTED_EDGE('',*,*,#1122,.F.);
#1428=ORIENTED_EDGE('',*,*,#1121,.T.);
#1429=ORIENTED_EDGE('',*,*,#1034,.F.);
#1430=ORIENTED_EDGE('',*,*,#1123,.F.);
#1431=ORIENTED_EDGE('',*,*,#1124,.F.);
#1432=ORIENTED_EDGE('',*,*,#1123,.T.);
#1433=ORIENTED_EDGE('',*,*,#1033,.F.);
#1434=ORIENTED_EDGE('',*,*,#1125,.F.);
#1435=ORIENTED_EDGE('',*,*,#1126,.F.);
#1436=ORIENTED_EDGE('',*,*,#1127,.T.);
#1437=ORIENTED_EDGE('',*,*,#1038,.F.);
#1438=ORIENTED_EDGE('',*,*,#1116,.F.);
#1439=ORIENTED_EDGE('',*,*,#1128,.F.);
#1440=ORIENTED_EDGE('',*,*,#1129,.T.);
#1441=ORIENTED_EDGE('',*,*,#1039,.F.);
#1442=ORIENTED_EDGE('',*,*,#1127,.F.);
#1443=ORIENTED_EDGE('',*,*,#1130,.F.);
#1444=ORIENTED_EDGE('',*,*,#1125,.T.);
#1445=ORIENTED_EDGE('',*,*,#1040,.F.);
#1446=ORIENTED_EDGE('',*,*,#1129,.F.);
#1447=ORIENTED_EDGE('',*,*,#1099,.F.);
#1448=ORIENTED_EDGE('',*,*,#1131,.T.);
#1449=ORIENTED_EDGE('',*,*,#1132,.F.);
#1450=ORIENTED_EDGE('',*,*,#1131,.F.);
#1451=ORIENTED_EDGE('',*,*,#1098,.F.);
#1452=ORIENTED_EDGE('',*,*,#1133,.T.);
#1453=ORIENTED_EDGE('',*,*,#1134,.F.);
#1454=ORIENTED_EDGE('',*,*,#1133,.F.);
#1455=ORIENTED_EDGE('',*,*,#1097,.F.);
#1456=ORIENTED_EDGE('',*,*,#1135,.T.);
#1457=ORIENTED_EDGE('',*,*,#1136,.F.);
#1458=ORIENTED_EDGE('',*,*,#1135,.F.);
#1459=ORIENTED_EDGE('',*,*,#1096,.F.);
#1460=ORIENTED_EDGE('',*,*,#1137,.T.);
#1461=ORIENTED_EDGE('',*,*,#1138,.F.);
#1462=ORIENTED_EDGE('',*,*,#1137,.F.);
#1463=ORIENTED_EDGE('',*,*,#1095,.F.);
#1464=ORIENTED_EDGE('',*,*,#1139,.T.);
#1465=ORIENTED_EDGE('',*,*,#1140,.F.);
#1466=ORIENTED_EDGE('',*,*,#1139,.F.);
#1467=ORIENTED_EDGE('',*,*,#1094,.F.);
#1468=ORIENTED_EDGE('',*,*,#1141,.T.);
#1469=ORIENTED_EDGE('',*,*,#1142,.F.);
#1470=ORIENTED_EDGE('',*,*,#1141,.F.);
#1471=ORIENTED_EDGE('',*,*,#1093,.F.);
#1472=ORIENTED_EDGE('',*,*,#1143,.T.);
#1473=ORIENTED_EDGE('',*,*,#1144,.F.);
#1474=ORIENTED_EDGE('',*,*,#1143,.F.);
#1475=ORIENTED_EDGE('',*,*,#1092,.F.);
#1476=ORIENTED_EDGE('',*,*,#1145,.T.);
#1477=ORIENTED_EDGE('',*,*,#1146,.F.);
#1478=ORIENTED_EDGE('',*,*,#1145,.F.);
#1479=ORIENTED_EDGE('',*,*,#1091,.F.);
#1480=ORIENTED_EDGE('',*,*,#1147,.T.);
#1481=ORIENTED_EDGE('',*,*,#1148,.F.);
#1482=ORIENTED_EDGE('',*,*,#1147,.F.);
#1483=ORIENTED_EDGE('',*,*,#1090,.F.);
#1484=ORIENTED_EDGE('',*,*,#1149,.T.);
#1485=ORIENTED_EDGE('',*,*,#1150,.F.);
#1486=ORIENTED_EDGE('',*,*,#1149,.F.);
#1487=ORIENTED_EDGE('',*,*,#1089,.F.);
#1488=ORIENTED_EDGE('',*,*,#1151,.T.);
#1489=ORIENTED_EDGE('',*,*,#1152,.F.);
#1490=ORIENTED_EDGE('',*,*,#1151,.F.);
#1491=ORIENTED_EDGE('',*,*,#1088,.F.);
#1492=ORIENTED_EDGE('',*,*,#1153,.T.);
#1493=ORIENTED_EDGE('',*,*,#1154,.F.);
#1494=ORIENTED_EDGE('',*,*,#1153,.F.);
#1495=ORIENTED_EDGE('',*,*,#1087,.F.);
#1496=ORIENTED_EDGE('',*,*,#1155,.T.);
#1497=ORIENTED_EDGE('',*,*,#1156,.F.);
#1498=ORIENTED_EDGE('',*,*,#1155,.F.);
#1499=ORIENTED_EDGE('',*,*,#1086,.F.);
#1500=ORIENTED_EDGE('',*,*,#1157,.T.);
#1501=ORIENTED_EDGE('',*,*,#1158,.F.);
#1502=ORIENTED_EDGE('',*,*,#1157,.F.);
#1503=ORIENTED_EDGE('',*,*,#1085,.F.);
#1504=ORIENTED_EDGE('',*,*,#1159,.T.);
#1505=ORIENTED_EDGE('',*,*,#1160,.F.);
#1506=ORIENTED_EDGE('',*,*,#1159,.F.);
#1507=ORIENTED_EDGE('',*,*,#1084,.F.);
#1508=ORIENTED_EDGE('',*,*,#1161,.T.);
#1509=ORIENTED_EDGE('',*,*,#1162,.F.);
#1510=ORIENTED_EDGE('',*,*,#1161,.F.);
#1511=ORIENTED_EDGE('',*,*,#1083,.F.);
#1512=ORIENTED_EDGE('',*,*,#1163,.T.);
#1513=ORIENTED_EDGE('',*,*,#1164,.F.);
#1514=ORIENTED_EDGE('',*,*,#1163,.F.);
#1515=ORIENTED_EDGE('',*,*,#1082,.F.);
#1516=ORIENTED_EDGE('',*,*,#1165,.T.);
#1517=ORIENTED_EDGE('',*,*,#1166,.F.);
#1518=ORIENTED_EDGE('',*,*,#1165,.F.);
#1519=ORIENTED_EDGE('',*,*,#1081,.F.);
#1520=ORIENTED_EDGE('',*,*,#1167,.T.);
#1521=ORIENTED_EDGE('',*,*,#1168,.F.);
#1522=ORIENTED_EDGE('',*,*,#1167,.F.);
#1523=ORIENTED_EDGE('',*,*,#1080,.F.);
#1524=ORIENTED_EDGE('',*,*,#1169,.T.);
#1525=ORIENTED_EDGE('',*,*,#1170,.F.);
#1526=ORIENTED_EDGE('',*,*,#1169,.F.);
#1527=ORIENTED_EDGE('',*,*,#1079,.F.);
#1528=ORIENTED_EDGE('',*,*,#1171,.T.);
#1529=ORIENTED_EDGE('',*,*,#1172,.F.);
#1530=ORIENTED_EDGE('',*,*,#1171,.F.);
#1531=ORIENTED_EDGE('',*,*,#1078,.F.);
#1532=ORIENTED_EDGE('',*,*,#1173,.T.);
#1533=ORIENTED_EDGE('',*,*,#1174,.F.);
#1534=ORIENTED_EDGE('',*,*,#1173,.F.);
#1535=ORIENTED_EDGE('',*,*,#1077,.F.);
#1536=ORIENTED_EDGE('',*,*,#1175,.T.);
#1537=ORIENTED_EDGE('',*,*,#1176,.F.);
#1538=ORIENTED_EDGE('',*,*,#1175,.F.);
#1539=ORIENTED_EDGE('',*,*,#1076,.F.);
#1540=ORIENTED_EDGE('',*,*,#1177,.T.);
#1541=ORIENTED_EDGE('',*,*,#1178,.F.);
#1542=ORIENTED_EDGE('',*,*,#1177,.F.);
#1543=ORIENTED_EDGE('',*,*,#1075,.F.);
#1544=ORIENTED_EDGE('',*,*,#1179,.T.);
#1545=ORIENTED_EDGE('',*,*,#1180,.F.);
#1546=ORIENTED_EDGE('',*,*,#1179,.F.);
#1547=ORIENTED_EDGE('',*,*,#1074,.F.);
#1548=ORIENTED_EDGE('',*,*,#1181,.T.);
#1549=ORIENTED_EDGE('',*,*,#1182,.F.);
#1550=ORIENTED_EDGE('',*,*,#1181,.F.);
#1551=ORIENTED_EDGE('',*,*,#1073,.F.);
#1552=ORIENTED_EDGE('',*,*,#1183,.T.);
#1553=ORIENTED_EDGE('',*,*,#1184,.F.);
#1554=ORIENTED_EDGE('',*,*,#1183,.F.);
#1555=ORIENTED_EDGE('',*,*,#1072,.F.);
#1556=ORIENTED_EDGE('',*,*,#1185,.T.);
#1557=ORIENTED_EDGE('',*,*,#1186,.F.);
#1558=ORIENTED_EDGE('',*,*,#1185,.F.);
#1559=ORIENTED_EDGE('',*,*,#1071,.F.);
#1560=ORIENTED_EDGE('',*,*,#1187,.T.);
#1561=ORIENTED_EDGE('',*,*,#1188,.F.);
#1562=ORIENTED_EDGE('',*,*,#1187,.F.);
#1563=ORIENTED_EDGE('',*,*,#1070,.F.);
#1564=ORIENTED_EDGE('',*,*,#1189,.T.);
#1565=ORIENTED_EDGE('',*,*,#1190,.F.);
#1566=ORIENTED_EDGE('',*,*,#1189,.F.);
#1567=ORIENTED_EDGE('',*,*,#1069,.F.);
#1568=ORIENTED_EDGE('',*,*,#1191,.T.);
#1569=ORIENTED_EDGE('',*,*,#1192,.F.);
#1570=ORIENTED_EDGE('',*,*,#1191,.F.);
#1571=ORIENTED_EDGE('',*,*,#1068,.F.);
#1572=ORIENTED_EDGE('',*,*,#1193,.T.);
#1573=ORIENTED_EDGE('',*,*,#1194,.F.);
#1574=ORIENTED_EDGE('',*,*,#1193,.F.);
#1575=ORIENTED_EDGE('',*,*,#1067,.F.);
#1576=ORIENTED_EDGE('',*,*,#1195,.T.);
#1577=ORIENTED_EDGE('',*,*,#1196,.F.);
#1578=ORIENTED_EDGE('',*,*,#1195,.F.);
#1579=ORIENTED_EDGE('',*,*,#1066,.F.);
#1580=ORIENTED_EDGE('',*,*,#1197,.T.);
#1581=ORIENTED_EDGE('',*,*,#1198,.F.);
#1582=ORIENTED_EDGE('',*,*,#1197,.F.);
#1583=ORIENTED_EDGE('',*,*,#1065,.F.);
#1584=ORIENTED_EDGE('',*,*,#1199,.T.);
#1585=ORIENTED_EDGE('',*,*,#1200,.F.);
#1586=ORIENTED_EDGE('',*,*,#1199,.F.);
#1587=ORIENTED_EDGE('',*,*,#1064,.F.);
#1588=ORIENTED_EDGE('',*,*,#1201,.T.);
#1589=ORIENTED_EDGE('',*,*,#1202,.F.);
#1590=ORIENTED_EDGE('',*,*,#1201,.F.);
#1591=ORIENTED_EDGE('',*,*,#1063,.F.);
#1592=ORIENTED_EDGE('',*,*,#1203,.T.);
#1593=ORIENTED_EDGE('',*,*,#1204,.F.);
#1594=ORIENTED_EDGE('',*,*,#1203,.F.);
#1595=ORIENTED_EDGE('',*,*,#1062,.F.);
#1596=ORIENTED_EDGE('',*,*,#1205,.T.);
#1597=ORIENTED_EDGE('',*,*,#1206,.F.);
#1598=ORIENTED_EDGE('',*,*,#1205,.F.);
#1599=ORIENTED_EDGE('',*,*,#1061,.F.);
#1600=ORIENTED_EDGE('',*,*,#1207,.T.);
#1601=ORIENTED_EDGE('',*,*,#1208,.F.);
#1602=ORIENTED_EDGE('',*,*,#1207,.F.);
#1603=ORIENTED_EDGE('',*,*,#1060,.F.);
#1604=ORIENTED_EDGE('',*,*,#1209,.T.);
#1605=ORIENTED_EDGE('',*,*,#1210,.F.);
#1606=ORIENTED_EDGE('',*,*,#1209,.F.);
#1607=ORIENTED_EDGE('',*,*,#1059,.F.);
#1608=ORIENTED_EDGE('',*,*,#1211,.T.);
#1609=ORIENTED_EDGE('',*,*,#1212,.F.);
#1610=ORIENTED_EDGE('',*,*,#1211,.F.);
#1611=ORIENTED_EDGE('',*,*,#1058,.F.);
#1612=ORIENTED_EDGE('',*,*,#1213,.T.);
#1613=ORIENTED_EDGE('',*,*,#1214,.F.);
#1614=ORIENTED_EDGE('',*,*,#1213,.F.);
#1615=ORIENTED_EDGE('',*,*,#1057,.F.);
#1616=ORIENTED_EDGE('',*,*,#1215,.T.);
#1617=ORIENTED_EDGE('',*,*,#1216,.F.);
#1618=ORIENTED_EDGE('',*,*,#1215,.F.);
#1619=ORIENTED_EDGE('',*,*,#1056,.F.);
#1620=ORIENTED_EDGE('',*,*,#1217,.T.);
#1621=ORIENTED_EDGE('',*,*,#1218,.F.);
#1622=ORIENTED_EDGE('',*,*,#1217,.F.);
#1623=ORIENTED_EDGE('',*,*,#1055,.F.);
#1624=ORIENTED_EDGE('',*,*,#1219,.T.);
#1625=ORIENTED_EDGE('',*,*,#1220,.F.);
#1626=ORIENTED_EDGE('',*,*,#1219,.F.);
#1627=ORIENTED_EDGE('',*,*,#1054,.F.);
#1628=ORIENTED_EDGE('',*,*,#1221,.T.);
#1629=ORIENTED_EDGE('',*,*,#1222,.F.);
#1630=ORIENTED_EDGE('',*,*,#1221,.F.);
#1631=ORIENTED_EDGE('',*,*,#1053,.F.);
#1632=ORIENTED_EDGE('',*,*,#1223,.T.);
#1633=ORIENTED_EDGE('',*,*,#1224,.F.);
#1634=ORIENTED_EDGE('',*,*,#1223,.F.);
#1635=ORIENTED_EDGE('',*,*,#1052,.F.);
#1636=ORIENTED_EDGE('',*,*,#1225,.T.);
#1637=ORIENTED_EDGE('',*,*,#1226,.F.);
#1638=ORIENTED_EDGE('',*,*,#1225,.F.);
#1639=ORIENTED_EDGE('',*,*,#1051,.F.);
#1640=ORIENTED_EDGE('',*,*,#1227,.T.);
#1641=ORIENTED_EDGE('',*,*,#1228,.F.);
#1642=ORIENTED_EDGE('',*,*,#1227,.F.);
#1643=ORIENTED_EDGE('',*,*,#1050,.F.);
#1644=ORIENTED_EDGE('',*,*,#1229,.T.);
#1645=ORIENTED_EDGE('',*,*,#1230,.F.);
#1646=ORIENTED_EDGE('',*,*,#1229,.F.);
#1647=ORIENTED_EDGE('',*,*,#1049,.F.);
#1648=ORIENTED_EDGE('',*,*,#1231,.T.);
#1649=ORIENTED_EDGE('',*,*,#1232,.F.);
#1650=ORIENTED_EDGE('',*,*,#1231,.F.);
#1651=ORIENTED_EDGE('',*,*,#1048,.F.);
#1652=ORIENTED_EDGE('',*,*,#1233,.T.);
#1653=ORIENTED_EDGE('',*,*,#1234,.F.);
#1654=ORIENTED_EDGE('',*,*,#1233,.F.);
#1655=ORIENTED_EDGE('',*,*,#1047,.F.);
#1656=ORIENTED_EDGE('',*,*,#1235,.T.);
#1657=ORIENTED_EDGE('',*,*,#1236,.F.);
#1658=ORIENTED_EDGE('',*,*,#1235,.F.);
#1659=ORIENTED_EDGE('',*,*,#1046,.F.);
#1660=ORIENTED_EDGE('',*,*,#1237,.T.);
#1661=ORIENTED_EDGE('',*,*,#1238,.F.);
#1662=ORIENTED_EDGE('',*,*,#1237,.F.);
#1663=ORIENTED_EDGE('',*,*,#1045,.F.);
#1664=ORIENTED_EDGE('',*,*,#1239,.T.);
#1665=ORIENTED_EDGE('',*,*,#1240,.F.);
#1666=ORIENTED_EDGE('',*,*,#1239,.F.);
#1667=ORIENTED_EDGE('',*,*,#1241,.F.);
#1668=ORIENTED_EDGE('',*,*,#1242,.T.);
#1669=ORIENTED_EDGE('',*,*,#1243,.F.);
#1670=ORIENTED_EDGE('',*,*,#1242,.F.);
#1671=ORIENTED_EDGE('',*,*,#1244,.F.);
#1672=ORIENTED_EDGE('',*,*,#1245,.T.);
#1673=ORIENTED_EDGE('',*,*,#1246,.F.);
#1674=ORIENTED_EDGE('',*,*,#1245,.F.);
#1675=ORIENTED_EDGE('',*,*,#1244,.T.);
#1676=ORIENTED_EDGE('',*,*,#1241,.T.);
#1677=ORIENTED_EDGE('',*,*,#1247,.T.);
#1678=ORIENTED_EDGE('',*,*,#1132,.T.);
#1679=ORIENTED_EDGE('',*,*,#1134,.T.);
#1680=ORIENTED_EDGE('',*,*,#1136,.T.);
#1681=ORIENTED_EDGE('',*,*,#1138,.T.);
#1682=ORIENTED_EDGE('',*,*,#1140,.T.);
#1683=ORIENTED_EDGE('',*,*,#1142,.T.);
#1684=ORIENTED_EDGE('',*,*,#1144,.T.);
#1685=ORIENTED_EDGE('',*,*,#1146,.T.);
#1686=ORIENTED_EDGE('',*,*,#1148,.T.);
#1687=ORIENTED_EDGE('',*,*,#1150,.T.);
#1688=ORIENTED_EDGE('',*,*,#1152,.T.);
#1689=ORIENTED_EDGE('',*,*,#1154,.T.);
#1690=ORIENTED_EDGE('',*,*,#1156,.T.);
#1691=ORIENTED_EDGE('',*,*,#1158,.T.);
#1692=ORIENTED_EDGE('',*,*,#1160,.T.);
#1693=ORIENTED_EDGE('',*,*,#1162,.T.);
#1694=ORIENTED_EDGE('',*,*,#1164,.T.);
#1695=ORIENTED_EDGE('',*,*,#1166,.T.);
#1696=ORIENTED_EDGE('',*,*,#1168,.T.);
#1697=ORIENTED_EDGE('',*,*,#1170,.T.);
#1698=ORIENTED_EDGE('',*,*,#1172,.T.);
#1699=ORIENTED_EDGE('',*,*,#1174,.T.);
#1700=ORIENTED_EDGE('',*,*,#1176,.T.);
#1701=ORIENTED_EDGE('',*,*,#1178,.T.);
#1702=ORIENTED_EDGE('',*,*,#1180,.T.);
#1703=ORIENTED_EDGE('',*,*,#1182,.T.);
#1704=ORIENTED_EDGE('',*,*,#1184,.T.);
#1705=ORIENTED_EDGE('',*,*,#1186,.T.);
#1706=ORIENTED_EDGE('',*,*,#1188,.T.);
#1707=ORIENTED_EDGE('',*,*,#1190,.T.);
#1708=ORIENTED_EDGE('',*,*,#1192,.T.);
#1709=ORIENTED_EDGE('',*,*,#1194,.T.);
#1710=ORIENTED_EDGE('',*,*,#1196,.T.);
#1711=ORIENTED_EDGE('',*,*,#1198,.T.);
#1712=ORIENTED_EDGE('',*,*,#1200,.T.);
#1713=ORIENTED_EDGE('',*,*,#1202,.T.);
#1714=ORIENTED_EDGE('',*,*,#1204,.T.);
#1715=ORIENTED_EDGE('',*,*,#1206,.T.);
#1716=ORIENTED_EDGE('',*,*,#1208,.T.);
#1717=ORIENTED_EDGE('',*,*,#1210,.T.);
#1718=ORIENTED_EDGE('',*,*,#1212,.T.);
#1719=ORIENTED_EDGE('',*,*,#1214,.T.);
#1720=ORIENTED_EDGE('',*,*,#1216,.T.);
#1721=ORIENTED_EDGE('',*,*,#1218,.T.);
#1722=ORIENTED_EDGE('',*,*,#1220,.T.);
#1723=ORIENTED_EDGE('',*,*,#1222,.T.);
#1724=ORIENTED_EDGE('',*,*,#1224,.T.);
#1725=ORIENTED_EDGE('',*,*,#1226,.T.);
#1726=ORIENTED_EDGE('',*,*,#1228,.T.);
#1727=ORIENTED_EDGE('',*,*,#1230,.T.);
#1728=ORIENTED_EDGE('',*,*,#1232,.T.);
#1729=ORIENTED_EDGE('',*,*,#1234,.T.);
#1730=ORIENTED_EDGE('',*,*,#1236,.T.);
#1731=ORIENTED_EDGE('',*,*,#1238,.T.);
#1732=ORIENTED_EDGE('',*,*,#1240,.T.);
#1733=ORIENTED_EDGE('',*,*,#1248,.T.);
#1734=ORIENTED_EDGE('',*,*,#1249,.T.);
#1735=ORIENTED_EDGE('',*,*,#1250,.T.);
#1736=ORIENTED_EDGE('',*,*,#1246,.T.);
#1737=ORIENTED_EDGE('',*,*,#1251,.F.);
#1738=ORIENTED_EDGE('',*,*,#1252,.T.);
#1739=ORIENTED_EDGE('',*,*,#1253,.F.);
#1740=ORIENTED_EDGE('',*,*,#1252,.F.);
#1741=ORIENTED_EDGE('',*,*,#1254,.F.);
#1742=ORIENTED_EDGE('',*,*,#1255,.T.);
#1743=ORIENTED_EDGE('',*,*,#1248,.F.);
#1744=ORIENTED_EDGE('',*,*,#1255,.F.);
#1745=ORIENTED_EDGE('',*,*,#1254,.T.);
#1746=ORIENTED_EDGE('',*,*,#1251,.T.);
#1747=ORIENTED_EDGE('',*,*,#1243,.T.);
#1748=ORIENTED_EDGE('',*,*,#1256,.F.);
#1749=ORIENTED_EDGE('',*,*,#1257,.T.);
#1750=ORIENTED_EDGE('',*,*,#1258,.F.);
#1751=ORIENTED_EDGE('',*,*,#1257,.F.);
#1752=ORIENTED_EDGE('',*,*,#1259,.F.);
#1753=ORIENTED_EDGE('',*,*,#1260,.T.);
#1754=ORIENTED_EDGE('',*,*,#1250,.F.);
#1755=ORIENTED_EDGE('',*,*,#1260,.F.);
#1756=ORIENTED_EDGE('',*,*,#1259,.T.);
#1757=ORIENTED_EDGE('',*,*,#1256,.T.);
#1758=ORIENTED_EDGE('',*,*,#1253,.T.);
#1759=ORIENTED_EDGE('',*,*,#1261,.F.);
#1760=ORIENTED_EDGE('',*,*,#1262,.T.);
#1761=ORIENTED_EDGE('',*,*,#1263,.F.);
#1762=ORIENTED_EDGE('',*,*,#1262,.F.);
#1763=ORIENTED_EDGE('',*,*,#1264,.F.);
#1764=ORIENTED_EDGE('',*,*,#1265,.T.);
#1765=ORIENTED_EDGE('',*,*,#1249,.F.);
#1766=ORIENTED_EDGE('',*,*,#1265,.F.);
#1767=ORIENTED_EDGE('',*,*,#1264,.T.);
#1768=ORIENTED_EDGE('',*,*,#1261,.T.);
#1769=ORIENTED_EDGE('',*,*,#1258,.T.);
#1770=ORIENTED_EDGE('',*,*,#1106,.T.);
#1771=ORIENTED_EDGE('',*,*,#1266,.T.);
#1772=ORIENTED_EDGE('',*,*,#1247,.F.);
#1773=ORIENTED_EDGE('',*,*,#1266,.F.);
#1774=ORIENTED_EDGE('',*,*,#1112,.T.);
#1775=ORIENTED_EDGE('',*,*,#1114,.T.);
#1776=ORIENTED_EDGE('',*,*,#1107,.T.);
#1777=ORIENTED_EDGE('',*,*,#1110,.T.);
#1778=ORIENTED_EDGE('',*,*,#1124,.T.);
#1779=ORIENTED_EDGE('',*,*,#1130,.T.);
#1780=ORIENTED_EDGE('',*,*,#1128,.T.);
#1781=ORIENTED_EDGE('',*,*,#1126,.T.);
#1782=ORIENTED_EDGE('',*,*,#1115,.T.);
#1783=ORIENTED_EDGE('',*,*,#1118,.T.);
#1784=ORIENTED_EDGE('',*,*,#1120,.T.);
#1785=ORIENTED_EDGE('',*,*,#1122,.T.);
#1786=ORIENTED_EDGE('',*,*,#1263,.T.);
#1787=CYLINDRICAL_SURFACE('',#1975,27.425);
#1788=CYLINDRICAL_SURFACE('',#1977,27.425);
#1789=CYLINDRICAL_SURFACE('',#1979,26.5635);
#1790=CYLINDRICAL_SURFACE('',#1981,26.5635);
#1791=CYLINDRICAL_SURFACE('',#1988,28.5);
#1792=CYLINDRICAL_SURFACE('',#2054,26.5635);
#1793=CYLINDRICAL_SURFACE('',#2057,27.425);
#1794=CYLINDRICAL_SURFACE('',#2065,1.54999999999998);
#1795=CYLINDRICAL_SURFACE('',#2068,1.54999999999997);
#1796=CYLINDRICAL_SURFACE('',#2070,1.54999999999997);
#1797=CYLINDRICAL_SURFACE('',#2073,1.54999999999997);
#1798=CYLINDRICAL_SURFACE('',#2074,1.6);
#1799=CYLINDRICAL_SURFACE('',#2076,1.6);
#1800=CYLINDRICAL_SURFACE('',#2078,0.6);
#1801=CYLINDRICAL_SURFACE('',#2080,0.6);
#1802=CYLINDRICAL_SURFACE('',#2082,0.599999999999999);
#1803=CYLINDRICAL_SURFACE('',#2084,0.599999999999999);
#1804=CYLINDRICAL_SURFACE('',#2086,0.6);
#1805=CYLINDRICAL_SURFACE('',#2088,0.6);
#1806=CYLINDRICAL_SURFACE('',#2090,0.6);
#1807=CYLINDRICAL_SURFACE('',#2092,0.6);
#1808=CYLINDRICAL_SURFACE('',#2094,0.599999999999999);
#1809=CYLINDRICAL_SURFACE('',#2096,0.6);
#1810=CYLINDRICAL_SURFACE('',#2098,0.6);
#1811=CYLINDRICAL_SURFACE('',#2100,0.599999999999999);
#1812=CYLINDRICAL_SURFACE('',#2102,0.599999999999999);
#1813=CYLINDRICAL_SURFACE('',#2104,0.6);
#1814=CYLINDRICAL_SURFACE('',#2106,0.6);
#1815=CYLINDRICAL_SURFACE('',#2108,0.6);
#1816=CYLINDRICAL_SURFACE('',#2110,0.6);
#1817=CYLINDRICAL_SURFACE('',#2112,0.6);
#1818=CYLINDRICAL_SURFACE('',#2114,0.6);
#1819=CYLINDRICAL_SURFACE('',#2116,0.6);
#1820=CYLINDRICAL_SURFACE('',#2118,0.6);
#1821=CYLINDRICAL_SURFACE('',#2120,0.599999999999999);
#1822=CYLINDRICAL_SURFACE('',#2122,0.6);
#1823=CYLINDRICAL_SURFACE('',#2124,0.6);
#1824=CYLINDRICAL_SURFACE('',#2126,0.6);
#1825=CYLINDRICAL_SURFACE('',#2128,0.599999999999999);
#1826=CYLINDRICAL_SURFACE('',#2130,0.599999999999999);
#1827=CYLINDRICAL_SURFACE('',#2132,0.6);
#1828=CYLINDRICAL_SURFACE('',#2134,0.599999999999999);
#1829=CYLINDRICAL_SURFACE('',#2136,0.6);
#1830=CYLINDRICAL_SURFACE('',#2138,0.6);
#1831=CYLINDRICAL_SURFACE('',#2140,0.6);
#1832=CYLINDRICAL_SURFACE('',#2142,0.6);
#1833=CYLINDRICAL_SURFACE('',#2144,0.6);
#1834=CYLINDRICAL_SURFACE('',#2146,0.6);
#1835=CYLINDRICAL_SURFACE('',#2148,0.599999999999999);
#1836=CYLINDRICAL_SURFACE('',#2150,0.6);
#1837=CYLINDRICAL_SURFACE('',#2152,0.599999999999999);
#1838=CYLINDRICAL_SURFACE('',#2154,0.599999999999999);
#1839=CYLINDRICAL_SURFACE('',#2156,0.599999999999999);
#1840=CYLINDRICAL_SURFACE('',#2158,0.6);
#1841=CYLINDRICAL_SURFACE('',#2160,0.599999999999999);
#1842=CYLINDRICAL_SURFACE('',#2162,0.6);
#1843=CYLINDRICAL_SURFACE('',#2164,0.6);
#1844=CYLINDRICAL_SURFACE('',#2166,0.6);
#1845=CYLINDRICAL_SURFACE('',#2168,0.6);
#1846=CYLINDRICAL_SURFACE('',#2170,0.6);
#1847=CYLINDRICAL_SURFACE('',#2172,0.6);
#1848=CYLINDRICAL_SURFACE('',#2174,0.6);
#1849=CYLINDRICAL_SURFACE('',#2176,0.599999999999999);
#1850=CYLINDRICAL_SURFACE('',#2178,0.6);
#1851=CYLINDRICAL_SURFACE('',#2180,0.6);
#1852=CYLINDRICAL_SURFACE('',#2182,0.599999999999999);
#1853=CYLINDRICAL_SURFACE('',#2184,1.);
#1854=CYLINDRICAL_SURFACE('',#2187,2.);
#1855=CYLINDRICAL_SURFACE('',#2196,1.);
#1856=CYLINDRICAL_SURFACE('',#2199,2.);
#1857=CYLINDRICAL_SURFACE('',#2203,1.);
#1858=CYLINDRICAL_SURFACE('',#2206,2.);
#1859=CYLINDRICAL_SURFACE('',#2210,1.);
#1860=CYLINDRICAL_SURFACE('',#2213,2.);
#1861=CYLINDRICAL_SURFACE('',#2217,26.5);
#1862=ADVANCED_FACE('',(#163),#1787,.F.);
#1863=ADVANCED_FACE('',(#164),#1788,.F.);
#1864=ADVANCED_FACE('',(#165),#1789,.F.);
#1865=ADVANCED_FACE('',(#166),#1790,.F.);
#1866=ADVANCED_FACE('',(#167),#161,.T.);
#1867=ADVANCED_FACE('',(#168,#37,#38),#1791,.T.);
#1868=ADVANCED_FACE('',(#169,#39),#17,.F.);
#1869=ADVANCED_FACE('',(#170),#162,.T.);
#1870=ADVANCED_FACE('',(#171,#40,#41,#42,#43,#44,#45,#46,#47,#48,#49,#50,
#51,#52,#53,#54,#55,#56,#57,#58,#59,#60,#61,#62,#63,#64,#65,#66,#67,#68,
#69,#70,#71,#72,#73,#74,#75,#76,#77,#78,#79,#80,#81,#82,#83,#84,#85,#86,
#87,#88,#89,#90,#91,#92,#93,#94),#18,.T.);
#1871=ADVANCED_FACE('',(#172),#15,.T.);
#1872=ADVANCED_FACE('',(#173),#1792,.F.);
#1873=ADVANCED_FACE('',(#174),#16,.T.);
#1874=ADVANCED_FACE('',(#175,#95),#19,.T.);
#1875=ADVANCED_FACE('',(#176),#1793,.F.);
#1876=ADVANCED_FACE('',(#177),#20,.F.);
#1877=ADVANCED_FACE('',(#178),#21,.F.);
#1878=ADVANCED_FACE('',(#179),#22,.F.);
#1879=ADVANCED_FACE('',(#180),#23,.F.);
#1880=ADVANCED_FACE('',(#181),#24,.F.);
#1881=ADVANCED_FACE('',(#182),#1794,.F.);
#1882=ADVANCED_FACE('',(#183),#25,.F.);
#1883=ADVANCED_FACE('',(#184),#1795,.F.);
#1884=ADVANCED_FACE('',(#185),#26,.F.);
#1885=ADVANCED_FACE('',(#186),#1796,.F.);
#1886=ADVANCED_FACE('',(#187),#27,.F.);
#1887=ADVANCED_FACE('',(#188),#1797,.F.);
#1888=ADVANCED_FACE('',(#189),#1798,.F.);
#1889=ADVANCED_FACE('',(#190),#1799,.F.);
#1890=ADVANCED_FACE('',(#191),#1800,.F.);
#1891=ADVANCED_FACE('',(#192),#1801,.F.);
#1892=ADVANCED_FACE('',(#193),#1802,.F.);
#1893=ADVANCED_FACE('',(#194),#1803,.F.);
#1894=ADVANCED_FACE('',(#195),#1804,.F.);
#1895=ADVANCED_FACE('',(#196),#1805,.F.);
#1896=ADVANCED_FACE('',(#197),#1806,.F.);
#1897=ADVANCED_FACE('',(#198),#1807,.F.);
#1898=ADVANCED_FACE('',(#199),#1808,.F.);
#1899=ADVANCED_FACE('',(#200),#1809,.F.);
#1900=ADVANCED_FACE('',(#201),#1810,.F.);
#1901=ADVANCED_FACE('',(#202),#1811,.F.);
#1902=ADVANCED_FACE('',(#203),#1812,.F.);
#1903=ADVANCED_FACE('',(#204),#1813,.F.);
#1904=ADVANCED_FACE('',(#205),#1814,.F.);
#1905=ADVANCED_FACE('',(#206),#1815,.F.);
#1906=ADVANCED_FACE('',(#207),#1816,.F.);
#1907=ADVANCED_FACE('',(#208),#1817,.F.);
#1908=ADVANCED_FACE('',(#209),#1818,.F.);
#1909=ADVANCED_FACE('',(#210),#1819,.F.);
#1910=ADVANCED_FACE('',(#211),#1820,.F.);
#1911=ADVANCED_FACE('',(#212),#1821,.F.);
#1912=ADVANCED_FACE('',(#213),#1822,.F.);
#1913=ADVANCED_FACE('',(#214),#1823,.F.);
#1914=ADVANCED_FACE('',(#215),#1824,.F.);
#1915=ADVANCED_FACE('',(#216),#1825,.F.);
#1916=ADVANCED_FACE('',(#217),#1826,.F.);
#1917=ADVANCED_FACE('',(#218),#1827,.F.);
#1918=ADVANCED_FACE('',(#219),#1828,.F.);
#1919=ADVANCED_FACE('',(#220),#1829,.F.);
#1920=ADVANCED_FACE('',(#221),#1830,.F.);
#1921=ADVANCED_FACE('',(#222),#1831,.F.);
#1922=ADVANCED_FACE('',(#223),#1832,.F.);
#1923=ADVANCED_FACE('',(#224),#1833,.F.);
#1924=ADVANCED_FACE('',(#225),#1834,.F.);
#1925=ADVANCED_FACE('',(#226),#1835,.F.);
#1926=ADVANCED_FACE('',(#227),#1836,.F.);
#1927=ADVANCED_FACE('',(#228),#1837,.F.);
#1928=ADVANCED_FACE('',(#229),#1838,.F.);
#1929=ADVANCED_FACE('',(#230),#1839,.F.);
#1930=ADVANCED_FACE('',(#231),#1840,.F.);
#1931=ADVANCED_FACE('',(#232),#1841,.F.);
#1932=ADVANCED_FACE('',(#233),#1842,.F.);
#1933=ADVANCED_FACE('',(#234),#1843,.F.);
#1934=ADVANCED_FACE('',(#235),#1844,.F.);
#1935=ADVANCED_FACE('',(#236),#1845,.F.);
#1936=ADVANCED_FACE('',(#237),#1846,.F.);
#1937=ADVANCED_FACE('',(#238),#1847,.F.);
#1938=ADVANCED_FACE('',(#239),#1848,.F.);
#1939=ADVANCED_FACE('',(#240),#1849,.F.);
#1940=ADVANCED_FACE('',(#241),#1850,.F.);
#1941=ADVANCED_FACE('',(#242),#1851,.F.);
#1942=ADVANCED_FACE('',(#243),#1852,.F.);
#1943=ADVANCED_FACE('',(#244),#1853,.F.);
#1944=ADVANCED_FACE('',(#245),#1854,.T.);
#1945=ADVANCED_FACE('',(#246,#96),#28,.F.);
#1946=ADVANCED_FACE('',(#247,#97,#98,#99,#100,#101,#102,#103,#104,#105,
#106,#107,#108,#109,#110,#111,#112,#113,#114,#115,#116,#117,#118,#119,#120,
#121,#122,#123,#124,#125,#126,#127,#128,#129,#130,#131,#132,#133,#134,#135,
#136,#137,#138,#139,#140,#141,#142,#143,#144,#145,#146,#147,#148,#149,#150,
#151,#152,#153,#154,#155),#29,.F.);
#1947=ADVANCED_FACE('',(#248),#1855,.F.);
#1948=ADVANCED_FACE('',(#249),#1856,.T.);
#1949=ADVANCED_FACE('',(#250,#156),#30,.F.);
#1950=ADVANCED_FACE('',(#251),#31,.F.);
#1951=ADVANCED_FACE('',(#252),#1857,.F.);
#1952=ADVANCED_FACE('',(#253),#1858,.T.);
#1953=ADVANCED_FACE('',(#254,#157),#32,.F.);
#1954=ADVANCED_FACE('',(#255),#33,.F.);
#1955=ADVANCED_FACE('',(#256),#1859,.F.);
#1956=ADVANCED_FACE('',(#257),#1860,.T.);
#1957=ADVANCED_FACE('',(#258,#158),#34,.F.);
#1958=ADVANCED_FACE('',(#259),#35,.F.);
#1959=ADVANCED_FACE('',(#260,#159,#160),#1861,.F.);
#1960=ADVANCED_FACE('',(#261),#36,.F.);
#1961=CLOSED_SHELL('',(#1862,#1863,#1864,#1865,#1866,#1867,#1868,#1869,
#1870,#1871,#1872,#1873,#1874,#1875,#1876,#1877,#1878,#1879,#1880,#1881,
#1882,#1883,#1884,#1885,#1886,#1887,#1888,#1889,#1890,#1891,#1892,#1893,
#1894,#1895,#1896,#1897,#1898,#1899,#1900,#1901,#1902,#1903,#1904,#1905,
#1906,#1907,#1908,#1909,#1910,#1911,#1912,#1913,#1914,#1915,#1916,#1917,
#1918,#1919,#1920,#1921,#1922,#1923,#1924,#1925,#1926,#1927,#1928,#1929,
#1930,#1931,#1932,#1933,#1934,#1935,#1936,#1937,#1938,#1939,#1940,#1941,
#1942,#1943,#1944,#1945,#1946,#1947,#1948,#1949,#1950,#1951,#1952,#1953,
#1954,#1955,#1956,#1957,#1958,#1959,#1960));
#1962=DERIVED_UNIT_ELEMENT(#1964,1.);
#1963=DERIVED_UNIT_ELEMENT(#4509,-3.);
#1964=(
MASS_UNIT()
NAMED_UNIT(*)
SI_UNIT(.KILO.,.GRAM.)
);
#1965=DERIVED_UNIT((#1962,#1963));
#1966=MEASURE_REPRESENTATION_ITEM('density measure',
POSITIVE_RATIO_MEASURE(7850.),#1965);
#1967=PROPERTY_DEFINITION_REPRESENTATION(#1972,#1969);
#1968=PROPERTY_DEFINITION_REPRESENTATION(#1973,#1970);
#1969=REPRESENTATION('material name',(#1971),#4506);
#1970=REPRESENTATION('density',(#1966),#4506);
#1971=DESCRIPTIVE_REPRESENTATION_ITEM('\X2\94A2\X0\','\X2\94A2\X0\');
#1972=PROPERTY_DEFINITION('material property','material name',#4516);
#1973=PROPERTY_DEFINITION('material property','density of part',#4516);
#1974=AXIS2_PLACEMENT_3D('',#2798,#2219,#2220);
#1975=AXIS2_PLACEMENT_3D('',#2799,#2221,#2222);
#1976=AXIS2_PLACEMENT_3D('',#2833,#2224,#2225);
#1977=AXIS2_PLACEMENT_3D('',#2868,#2226,#2227);
#1978=AXIS2_PLACEMENT_3D('',#2884,#2229,#2230);
#1979=AXIS2_PLACEMENT_3D('',#2901,#2231,#2232);
#1980=AXIS2_PLACEMENT_3D('',#2919,#2234,#2235);
#1981=AXIS2_PLACEMENT_3D('',#2935,#2236,#2237);
#1982=AXIS2_PLACEMENT_3D('',#2946,#2239,#2240);
#1983=AXIS2_PLACEMENT_3D('',#2955,#2241,#2242);
#1984=AXIS2_PLACEMENT_3D('',#2957,#2243,#2244);
#1985=AXIS2_PLACEMENT_3D('',#2959,#2245,#2246);
#1986=AXIS2_PLACEMENT_3D('',#2961,#2247,#2248);
#1987=AXIS2_PLACEMENT_3D('',#2962,#2249,#2250);
#1988=AXIS2_PLACEMENT_3D('',#2963,#2251,#2252);
#1989=AXIS2_PLACEMENT_3D('',#2965,#2253,#2254);
#1990=AXIS2_PLACEMENT_3D('',#2969,#2256,#2257);
#1991=AXIS2_PLACEMENT_3D('',#2973,#2259,#2260);
#1992=AXIS2_PLACEMENT_3D('',#2990,#2263,#2264);
#1993=AXIS2_PLACEMENT_3D('',#3016,#2266,#2267);
#1994=AXIS2_PLACEMENT_3D('',#3027,#2268,#2269);
#1995=AXIS2_PLACEMENT_3D('',#3330,#2270,#2271);
#1996=AXIS2_PLACEMENT_3D('',#3332,#2272,#2273);
#1997=AXIS2_PLACEMENT_3D('',#3333,#2274,#2275);
#1998=AXIS2_PLACEMENT_3D('',#3334,#2276,#2277);
#1999=AXIS2_PLACEMENT_3D('',#3336,#2278,#2279);
#2000=AXIS2_PLACEMENT_3D('',#3338,#2280,#2281);
#2001=AXIS2_PLACEMENT_3D('',#3340,#2282,#2283);
#2002=AXIS2_PLACEMENT_3D('',#3342,#2284,#2285);
#2003=AXIS2_PLACEMENT_3D('',#3344,#2286,#2287);
#2004=AXIS2_PLACEMENT_3D('',#3346,#2288,#2289);
#2005=AXIS2_PLACEMENT_3D('',#3348,#2290,#2291);
#2006=AXIS2_PLACEMENT_3D('',#3350,#2292,#2293);
#2007=AXIS2_PLACEMENT_3D('',#3352,#2294,#2295);
#2008=AXIS2_PLACEMENT_3D('',#3354,#2296,#2297);
#2009=AXIS2_PLACEMENT_3D('',#3356,#2298,#2299);
#2010=AXIS2_PLACEMENT_3D('',#3358,#2300,#2301);
#2011=AXIS2_PLACEMENT_3D('',#3360,#2302,#2303);
#2012=AXIS2_PLACEMENT_3D('',#3362,#2304,#2305);
#2013=AXIS2_PLACEMENT_3D('',#3364,#2306,#2307);
#2014=AXIS2_PLACEMENT_3D('',#3366,#2308,#2309);
#2015=AXIS2_PLACEMENT_3D('',#3368,#2310,#2311);
#2016=AXIS2_PLACEMENT_3D('',#3370,#2312,#2313);
#2017=AXIS2_PLACEMENT_3D('',#3372,#2314,#2315);
#2018=AXIS2_PLACEMENT_3D('',#3374,#2316,#2317);
#2019=AXIS2_PLACEMENT_3D('',#3376,#2318,#2319);
#2020=AXIS2_PLACEMENT_3D('',#3378,#2320,#2321);
#2021=AXIS2_PLACEMENT_3D('',#3380,#2322,#2323);
#2022=AXIS2_PLACEMENT_3D('',#3382,#2324,#2325);
#2023=AXIS2_PLACEMENT_3D('',#3384,#2326,#2327);
#2024=AXIS2_PLACEMENT_3D('',#3386,#2328,#2329);
#2025=AXIS2_PLACEMENT_3D('',#3388,#2330,#2331);
#2026=AXIS2_PLACEMENT_3D('',#3390,#2332,#2333);
#2027=AXIS2_PLACEMENT_3D('',#3392,#2334,#2335);
#2028=AXIS2_PLACEMENT_3D('',#3394,#2336,#2337);
#2029=AXIS2_PLACEMENT_3D('',#3396,#2338,#2339);
#2030=AXIS2_PLACEMENT_3D('',#3398,#2340,#2341);
#2031=AXIS2_PLACEMENT_3D('',#3400,#2342,#2343);
#2032=AXIS2_PLACEMENT_3D('',#3402,#2344,#2345);
#2033=AXIS2_PLACEMENT_3D('',#3404,#2346,#2347);
#2034=AXIS2_PLACEMENT_3D('',#3406,#2348,#2349);
#2035=AXIS2_PLACEMENT_3D('',#3408,#2350,#2351);
#2036=AXIS2_PLACEMENT_3D('',#3410,#2352,#2353);
#2037=AXIS2_PLACEMENT_3D('',#3412,#2354,#2355);
#2038=AXIS2_PLACEMENT_3D('',#3414,#2356,#2357);
#2039=AXIS2_PLACEMENT_3D('',#3416,#2358,#2359);
#2040=AXIS2_PLACEMENT_3D('',#3418,#2360,#2361);
#2041=AXIS2_PLACEMENT_3D('',#3420,#2362,#2363);
#2042=AXIS2_PLACEMENT_3D('',#3422,#2364,#2365);
#2043=AXIS2_PLACEMENT_3D('',#3424,#2366,#2367);
#2044=AXIS2_PLACEMENT_3D('',#3426,#2368,#2369);
#2045=AXIS2_PLACEMENT_3D('',#3428,#2370,#2371);
#2046=AXIS2_PLACEMENT_3D('',#3430,#2372,#2373);
#2047=AXIS2_PLACEMENT_3D('',#3432,#2374,#2375);
#2048=AXIS2_PLACEMENT_3D('',#3434,#2376,#2377);
#2049=AXIS2_PLACEMENT_3D('',#3436,#2378,#2379);
#2050=AXIS2_PLACEMENT_3D('',#3438,#2380,#2381);
#2051=AXIS2_PLACEMENT_3D('',#3440,#2382,#2383);
#2052=AXIS2_PLACEMENT_3D('',#3442,#2384,#2385);
#2053=AXIS2_PLACEMENT_3D('',#3444,#2386,#2387);
#2054=AXIS2_PLACEMENT_3D('',#3788,#2388,#2389);
#2055=AXIS2_PLACEMENT_3D('',#4135,#2390,#2391);
#2056=AXIS2_PLACEMENT_3D('',#4137,#2392,#2393);
#2057=AXIS2_PLACEMENT_3D('',#4138,#2394,#2395);
#2058=AXIS2_PLACEMENT_3D('',#4139,#2396,#2397);
#2059=AXIS2_PLACEMENT_3D('',#4142,#2398,#2399);
#2060=AXIS2_PLACEMENT_3D('',#4145,#2402,#2403);
#2061=AXIS2_PLACEMENT_3D('',#4149,#2406,#2407);
#2062=AXIS2_PLACEMENT_3D('',#4151,#2408,#2409);
#2063=AXIS2_PLACEMENT_3D('',#4153,#2411,#2412);
#2064=AXIS2_PLACEMENT_3D('',#4155,#2414,#2415);
#2065=AXIS2_PLACEMENT_3D('',#4161,#2419,#2420);
#2066=AXIS2_PLACEMENT_3D('',#4174,#2422,#2423);
#2067=AXIS2_PLACEMENT_3D('',#4176,#2424,#2425);
#2068=AXIS2_PLACEMENT_3D('',#4178,#2427,#2428);
#2069=AXIS2_PLACEMENT_3D('',#4191,#2430,#2431);
#2070=AXIS2_PLACEMENT_3D('',#4195,#2434,#2435);
#2071=AXIS2_PLACEMENT_3D('',#4208,#2437,#2438);
#2072=AXIS2_PLACEMENT_3D('',#4210,#2439,#2440);
#2073=AXIS2_PLACEMENT_3D('',#4212,#2442,#2443);
#2074=AXIS2_PLACEMENT_3D('',#4223,#2444,#2445);
#2075=AXIS2_PLACEMENT_3D('',#4226,#2447,#2448);
#2076=AXIS2_PLACEMENT_3D('',#4227,#2449,#2450);
#2077=AXIS2_PLACEMENT_3D('',#4230,#2452,#2453);
#2078=AXIS2_PLACEMENT_3D('',#4231,#2454,#2455);
#2079=AXIS2_PLACEMENT_3D('',#4234,#2457,#2458);
#2080=AXIS2_PLACEMENT_3D('',#4235,#2459,#2460);
#2081=AXIS2_PLACEMENT_3D('',#4238,#2462,#2463);
#2082=AXIS2_PLACEMENT_3D('',#4239,#2464,#2465);
#2083=AXIS2_PLACEMENT_3D('',#4242,#2467,#2468);
#2084=AXIS2_PLACEMENT_3D('',#4243,#2469,#2470);
#2085=AXIS2_PLACEMENT_3D('',#4246,#2472,#2473);
#2086=AXIS2_PLACEMENT_3D('',#4247,#2474,#2475);
#2087=AXIS2_PLACEMENT_3D('',#4250,#2477,#2478);
#2088=AXIS2_PLACEMENT_3D('',#4251,#2479,#2480);
#2089=AXIS2_PLACEMENT_3D('',#4254,#2482,#2483);
#2090=AXIS2_PLACEMENT_3D('',#4255,#2484,#2485);
#2091=AXIS2_PLACEMENT_3D('',#4258,#2487,#2488);
#2092=AXIS2_PLACEMENT_3D('',#4259,#2489,#2490);
#2093=AXIS2_PLACEMENT_3D('',#4262,#2492,#2493);
#2094=AXIS2_PLACEMENT_3D('',#4263,#2494,#2495);
#2095=AXIS2_PLACEMENT_3D('',#4266,#2497,#2498);
#2096=AXIS2_PLACEMENT_3D('',#4267,#2499,#2500);
#2097=AXIS2_PLACEMENT_3D('',#4270,#2502,#2503);
#2098=AXIS2_PLACEMENT_3D('',#4271,#2504,#2505);
#2099=AXIS2_PLACEMENT_3D('',#4274,#2507,#2508);
#2100=AXIS2_PLACEMENT_3D('',#4275,#2509,#2510);
#2101=AXIS2_PLACEMENT_3D('',#4278,#2512,#2513);
#2102=AXIS2_PLACEMENT_3D('',#4279,#2514,#2515);
#2103=AXIS2_PLACEMENT_3D('',#4282,#2517,#2518);
#2104=AXIS2_PLACEMENT_3D('',#4283,#2519,#2520);
#2105=AXIS2_PLACEMENT_3D('',#4286,#2522,#2523);
#2106=AXIS2_PLACEMENT_3D('',#4287,#2524,#2525);
#2107=AXIS2_PLACEMENT_3D('',#4290,#2527,#2528);
#2108=AXIS2_PLACEMENT_3D('',#4291,#2529,#2530);
#2109=AXIS2_PLACEMENT_3D('',#4294,#2532,#2533);
#2110=AXIS2_PLACEMENT_3D('',#4295,#2534,#2535);
#2111=AXIS2_PLACEMENT_3D('',#4298,#2537,#2538);
#2112=AXIS2_PLACEMENT_3D('',#4299,#2539,#2540);
#2113=AXIS2_PLACEMENT_3D('',#4302,#2542,#2543);
#2114=AXIS2_PLACEMENT_3D('',#4303,#2544,#2545);
#2115=AXIS2_PLACEMENT_3D('',#4306,#2547,#2548);
#2116=AXIS2_PLACEMENT_3D('',#4307,#2549,#2550);
#2117=AXIS2_PLACEMENT_3D('',#4310,#2552,#2553);
#2118=AXIS2_PLACEMENT_3D('',#4311,#2554,#2555);
#2119=AXIS2_PLACEMENT_3D('',#4314,#2557,#2558);
#2120=AXIS2_PLACEMENT_3D('',#4315,#2559,#2560);
#2121=AXIS2_PLACEMENT_3D('',#4318,#2562,#2563);
#2122=AXIS2_PLACEMENT_3D('',#4319,#2564,#2565);
#2123=AXIS2_PLACEMENT_3D('',#4322,#2567,#2568);
#2124=AXIS2_PLACEMENT_3D('',#4323,#2569,#2570);
#2125=AXIS2_PLACEMENT_3D('',#4326,#2572,#2573);
#2126=AXIS2_PLACEMENT_3D('',#4327,#2574,#2575);
#2127=AXIS2_PLACEMENT_3D('',#4330,#2577,#2578);
#2128=AXIS2_PLACEMENT_3D('',#4331,#2579,#2580);
#2129=AXIS2_PLACEMENT_3D('',#4334,#2582,#2583);
#2130=AXIS2_PLACEMENT_3D('',#4335,#2584,#2585);
#2131=AXIS2_PLACEMENT_3D('',#4338,#2587,#2588);
#2132=AXIS2_PLACEMENT_3D('',#4339,#2589,#2590);
#2133=AXIS2_PLACEMENT_3D('',#4342,#2592,#2593);
#2134=AXIS2_PLACEMENT_3D('',#4343,#2594,#2595);
#2135=AXIS2_PLACEMENT_3D('',#4346,#2597,#2598);
#2136=AXIS2_PLACEMENT_3D('',#4347,#2599,#2600);
#2137=AXIS2_PLACEMENT_3D('',#4350,#2602,#2603);
#2138=AXIS2_PLACEMENT_3D('',#4351,#2604,#2605);
#2139=AXIS2_PLACEMENT_3D('',#4354,#2607,#2608);
#2140=AXIS2_PLACEMENT_3D('',#4355,#2609,#2610);
#2141=AXIS2_PLACEMENT_3D('',#4358,#2612,#2613);
#2142=AXIS2_PLACEMENT_3D('',#4359,#2614,#2615);
#2143=AXIS2_PLACEMENT_3D('',#4362,#2617,#2618);
#2144=AXIS2_PLACEMENT_3D('',#4363,#2619,#2620);
#2145=AXIS2_PLACEMENT_3D('',#4366,#2622,#2623);
#2146=AXIS2_PLACEMENT_3D('',#4367,#2624,#2625);
#2147=AXIS2_PLACEMENT_3D('',#4370,#2627,#2628);
#2148=AXIS2_PLACEMENT_3D('',#4371,#2629,#2630);
#2149=AXIS2_PLACEMENT_3D('',#4374,#2632,#2633);
#2150=AXIS2_PLACEMENT_3D('',#4375,#2634,#2635);
#2151=AXIS2_PLACEMENT_3D('',#4378,#2637,#2638);
#2152=AXIS2_PLACEMENT_3D('',#4379,#2639,#2640);
#2153=AXIS2_PLACEMENT_3D('',#4382,#2642,#2643);
#2154=AXIS2_PLACEMENT_3D('',#4383,#2644,#2645);
#2155=AXIS2_PLACEMENT_3D('',#4386,#2647,#2648);
#2156=AXIS2_PLACEMENT_3D('',#4387,#2649,#2650);
#2157=AXIS2_PLACEMENT_3D('',#4390,#2652,#2653);
#2158=AXIS2_PLACEMENT_3D('',#4391,#2654,#2655);
#2159=AXIS2_PLACEMENT_3D('',#4394,#2657,#2658);
#2160=AXIS2_PLACEMENT_3D('',#4395,#2659,#2660);
#2161=AXIS2_PLACEMENT_3D('',#4398,#2662,#2663);
#2162=AXIS2_PLACEMENT_3D('',#4399,#2664,#2665);
#2163=AXIS2_PLACEMENT_3D('',#4402,#2667,#2668);
#2164=AXIS2_PLACEMENT_3D('',#4403,#2669,#2670);
#2165=AXIS2_PLACEMENT_3D('',#4406,#2672,#2673);
#2166=AXIS2_PLACEMENT_3D('',#4407,#2674,#2675);
#2167=AXIS2_PLACEMENT_3D('',#4410,#2677,#2678);
#2168=AXIS2_PLACEMENT_3D('',#4411,#2679,#2680);
#2169=AXIS2_PLACEMENT_3D('',#4414,#2682,#2683);
#2170=AXIS2_PLACEMENT_3D('',#4415,#2684,#2685);
#2171=AXIS2_PLACEMENT_3D('',#4418,#2687,#2688);
#2172=AXIS2_PLACEMENT_3D('',#4419,#2689,#2690);
#2173=AXIS2_PLACEMENT_3D('',#4422,#2692,#2693);
#2174=AXIS2_PLACEMENT_3D('',#4423,#2694,#2695);
#2175=AXIS2_PLACEMENT_3D('',#4426,#2697,#2698);
#2176=AXIS2_PLACEMENT_3D('',#4427,#2699,#2700);
#2177=AXIS2_PLACEMENT_3D('',#4430,#2702,#2703);
#2178=AXIS2_PLACEMENT_3D('',#4431,#2704,#2705);
#2179=AXIS2_PLACEMENT_3D('',#4434,#2707,#2708);
#2180=AXIS2_PLACEMENT_3D('',#4435,#2709,#2710);
#2181=AXIS2_PLACEMENT_3D('',#4438,#2712,#2713);
#2182=AXIS2_PLACEMENT_3D('',#4439,#2714,#2715);
#2183=AXIS2_PLACEMENT_3D('',#4442,#2717,#2718);
#2184=AXIS2_PLACEMENT_3D('',#4443,#2719,#2720);
#2185=AXIS2_PLACEMENT_3D('',#4445,#2721,#2722);
#2186=AXIS2_PLACEMENT_3D('',#4448,#2724,#2725);
#2187=AXIS2_PLACEMENT_3D('',#4449,#2726,#2727);
#2188=AXIS2_PLACEMENT_3D('',#4451,#2728,#2729);
#2189=AXIS2_PLACEMENT_3D('',#4454,#2731,#2732);
#2190=AXIS2_PLACEMENT_3D('',#4455,#2733,#2734);
#2191=AXIS2_PLACEMENT_3D('',#4456,#2735,#2736);
#2192=AXIS2_PLACEMENT_3D('',#4458,#2737,#2738);
#2193=AXIS2_PLACEMENT_3D('',#4460,#2739,#2740);
#2194=AXIS2_PLACEMENT_3D('',#4462,#2741,#2742);
#2195=AXIS2_PLACEMENT_3D('',#4464,#2743,#2744);
#2196=AXIS2_PLACEMENT_3D('',#4465,#2745,#2746);
#2197=AXIS2_PLACEMENT_3D('',#4467,#2747,#2748);
#2198=AXIS2_PLACEMENT_3D('',#4470,#2750,#2751);
#2199=AXIS2_PLACEMENT_3D('',#4471,#2752,#2753);
#2200=AXIS2_PLACEMENT_3D('',#4473,#2754,#2755);
#2201=AXIS2_PLACEMENT_3D('',#4475,#2757,#2758);
#2202=AXIS2_PLACEMENT_3D('',#4476,#2759,#2760);
#2203=AXIS2_PLACEMENT_3D('',#4477,#2761,#2762);
#2204=AXIS2_PLACEMENT_3D('',#4479,#2763,#2764);
#2205=AXIS2_PLACEMENT_3D('',#4482,#2766,#2767);
#2206=AXIS2_PLACEMENT_3D('',#4483,#2768,#2769);
#2207=AXIS2_PLACEMENT_3D('',#4485,#2770,#2771);
#2208=AXIS2_PLACEMENT_3D('',#4487,#2773,#2774);
#2209=AXIS2_PLACEMENT_3D('',#4488,#2775,#2776);
#2210=AXIS2_PLACEMENT_3D('',#4489,#2777,#2778);
#2211=AXIS2_PLACEMENT_3D('',#4491,#2779,#2780);
#2212=AXIS2_PLACEMENT_3D('',#4494,#2782,#2783);
#2213=AXIS2_PLACEMENT_3D('',#4495,#2784,#2785);
#2214=AXIS2_PLACEMENT_3D('',#4497,#2786,#2787);
#2215=AXIS2_PLACEMENT_3D('',#4499,#2789,#2790);
#2216=AXIS2_PLACEMENT_3D('',#4500,#2791,#2792);
#2217=AXIS2_PLACEMENT_3D('',#4501,#2793,#2794);
#2218=AXIS2_PLACEMENT_3D('',#4503,#2796,#2797);
#2219=DIRECTION('axis',(0.,0.,1.));
#2220=DIRECTION('refdir',(1.,0.,0.));
#2221=DIRECTION('center_axis',(0.,0.,1.));
#2222=DIRECTION('ref_axis',(-0.844103249522531,0.536180663718399,0.));
#2223=DIRECTION('',(0.,0.,1.));
#2224=DIRECTION('center_axis',(5.47382212626882E-48,4.31808427754722E-77,
1.));
#2225=DIRECTION('ref_axis',(-1.,0.,0.));
#2226=DIRECTION('center_axis',(0.,0.,1.));
#2227=DIRECTION('ref_axis',(-1.,0.,0.));
#2228=DIRECTION('',(0.,0.,1.));
#2229=DIRECTION('center_axis',(-3.38963670212154E-32,-8.32667268468863E-17,
1.));
#2230=DIRECTION('ref_axis',(-1.,0.,0.));
#2231=DIRECTION('center_axis',(0.,0.,1.));
#2232=DIRECTION('ref_axis',(-1.,-2.50770348325745E-16,0.));
#2233=DIRECTION('',(0.,0.,-1.));
#2234=DIRECTION('center_axis',(-3.38963670212154E-32,-8.32667268468863E-17,
1.));
#2235=DIRECTION('ref_axis',(-1.,-2.50770348325745E-16,0.));
#2236=DIRECTION('center_axis',(0.,0.,1.));
#2237=DIRECTION('ref_axis',(0.458067939490126,0.888917185575389,0.));
#2238=DIRECTION('',(0.,0.,-1.));
#2239=DIRECTION('center_axis',(5.47382212626882E-48,4.31808427754722E-77,
1.));
#2240=DIRECTION('ref_axis',(-1.,-2.50770348325745E-16,0.));
#2241=DIRECTION('center_axis',(3.38963670212154E-32,8.32667268468863E-17,
-1.));
#2242=DIRECTION('ref_axis',(-1.,0.,0.));
#2243=DIRECTION('center_axis',(-3.38963670212154E-32,-8.32667268468863E-17,
1.));
#2244=DIRECTION('ref_axis',(1.,-2.92163953848724E-18,3.36530916598191E-32));
#2245=DIRECTION('center_axis',(-1.21734980770302E-16,-1.,-8.32667268468863E-17));
#2246=DIRECTION('ref_axis',(1.,-1.21734980770302E-16,0.));
#2247=DIRECTION('center_axis',(3.38963670212154E-32,8.32667268468863E-17,
-1.));
#2248=DIRECTION('ref_axis',(1.,-2.92163953848724E-18,0.));
#2249=DIRECTION('center_axis',(3.38963670212154E-32,8.32667268468863E-17,
-1.));
#2250=DIRECTION('ref_axis',(1.,-2.92163953848724E-18,0.));
#2251=DIRECTION('center_axis',(0.,-6.93889390390722E-17,1.));
#2252=DIRECTION('ref_axis',(1.,7.88860905221012E-30,5.45461573284331E-46));
#2253=DIRECTION('center_axis',(-3.38963670212154E-32,-8.32667268468863E-17,
1.));
#2254=DIRECTION('ref_axis',(1.,-1.94775969232485E-18,0.));
#2255=DIRECTION('',(0.,6.93889390390722E-17,-1.));
#2256=DIRECTION('center_axis',(-6.7762635780344E-21,0.,-1.));
#2257=DIRECTION('ref_axis',(1.,7.88860905221012E-30,5.45461573284331E-46));
#2258=DIRECTION('',(0.,-6.93889390390722E-17,1.));
#2259=DIRECTION('center_axis',(6.7762635780344E-21,0.,1.));
#2260=DIRECTION('ref_axis',(1.,7.88860905221012E-30,5.45461573284331E-46));
#2261=DIRECTION('',(0.,6.93889390390722E-17,-1.));
#2262=DIRECTION('',(0.,-6.93889390390722E-17,1.));
#2263=DIRECTION('center_axis',(6.7762635780344E-21,0.,1.));
#2264=DIRECTION('ref_axis',(1.,7.88860905221012E-30,5.45461573284331E-46));
#2265=DIRECTION('',(0.,6.93889390390722E-17,-1.));
#2266=DIRECTION('center_axis',(1.2451092565329E-14,0.,-1.));
#2267=DIRECTION('ref_axis',(1.,7.88860905221012E-30,5.45461573284331E-46));
#2268=DIRECTION('center_axis',(-3.38963670212154E-32,-8.32667268468863E-17,
1.));
#2269=DIRECTION('ref_axis',(1.,7.88860905221012E-30,3.38963670212161E-32));
#2270=DIRECTION('center_axis',(-3.38963670212154E-32,-8.32667268468863E-17,
1.));
#2271=DIRECTION('ref_axis',(1.,0.,0.));
#2272=DIRECTION('center_axis',(3.38963670212154E-32,8.32667268468863E-17,
-1.));
#2273=DIRECTION('ref_axis',(1.,-1.94775969232485E-18,3.37341834469512E-32));
#2274=DIRECTION('center_axis',(1.21734980770302E-16,-1.,-8.32667268468863E-17));
#2275=DIRECTION('ref_axis',(-1.,-1.21734980770302E-16,0.));
#2276=DIRECTION('center_axis',(-3.38963670212154E-32,-8.32667268468863E-17,
1.));
#2277=DIRECTION('ref_axis',(1.,7.88860905221012E-30,3.38963670212161E-32));
#2278=DIRECTION('center_axis',(3.38963670212154E-32,8.32667268468863E-17,
-1.));
#2279=DIRECTION('ref_axis',(1.,0.,0.));
#2280=DIRECTION('center_axis',(3.38963670212154E-32,8.32667268468863E-17,
-1.));
#2281=DIRECTION('ref_axis',(1.,0.,0.));
#2282=DIRECTION('center_axis',(3.38963670212154E-32,8.32667268468863E-17,
-1.));
#2283=DIRECTION('ref_axis',(1.,0.,0.));
#2284=DIRECTION('center_axis',(3.38963670212154E-32,8.32667268468863E-17,
-1.));
#2285=DIRECTION('ref_axis',(1.,0.,0.));
#2286=DIRECTION('center_axis',(3.38963670212154E-32,8.32667268468863E-17,
-1.));
#2287=DIRECTION('ref_axis',(1.,0.,0.));
#2288=DIRECTION('center_axis',(3.38963670212154E-32,8.32667268468863E-17,
-1.));
#2289=DIRECTION('ref_axis',(1.,0.,0.));
#2290=DIRECTION('center_axis',(3.38963670212154E-32,8.32667268468863E-17,
-1.));
#2291=DIRECTION('ref_axis',(1.,0.,0.));
#2292=DIRECTION('center_axis',(3.38963670212154E-32,8.32667268468863E-17,
-1.));
#2293=DIRECTION('ref_axis',(1.,0.,0.));
#2294=DIRECTION('center_axis',(3.38963670212154E-32,8.32667268468863E-17,
-1.));
#2295=DIRECTION('ref_axis',(1.,0.,0.));
#2296=DIRECTION('center_axis',(3.38963670212154E-32,8.32667268468863E-17,
-1.));
#2297=DIRECTION('ref_axis',(1.,0.,0.));
#2298=DIRECTION('center_axis',(3.38963670212154E-32,8.32667268468863E-17,
-1.));
#2299=DIRECTION('ref_axis',(1.,0.,0.));
#2300=DIRECTION('center_axis',(3.38963670212154E-32,8.32667268468863E-17,
-1.));
#2301=DIRECTION('ref_axis',(1.,0.,0.));
#2302=DIRECTION('center_axis',(3.38963670212154E-32,8.32667268468863E-17,
-1.));
#2303=DIRECTION('ref_axis',(1.,0.,0.));
#2304=DIRECTION('center_axis',(3.38963670212154E-32,8.32667268468863E-17,
-1.));
#2305=DIRECTION('ref_axis',(1.,0.,0.));
#2306=DIRECTION('center_axis',(3.38963670212154E-32,8.32667268468863E-17,
-1.));
#2307=DIRECTION('ref_axis',(1.,0.,0.));
#2308=DIRECTION('center_axis',(3.38963670212154E-32,8.32667268468863E-17,
-1.));
#2309=DIRECTION('ref_axis',(1.,0.,0.));
#2310=DIRECTION('center_axis',(3.38963670212154E-32,8.32667268468863E-17,
-1.));
#2311=DIRECTION('ref_axis',(1.,0.,0.));
#2312=DIRECTION('center_axis',(3.38963670212154E-32,8.32667268468863E-17,
-1.));
#2313=DIRECTION('ref_axis',(1.,0.,0.));
#2314=DIRECTION('center_axis',(3.38963670212154E-32,8.32667268468863E-17,
-1.));
#2315=DIRECTION('ref_axis',(1.,0.,0.));
#2316=DIRECTION('center_axis',(3.38963670212154E-32,8.32667268468863E-17,
-1.));
#2317=DIRECTION('ref_axis',(1.,0.,0.));
#2318=DIRECTION('center_axis',(3.38963670212154E-32,8.32667268468863E-17,
-1.));
#2319=DIRECTION('ref_axis',(1.,0.,0.));
#2320=DIRECTION('center_axis',(3.38963670212154E-32,8.32667268468863E-17,
-1.));
#2321=DIRECTION('ref_axis',(1.,0.,0.));
#2322=DIRECTION('center_axis',(3.38963670212154E-32,8.32667268468863E-17,
-1.));
#2323=DIRECTION('ref_axis',(1.,0.,0.));
#2324=DIRECTION('center_axis',(3.38963670212154E-32,8.32667268468863E-17,
-1.));
#2325=DIRECTION('ref_axis',(1.,0.,0.));
#2326=DIRECTION('center_axis',(3.38963670212154E-32,8.32667268468863E-17,
-1.));
#2327=DIRECTION('ref_axis',(1.,0.,0.));
#2328=DIRECTION('center_axis',(3.38963670212154E-32,8.32667268468863E-17,
-1.));
#2329=DIRECTION('ref_axis',(1.,0.,0.));
#2330=DIRECTION('center_axis',(3.38963670212154E-32,8.32667268468863E-17,
-1.));
#2331=DIRECTION('ref_axis',(1.,0.,0.));
#2332=DIRECTION('center_axis',(3.38963670212154E-32,8.32667268468863E-17,
-1.));
#2333=DIRECTION('ref_axis',(1.,0.,0.));
#2334=DIRECTION('center_axis',(3.38963670212154E-32,8.32667268468863E-17,
-1.));
#2335=DIRECTION('ref_axis',(1.,0.,0.));
#2336=DIRECTION('center_axis',(3.38963670212154E-32,8.32667268468863E-17,
-1.));
#2337=DIRECTION('ref_axis',(1.,0.,0.));
#2338=DIRECTION('center_axis',(3.38963670212154E-32,8.32667268468863E-17,
-1.));
#2339=DIRECTION('ref_axis',(1.,0.,0.));
#2340=DIRECTION('center_axis',(3.38963670212154E-32,8.32667268468863E-17,
-1.));
#2341=DIRECTION('ref_axis',(1.,0.,0.));
#2342=DIRECTION('center_axis',(3.38963670212154E-32,8.32667268468863E-17,
-1.));
#2343=DIRECTION('ref_axis',(1.,0.,0.));
#2344=DIRECTION('center_axis',(3.38963670212154E-32,8.32667268468863E-17,
-1.));
#2345=DIRECTION('ref_axis',(1.,0.,0.));
#2346=DIRECTION('center_axis',(3.38963670212154E-32,8.32667268468863E-17,
-1.));
#2347=DIRECTION('ref_axis',(1.,0.,0.));
#2348=DIRECTION('center_axis',(3.38963670212154E-32,8.32667268468863E-17,
-1.));
#2349=DIRECTION('ref_axis',(1.,0.,0.));
#2350=DIRECTION('center_axis',(3.38963670212154E-32,8.32667268468863E-17,
-1.));
#2351=DIRECTION('ref_axis',(1.,0.,0.));
#2352=DIRECTION('center_axis',(3.38963670212154E-32,8.32667268468863E-17,
-1.));
#2353=DIRECTION('ref_axis',(1.,0.,0.));
#2354=DIRECTION('center_axis',(3.38963670212154E-32,8.32667268468863E-17,
-1.));
#2355=DIRECTION('ref_axis',(1.,0.,0.));
#2356=DIRECTION('center_axis',(3.38963670212154E-32,8.32667268468863E-17,
-1.));
#2357=DIRECTION('ref_axis',(1.,0.,0.));
#2358=DIRECTION('center_axis',(3.38963670212154E-32,8.32667268468863E-17,
-1.));
#2359=DIRECTION('ref_axis',(1.,0.,0.));
#2360=DIRECTION('center_axis',(3.38963670212154E-32,8.32667268468863E-17,
-1.));
#2361=DIRECTION('ref_axis',(1.,0.,0.));
#2362=DIRECTION('center_axis',(3.38963670212154E-32,8.32667268468863E-17,
-1.));
#2363=DIRECTION('ref_axis',(1.,0.,0.));
#2364=DIRECTION('center_axis',(3.38963670212154E-32,8.32667268468863E-17,
-1.));
#2365=DIRECTION('ref_axis',(1.,0.,0.));
#2366=DIRECTION('center_axis',(3.38963670212154E-32,8.32667268468863E-17,
-1.));
#2367=DIRECTION('ref_axis',(1.,0.,0.));
#2368=DIRECTION('center_axis',(3.38963670212154E-32,8.32667268468863E-17,
-1.));
#2369=DIRECTION('ref_axis',(1.,0.,0.));
#2370=DIRECTION('center_axis',(3.38963670212154E-32,8.32667268468863E-17,
-1.));
#2371=DIRECTION('ref_axis',(1.,0.,0.));
#2372=DIRECTION('center_axis',(3.38963670212154E-32,8.32667268468863E-17,
-1.));
#2373=DIRECTION('ref_axis',(1.,0.,0.));
#2374=DIRECTION('center_axis',(3.38963670212154E-32,8.32667268468863E-17,
-1.));
#2375=DIRECTION('ref_axis',(1.,0.,0.));
#2376=DIRECTION('center_axis',(3.38963670212154E-32,8.32667268468863E-17,
-1.));
#2377=DIRECTION('ref_axis',(1.,0.,0.));
#2378=DIRECTION('center_axis',(3.38963670212154E-32,8.32667268468863E-17,
-1.));
#2379=DIRECTION('ref_axis',(1.,0.,0.));
#2380=DIRECTION('center_axis',(3.38963670212154E-32,8.32667268468863E-17,
-1.));
#2381=DIRECTION('ref_axis',(1.,0.,0.));
#2382=DIRECTION('center_axis',(3.38963670212154E-32,8.32667268468863E-17,
-1.));
#2383=DIRECTION('ref_axis',(1.,0.,0.));
#2384=DIRECTION('center_axis',(3.38963670212154E-32,8.32667268468863E-17,
-1.));
#2385=DIRECTION('ref_axis',(1.,0.,0.));
#2386=DIRECTION('center_axis',(3.38963670212154E-32,8.32667268468863E-17,
-1.));
#2387=DIRECTION('ref_axis',(1.,0.,0.));
#2388=DIRECTION('center_axis',(0.,0.,1.));
#2389=DIRECTION('ref_axis',(-1.,-2.50770348325745E-16,0.));
#2390=DIRECTION('center_axis',(-5.47382212626882E-48,-4.31808427754722E-77,
-1.));
#2391=DIRECTION('ref_axis',(-1.,0.,5.47382212626882E-48));
#2392=DIRECTION('center_axis',(-5.47382212626882E-48,-4.31808427754722E-77,
-1.));
#2393=DIRECTION('ref_axis',(1.,7.88860905221012E-30,6.56858655152258E-46));
#2394=DIRECTION('center_axis',(0.,0.,1.));
#2395=DIRECTION('ref_axis',(-1.,0.,0.));
#2396=DIRECTION('center_axis',(6.7762635780344E-21,0.,1.));
#2397=DIRECTION('ref_axis',(0.999999999999996,8.74227392699197E-8,-6.77626357803438E-21));
#2398=DIRECTION('center_axis',(-6.7762635780344E-21,0.,-1.));
#2399=DIRECTION('ref_axis',(1.,7.88860905221012E-30,6.56858655152258E-46));
#2400=DIRECTION('',(8.74227765903885E-8,-0.999999999999996,-5.92399776900088E-28));
#2401=DIRECTION('',(8.74227765903885E-8,-0.999999999999996,-5.92399776900088E-28));
#2402=DIRECTION('center_axis',(0.999999999999996,8.74227765903885E-8,2.13504419778343E-14));
#2403=DIRECTION('ref_axis',(2.13504360049864E-14,6.832141690001E-14,-1.));
#2404=DIRECTION('',(0.,8.32667268468867E-17,-1.));
#2405=DIRECTION('',(-8.74227765903885E-8,0.999999999999996,5.92399776900088E-28));
#2406=DIRECTION('center_axis',(-6.7762635780344E-21,0.,-1.));
#2407=DIRECTION('ref_axis',(-0.999999999999996,-8.74228029650597E-8,6.77626357803438E-21));
#2408=DIRECTION('center_axis',(6.7762635780344E-21,0.,1.));
#2409=DIRECTION('ref_axis',(1.,7.88860905221012E-30,6.56858655152258E-46));
#2410=DIRECTION('',(-8.74227765903885E-8,0.999999999999996,5.92399776900088E-28));
#2411=DIRECTION('center_axis',(-0.999999999999996,-8.74227765903885E-8,
5.32907200813466E-14));
#2412=DIRECTION('ref_axis',(5.32907119582736E-14,9.291712698401E-14,1.));
#2413=DIRECTION('',(0.,-8.32667268468867E-17,1.));
#2414=DIRECTION('center_axis',(1.,0.,-6.7762635780344E-21));
#2415=DIRECTION('ref_axis',(6.7762635780344E-21,0.,1.));
#2416=DIRECTION('',(0.,-8.32667268468867E-17,1.));
#2417=DIRECTION('',(0.,-1.,0.));
#2418=DIRECTION('',(0.,-1.,0.));
#2419=DIRECTION('center_axis',(0.,-1.,0.));
#2420=DIRECTION('ref_axis',(7.80264748482837E-13,0.,1.));
#2421=DIRECTION('',(0.,-1.,0.));
#2422=DIRECTION('center_axis',(6.7762635780344E-21,0.,1.));
#2423=DIRECTION('ref_axis',(-1.,0.,6.7762635780344E-21));
#2424=DIRECTION('center_axis',(-6.7762635780344E-21,0.,-1.));
#2425=DIRECTION('ref_axis',(1.,7.88860905221012E-30,6.56858655152258E-46));
#2426=DIRECTION('',(0.,-1.,0.));
#2427=DIRECTION('center_axis',(0.,-1.,0.));
#2428=DIRECTION('ref_axis',(-1.,0.,-1.6058265760416E-12));
#2429=DIRECTION('',(0.,-1.,0.));
#2430=DIRECTION('center_axis',(-1.,0.,6.7762635780344E-21));
#2431=DIRECTION('ref_axis',(-6.7762635780344E-21,0.,-1.));
#2432=DIRECTION('',(0.,8.32667268468867E-17,-1.));
#2433=DIRECTION('',(0.,-1.,0.));
#2434=DIRECTION('center_axis',(0.,-1.,0.));
#2435=DIRECTION('ref_axis',(1.,0.,-6.7762635780344E-21));
#2436=DIRECTION('',(0.,-1.,0.));
#2437=DIRECTION('center_axis',(1.2451092565329E-14,0.,-1.));
#2438=DIRECTION('ref_axis',(1.,0.,1.2451092565329E-14));
#2439=DIRECTION('center_axis',(-1.2451092565329E-14,0.,1.));
#2440=DIRECTION('ref_axis',(1.,7.88860905221012E-30,6.56858655152258E-46));
#2441=DIRECTION('',(0.,-1.,0.));
#2442=DIRECTION('center_axis',(0.,-1.,0.));
#2443=DIRECTION('ref_axis',(-7.76267945594192E-13,0.,-1.));
#2444=DIRECTION('center_axis',(0.,0.,-1.));
#2445=DIRECTION('ref_axis',(1.,0.,0.));
#2446=DIRECTION('',(0.,0.,-1.));
#2447=DIRECTION('center_axis',(-3.38963670212154E-32,-8.32667268468863E-17,
1.));
#2448=DIRECTION('ref_axis',(1.,0.,0.));
#2449=DIRECTION('center_axis',(0.,0.,-1.));
#2450=DIRECTION('ref_axis',(1.,0.,0.));
#2451=DIRECTION('',(0.,0.,-1.));
#2452=DIRECTION('center_axis',(-3.38963670212154E-32,-8.32667268468863E-17,
1.));
#2453=DIRECTION('ref_axis',(1.,0.,0.));
#2454=DIRECTION('center_axis',(0.,0.,-1.));
#2455=DIRECTION('ref_axis',(1.,0.,0.));
#2456=DIRECTION('',(0.,0.,-1.));
#2457=DIRECTION('center_axis',(-3.38963670212154E-32,-8.32667268468863E-17,
1.));
#2458=DIRECTION('ref_axis',(1.,0.,0.));
#2459=DIRECTION('center_axis',(0.,0.,-1.));
#2460=DIRECTION('ref_axis',(1.,0.,0.));
#2461=DIRECTION('',(0.,0.,-1.));
#2462=DIRECTION('center_axis',(-3.38963670212154E-32,-8.32667268468863E-17,
1.));
#2463=DIRECTION('ref_axis',(1.,0.,0.));
#2464=DIRECTION('center_axis',(0.,0.,-1.));
#2465=DIRECTION('ref_axis',(1.,0.,0.));
#2466=DIRECTION('',(0.,0.,-1.));
#2467=DIRECTION('center_axis',(-3.38963670212154E-32,-8.32667268468863E-17,
1.));
#2468=DIRECTION('ref_axis',(1.,0.,0.));
#2469=DIRECTION('center_axis',(0.,0.,-1.));
#2470=DIRECTION('ref_axis',(1.,0.,0.));
#2471=DIRECTION('',(0.,0.,-1.));
#2472=DIRECTION('center_axis',(-3.38963670212154E-32,-8.32667268468863E-17,
1.));
#2473=DIRECTION('ref_axis',(1.,0.,0.));
#2474=DIRECTION('center_axis',(0.,0.,-1.));
#2475=DIRECTION('ref_axis',(1.,0.,0.));
#2476=DIRECTION('',(0.,0.,-1.));
#2477=DIRECTION('center_axis',(-3.38963670212154E-32,-8.32667268468863E-17,
1.));
#2478=DIRECTION('ref_axis',(1.,0.,0.));
#2479=DIRECTION('center_axis',(0.,0.,-1.));
#2480=DIRECTION('ref_axis',(1.,0.,0.));
#2481=DIRECTION('',(0.,0.,-1.));
#2482=DIRECTION('center_axis',(-3.38963670212154E-32,-8.32667268468863E-17,
1.));
#2483=DIRECTION('ref_axis',(1.,0.,0.));
#2484=DIRECTION('center_axis',(0.,0.,-1.));
#2485=DIRECTION('ref_axis',(1.,0.,0.));
#2486=DIRECTION('',(0.,0.,-1.));
#2487=DIRECTION('center_axis',(-3.38963670212154E-32,-8.32667268468863E-17,
1.));
#2488=DIRECTION('ref_axis',(1.,0.,0.));
#2489=DIRECTION('center_axis',(0.,0.,-1.));
#2490=DIRECTION('ref_axis',(1.,0.,0.));
#2491=DIRECTION('',(0.,0.,-1.));
#2492=DIRECTION('center_axis',(-3.38963670212154E-32,-8.32667268468863E-17,
1.));
#2493=DIRECTION('ref_axis',(1.,0.,0.));
#2494=DIRECTION('center_axis',(0.,0.,-1.));
#2495=DIRECTION('ref_axis',(1.,0.,0.));
#2496=DIRECTION('',(0.,0.,-1.));
#2497=DIRECTION('center_axis',(-3.38963670212154E-32,-8.32667268468863E-17,
1.));
#2498=DIRECTION('ref_axis',(1.,0.,0.));
#2499=DIRECTION('center_axis',(0.,0.,-1.));
#2500=DIRECTION('ref_axis',(1.,0.,0.));
#2501=DIRECTION('',(0.,0.,-1.));
#2502=DIRECTION('center_axis',(-3.38963670212154E-32,-8.32667268468863E-17,
1.));
#2503=DIRECTION('ref_axis',(1.,0.,0.));
#2504=DIRECTION('center_axis',(0.,0.,-1.));
#2505=DIRECTION('ref_axis',(1.,0.,0.));
#2506=DIRECTION('',(0.,0.,-1.));
#2507=DIRECTION('center_axis',(-3.38963670212154E-32,-8.32667268468863E-17,
1.));
#2508=DIRECTION('ref_axis',(1.,0.,0.));
#2509=DIRECTION('center_axis',(0.,0.,-1.));
#2510=DIRECTION('ref_axis',(1.,0.,0.));
#2511=DIRECTION('',(0.,0.,-1.));
#2512=DIRECTION('center_axis',(-3.38963670212154E-32,-8.32667268468863E-17,
1.));
#2513=DIRECTION('ref_axis',(1.,0.,0.));
#2514=DIRECTION('center_axis',(0.,0.,-1.));
#2515=DIRECTION('ref_axis',(1.,0.,0.));
#2516=DIRECTION('',(0.,0.,-1.));
#2517=DIRECTION('center_axis',(-3.38963670212154E-32,-8.32667268468863E-17,
1.));
#2518=DIRECTION('ref_axis',(1.,0.,0.));
#2519=DIRECTION('center_axis',(0.,0.,-1.));
#2520=DIRECTION('ref_axis',(1.,0.,0.));
#2521=DIRECTION('',(0.,0.,-1.));
#2522=DIRECTION('center_axis',(-3.38963670212154E-32,-8.32667268468863E-17,
1.));
#2523=DIRECTION('ref_axis',(1.,0.,0.));
#2524=DIRECTION('center_axis',(0.,0.,-1.));
#2525=DIRECTION('ref_axis',(1.,0.,0.));
#2526=DIRECTION('',(0.,0.,-1.));
#2527=DIRECTION('center_axis',(-3.38963670212154E-32,-8.32667268468863E-17,
1.));
#2528=DIRECTION('ref_axis',(1.,0.,0.));
#2529=DIRECTION('center_axis',(0.,0.,-1.));
#2530=DIRECTION('ref_axis',(1.,0.,0.));
#2531=DIRECTION('',(0.,0.,-1.));
#2532=DIRECTION('center_axis',(-3.38963670212154E-32,-8.32667268468863E-17,
1.));
#2533=DIRECTION('ref_axis',(1.,0.,0.));
#2534=DIRECTION('center_axis',(0.,0.,-1.));
#2535=DIRECTION('ref_axis',(1.,0.,0.));
#2536=DIRECTION('',(0.,0.,-1.));
#2537=DIRECTION('center_axis',(-3.38963670212154E-32,-8.32667268468863E-17,
1.));
#2538=DIRECTION('ref_axis',(1.,0.,0.));
#2539=DIRECTION('center_axis',(0.,0.,-1.));
#2540=DIRECTION('ref_axis',(1.,0.,0.));
#2541=DIRECTION('',(0.,0.,-1.));
#2542=DIRECTION('center_axis',(-3.38963670212154E-32,-8.32667268468863E-17,
1.));
#2543=DIRECTION('ref_axis',(1.,0.,0.));
#2544=DIRECTION('center_axis',(0.,0.,-1.));
#2545=DIRECTION('ref_axis',(1.,0.,0.));
#2546=DIRECTION('',(0.,0.,-1.));
#2547=DIRECTION('center_axis',(-3.38963670212154E-32,-8.32667268468863E-17,
1.));
#2548=DIRECTION('ref_axis',(1.,0.,0.));
#2549=DIRECTION('center_axis',(0.,0.,-1.));
#2550=DIRECTION('ref_axis',(1.,0.,0.));
#2551=DIRECTION('',(0.,0.,-1.));
#2552=DIRECTION('center_axis',(-3.38963670212154E-32,-8.32667268468863E-17,
1.));
#2553=DIRECTION('ref_axis',(1.,0.,0.));
#2554=DIRECTION('center_axis',(0.,0.,-1.));
#2555=DIRECTION('ref_axis',(1.,0.,0.));
#2556=DIRECTION('',(0.,0.,-1.));
#2557=DIRECTION('center_axis',(-3.38963670212154E-32,-8.32667268468863E-17,
1.));
#2558=DIRECTION('ref_axis',(1.,0.,0.));
#2559=DIRECTION('center_axis',(0.,0.,-1.));
#2560=DIRECTION('ref_axis',(1.,0.,0.));
#2561=DIRECTION('',(0.,0.,-1.));
#2562=DIRECTION('center_axis',(-3.38963670212154E-32,-8.32667268468863E-17,
1.));
#2563=DIRECTION('ref_axis',(1.,0.,0.));
#2564=DIRECTION('center_axis',(0.,0.,-1.));
#2565=DIRECTION('ref_axis',(1.,0.,0.));
#2566=DIRECTION('',(0.,0.,-1.));
#2567=DIRECTION('center_axis',(-3.38963670212154E-32,-8.32667268468863E-17,
1.));
#2568=DIRECTION('ref_axis',(1.,0.,0.));
#2569=DIRECTION('center_axis',(0.,0.,-1.));
#2570=DIRECTION('ref_axis',(1.,0.,0.));
#2571=DIRECTION('',(0.,0.,-1.));
#2572=DIRECTION('center_axis',(-3.38963670212154E-32,-8.32667268468863E-17,
1.));
#2573=DIRECTION('ref_axis',(1.,0.,0.));
#2574=DIRECTION('center_axis',(0.,0.,-1.));
#2575=DIRECTION('ref_axis',(1.,0.,0.));
#2576=DIRECTION('',(0.,0.,-1.));
#2577=DIRECTION('center_axis',(-3.38963670212154E-32,-8.32667268468863E-17,
1.));
#2578=DIRECTION('ref_axis',(1.,0.,0.));
#2579=DIRECTION('center_axis',(0.,0.,-1.));
#2580=DIRECTION('ref_axis',(1.,0.,0.));
#2581=DIRECTION('',(0.,0.,-1.));
#2582=DIRECTION('center_axis',(-3.38963670212154E-32,-8.32667268468863E-17,
1.));
#2583=DIRECTION('ref_axis',(1.,0.,0.));
#2584=DIRECTION('center_axis',(0.,0.,-1.));
#2585=DIRECTION('ref_axis',(1.,0.,0.));
#2586=DIRECTION('',(0.,0.,-1.));
#2587=DIRECTION('center_axis',(-3.38963670212154E-32,-8.32667268468863E-17,
1.));
#2588=DIRECTION('ref_axis',(1.,0.,0.));
#2589=DIRECTION('center_axis',(0.,0.,-1.));
#2590=DIRECTION('ref_axis',(1.,0.,0.));
#2591=DIRECTION('',(0.,0.,-1.));
#2592=DIRECTION('center_axis',(-3.38963670212154E-32,-8.32667268468863E-17,
1.));
#2593=DIRECTION('ref_axis',(1.,0.,0.));
#2594=DIRECTION('center_axis',(0.,0.,-1.));
#2595=DIRECTION('ref_axis',(1.,0.,0.));
#2596=DIRECTION('',(0.,0.,-1.));
#2597=DIRECTION('center_axis',(-3.38963670212154E-32,-8.32667268468863E-17,
1.));
#2598=DIRECTION('ref_axis',(1.,0.,0.));
#2599=DIRECTION('center_axis',(0.,0.,-1.));
#2600=DIRECTION('ref_axis',(1.,0.,0.));
#2601=DIRECTION('',(0.,0.,-1.));
#2602=DIRECTION('center_axis',(-3.38963670212154E-32,-8.32667268468863E-17,
1.));
#2603=DIRECTION('ref_axis',(1.,0.,0.));
#2604=DIRECTION('center_axis',(0.,0.,-1.));
#2605=DIRECTION('ref_axis',(1.,0.,0.));
#2606=DIRECTION('',(0.,0.,-1.));
#2607=DIRECTION('center_axis',(-3.38963670212154E-32,-8.32667268468863E-17,
1.));
#2608=DIRECTION('ref_axis',(1.,0.,0.));
#2609=DIRECTION('center_axis',(0.,0.,-1.));
#2610=DIRECTION('ref_axis',(1.,0.,0.));
#2611=DIRECTION('',(0.,0.,-1.));
#2612=DIRECTION('center_axis',(-3.38963670212154E-32,-8.32667268468863E-17,
1.));
#2613=DIRECTION('ref_axis',(1.,0.,0.));
#2614=DIRECTION('center_axis',(0.,0.,-1.));
#2615=DIRECTION('ref_axis',(1.,0.,0.));
#2616=DIRECTION('',(0.,0.,-1.));
#2617=DIRECTION('center_axis',(-3.38963670212154E-32,-8.32667268468863E-17,
1.));
#2618=DIRECTION('ref_axis',(1.,0.,0.));
#2619=DIRECTION('center_axis',(0.,0.,-1.));
#2620=DIRECTION('ref_axis',(1.,0.,0.));
#2621=DIRECTION('',(0.,0.,-1.));
#2622=DIRECTION('center_axis',(-3.38963670212154E-32,-8.32667268468863E-17,
1.));
#2623=DIRECTION('ref_axis',(1.,0.,0.));
#2624=DIRECTION('center_axis',(0.,0.,-1.));
#2625=DIRECTION('ref_axis',(1.,0.,0.));
#2626=DIRECTION('',(0.,0.,-1.));
#2627=DIRECTION('center_axis',(-3.38963670212154E-32,-8.32667268468863E-17,
1.));
#2628=DIRECTION('ref_axis',(1.,0.,0.));
#2629=DIRECTION('center_axis',(0.,0.,-1.));
#2630=DIRECTION('ref_axis',(1.,0.,0.));
#2631=DIRECTION('',(0.,0.,-1.));
#2632=DIRECTION('center_axis',(-3.38963670212154E-32,-8.32667268468863E-17,
1.));
#2633=DIRECTION('ref_axis',(1.,0.,0.));
#2634=DIRECTION('center_axis',(0.,0.,-1.));
#2635=DIRECTION('ref_axis',(1.,0.,0.));
#2636=DIRECTION('',(0.,0.,-1.));
#2637=DIRECTION('center_axis',(-3.38963670212154E-32,-8.32667268468863E-17,
1.));
#2638=DIRECTION('ref_axis',(1.,0.,0.));
#2639=DIRECTION('center_axis',(0.,0.,-1.));
#2640=DIRECTION('ref_axis',(1.,0.,0.));
#2641=DIRECTION('',(0.,0.,-1.));
#2642=DIRECTION('center_axis',(-3.38963670212154E-32,-8.32667268468863E-17,
1.));
#2643=DIRECTION('ref_axis',(1.,0.,0.));
#2644=DIRECTION('center_axis',(0.,0.,-1.));
#2645=DIRECTION('ref_axis',(1.,0.,0.));
#2646=DIRECTION('',(0.,0.,-1.));
#2647=DIRECTION('center_axis',(-3.38963670212154E-32,-8.32667268468863E-17,
1.));
#2648=DIRECTION('ref_axis',(1.,0.,0.));
#2649=DIRECTION('center_axis',(0.,0.,-1.));
#2650=DIRECTION('ref_axis',(1.,0.,0.));
#2651=DIRECTION('',(0.,0.,-1.));
#2652=DIRECTION('center_axis',(-3.38963670212154E-32,-8.32667268468863E-17,
1.));
#2653=DIRECTION('ref_axis',(1.,0.,0.));
#2654=DIRECTION('center_axis',(0.,0.,-1.));
#2655=DIRECTION('ref_axis',(1.,0.,0.));
#2656=DIRECTION('',(0.,0.,-1.));
#2657=DIRECTION('center_axis',(-3.38963670212154E-32,-8.32667268468863E-17,
1.));
#2658=DIRECTION('ref_axis',(1.,0.,0.));
#2659=DIRECTION('center_axis',(0.,0.,-1.));
#2660=DIRECTION('ref_axis',(1.,0.,0.));
#2661=DIRECTION('',(0.,0.,-1.));
#2662=DIRECTION('center_axis',(-3.38963670212154E-32,-8.32667268468863E-17,
1.));
#2663=DIRECTION('ref_axis',(1.,0.,0.));
#2664=DIRECTION('center_axis',(0.,0.,-1.));
#2665=DIRECTION('ref_axis',(1.,0.,0.));
#2666=DIRECTION('',(0.,0.,-1.));
#2667=DIRECTION('center_axis',(-3.38963670212154E-32,-8.32667268468863E-17,
1.));
#2668=DIRECTION('ref_axis',(1.,0.,0.));
#2669=DIRECTION('center_axis',(0.,0.,-1.));
#2670=DIRECTION('ref_axis',(1.,0.,0.));
#2671=DIRECTION('',(0.,0.,-1.));
#2672=DIRECTION('center_axis',(-3.38963670212154E-32,-8.32667268468863E-17,
1.));
#2673=DIRECTION('ref_axis',(1.,0.,0.));
#2674=DIRECTION('center_axis',(0.,0.,-1.));
#2675=DIRECTION('ref_axis',(1.,0.,0.));
#2676=DIRECTION('',(0.,0.,-1.));
#2677=DIRECTION('center_axis',(-3.38963670212154E-32,-8.32667268468863E-17,
1.));
#2678=DIRECTION('ref_axis',(1.,0.,0.));
#2679=DIRECTION('center_axis',(0.,0.,-1.));
#2680=DIRECTION('ref_axis',(1.,0.,0.));
#2681=DIRECTION('',(0.,0.,-1.));
#2682=DIRECTION('center_axis',(-3.38963670212154E-32,-8.32667268468863E-17,
1.));
#2683=DIRECTION('ref_axis',(1.,0.,0.));
#2684=DIRECTION('center_axis',(0.,0.,-1.));
#2685=DIRECTION('ref_axis',(1.,0.,0.));
#2686=DIRECTION('',(0.,0.,-1.));
#2687=DIRECTION('center_axis',(-3.38963670212154E-32,-8.32667268468863E-17,
1.));
#2688=DIRECTION('ref_axis',(1.,0.,0.));
#2689=DIRECTION('center_axis',(0.,0.,-1.));
#2690=DIRECTION('ref_axis',(1.,0.,0.));
#2691=DIRECTION('',(0.,0.,-1.));
#2692=DIRECTION('center_axis',(-3.38963670212154E-32,-8.32667268468863E-17,
1.));
#2693=DIRECTION('ref_axis',(1.,0.,0.));
#2694=DIRECTION('center_axis',(0.,0.,-1.));
#2695=DIRECTION('ref_axis',(1.,0.,0.));
#2696=DIRECTION('',(0.,0.,-1.));
#2697=DIRECTION('center_axis',(-3.38963670212154E-32,-8.32667268468863E-17,
1.));
#2698=DIRECTION('ref_axis',(1.,0.,0.));
#2699=DIRECTION('center_axis',(0.,0.,-1.));
#2700=DIRECTION('ref_axis',(1.,0.,0.));
#2701=DIRECTION('',(0.,0.,-1.));
#2702=DIRECTION('center_axis',(-3.38963670212154E-32,-8.32667268468863E-17,
1.));
#2703=DIRECTION('ref_axis',(1.,0.,0.));
#2704=DIRECTION('center_axis',(0.,0.,-1.));
#2705=DIRECTION('ref_axis',(1.,0.,0.));
#2706=DIRECTION('',(0.,0.,-1.));
#2707=DIRECTION('center_axis',(-3.38963670212154E-32,-8.32667268468863E-17,
1.));
#2708=DIRECTION('ref_axis',(1.,0.,0.));
#2709=DIRECTION('center_axis',(0.,0.,-1.));
#2710=DIRECTION('ref_axis',(1.,0.,0.));
#2711=DIRECTION('',(0.,0.,-1.));
#2712=DIRECTION('center_axis',(-3.38963670212154E-32,-8.32667268468863E-17,
1.));
#2713=DIRECTION('ref_axis',(1.,0.,0.));
#2714=DIRECTION('center_axis',(0.,0.,-1.));
#2715=DIRECTION('ref_axis',(1.,0.,0.));
#2716=DIRECTION('',(0.,0.,-1.));
#2717=DIRECTION('center_axis',(-3.38963670212154E-32,-8.32667268468863E-17,
1.));
#2718=DIRECTION('ref_axis',(1.,0.,0.));
#2719=DIRECTION('center_axis',(0.,0.,-1.));
#2720=DIRECTION('ref_axis',(-1.,0.,0.));
#2721=DIRECTION('center_axis',(6.7762635780344E-21,0.,1.));
#2722=DIRECTION('ref_axis',(-1.,0.,0.));
#2723=DIRECTION('',(0.,0.,1.));
#2724=DIRECTION('center_axis',(3.38963670212154E-32,8.32667268468863E-17,
-1.));
#2725=DIRECTION('ref_axis',(-1.,0.,0.));
#2726=DIRECTION('center_axis',(0.,0.,-1.));
#2727=DIRECTION('ref_axis',(-1.,0.,0.));
#2728=DIRECTION('center_axis',(-6.7762635780344E-21,0.,-1.));
#2729=DIRECTION('ref_axis',(-1.,0.,0.));
#2730=DIRECTION('',(0.,0.,1.));
#2731=DIRECTION('center_axis',(-3.38963670212154E-32,-8.32667268468863E-17,
1.));
#2732=DIRECTION('ref_axis',(-1.,0.,0.));
#2733=DIRECTION('center_axis',(6.7762635780344E-21,0.,1.));
#2734=DIRECTION('ref_axis',(1.,0.,-6.7762635780344E-21));
#2735=DIRECTION('center_axis',(-3.38963670212154E-32,-8.32667268468863E-17,
1.));
#2736=DIRECTION('ref_axis',(1.,7.88860905221012E-30,3.38963670212161E-32));
#2737=DIRECTION('center_axis',(3.38963670212154E-32,8.32667268468863E-17,
-1.));
#2738=DIRECTION('ref_axis',(1.,7.88860905221012E-30,6.56858655152258E-46));
#2739=DIRECTION('center_axis',(-3.38963670212154E-32,-8.32667268468863E-17,
1.));
#2740=DIRECTION('ref_axis',(-1.,0.,0.));
#2741=DIRECTION('center_axis',(-3.38963670212154E-32,-8.32667268468863E-17,
1.));
#2742=DIRECTION('ref_axis',(-1.,0.,0.));
#2743=DIRECTION('center_axis',(-3.38963670212154E-32,-8.32667268468863E-17,
1.));
#2744=DIRECTION('ref_axis',(-1.,0.,0.));
#2745=DIRECTION('center_axis',(0.,0.,-1.));
#2746=DIRECTION('ref_axis',(-1.,0.,0.));
#2747=DIRECTION('center_axis',(6.7762635780344E-21,0.,1.));
#2748=DIRECTION('ref_axis',(-1.,0.,0.));
#2749=DIRECTION('',(0.,0.,1.));
#2750=DIRECTION('center_axis',(3.38963670212154E-32,8.32667268468863E-17,
-1.));
#2751=DIRECTION('ref_axis',(-1.,0.,0.));
#2752=DIRECTION('center_axis',(0.,0.,-1.));
#2753=DIRECTION('ref_axis',(-1.,0.,0.));
#2754=DIRECTION('center_axis',(-6.7762635780344E-21,0.,-1.));
#2755=DIRECTION('ref_axis',(-1.,0.,0.));
#2756=DIRECTION('',(0.,0.,1.));
#2757=DIRECTION('center_axis',(6.7762635780344E-21,0.,1.));
#2758=DIRECTION('ref_axis',(1.,0.,-6.7762635780344E-21));
#2759=DIRECTION('center_axis',(-3.38963670212154E-32,-8.32667268468863E-17,
1.));
#2760=DIRECTION('ref_axis',(1.,7.88860905221012E-30,3.38963670212161E-32));
#2761=DIRECTION('center_axis',(0.,0.,-1.));
#2762=DIRECTION('ref_axis',(-1.,0.,0.));
#2763=DIRECTION('center_axis',(6.7762635780344E-21,0.,1.));
#2764=DIRECTION('ref_axis',(-1.,0.,0.));
#2765=DIRECTION('',(0.,0.,1.));
#2766=DIRECTION('center_axis',(3.38963670212154E-32,8.32667268468863E-17,
-1.));
#2767=DIRECTION('ref_axis',(-1.,0.,0.));
#2768=DIRECTION('center_axis',(0.,0.,-1.));
#2769=DIRECTION('ref_axis',(-1.,0.,0.));
#2770=DIRECTION('center_axis',(-6.7762635780344E-21,0.,-1.));
#2771=DIRECTION('ref_axis',(-1.,0.,0.));
#2772=DIRECTION('',(0.,0.,1.));
#2773=DIRECTION('center_axis',(6.7762635780344E-21,0.,1.));
#2774=DIRECTION('ref_axis',(1.,0.,-6.7762635780344E-21));
#2775=DIRECTION('center_axis',(-3.38963670212154E-32,-8.32667268468863E-17,
1.));
#2776=DIRECTION('ref_axis',(1.,7.88860905221012E-30,3.38963670212161E-32));
#2777=DIRECTION('center_axis',(0.,0.,-1.));
#2778=DIRECTION('ref_axis',(-1.,0.,0.));
#2779=DIRECTION('center_axis',(6.7762635780344E-21,0.,1.));
#2780=DIRECTION('ref_axis',(-1.,0.,0.));
#2781=DIRECTION('',(0.,0.,1.));
#2782=DIRECTION('center_axis',(3.38963670212154E-32,8.32667268468863E-17,
-1.));
#2783=DIRECTION('ref_axis',(-1.,0.,0.));
#2784=DIRECTION('center_axis',(0.,0.,-1.));
#2785=DIRECTION('ref_axis',(-1.,0.,0.));
#2786=DIRECTION('center_axis',(-6.7762635780344E-21,0.,-1.));
#2787=DIRECTION('ref_axis',(-1.,0.,0.));
#2788=DIRECTION('',(0.,0.,1.));
#2789=DIRECTION('center_axis',(6.7762635780344E-21,0.,1.));
#2790=DIRECTION('ref_axis',(1.,0.,-6.7762635780344E-21));
#2791=DIRECTION('center_axis',(-3.38963670212154E-32,-8.32667268468863E-17,
1.));
#2792=DIRECTION('ref_axis',(1.,7.88860905221012E-30,3.38963670212161E-32));
#2793=DIRECTION('center_axis',(0.,8.32667268468867E-17,-1.));
#2794=DIRECTION('ref_axis',(1.,7.88860905221012E-30,6.56858655152258E-46));
#2795=DIRECTION('',(0.,-8.32667268468867E-17,1.));
#2796=DIRECTION('center_axis',(-3.38963670212154E-32,-8.32667268468863E-17,
1.));
#2797=DIRECTION('ref_axis',(1.,7.88860905221012E-30,3.38963670212161E-32));
#2798=CARTESIAN_POINT('',(0.,0.,0.));
#2799=CARTESIAN_POINT('Origin',(-0.000173344838925931,-0.999999717040936,
10.9757976352889));
#2800=CARTESIAN_POINT('',(27.4254442068237,-1.00060030844965,11.7459975612697));
#2801=CARTESIAN_POINT('',(27.4245948510611,-1.00063860402079,11.9555977093082));
#2802=CARTESIAN_POINT('',(27.4248266551611,-0.999999717040933,10.9757976352889));
#2803=CARTESIAN_POINT('',(-11.6563851508133,-25.8246518059276,12.9757976352889));
#2804=CARTESIAN_POINT('Ctrl Pts',(-11.6563851508134,-25.8246518059275,12.9757976352889));
#2805=CARTESIAN_POINT('Ctrl Pts',(-15.6972376119966,-23.9273026710596,12.9369377768788));
#2806=CARTESIAN_POINT('Ctrl Pts',(-19.2643247648982,-21.0258083016247,12.8980779184688));
#2807=CARTESIAN_POINT('Ctrl Pts',(-21.9420592275322,-17.4559503017869,12.8592180600587));
#2808=CARTESIAN_POINT('Ctrl Pts',(-24.6197936901663,-13.8860923019491,12.8203582016486));
#2809=CARTESIAN_POINT('Ctrl Pts',(-26.4081754625327,-9.64787067170828,12.7814983432385));
#2810=CARTESIAN_POINT('Ctrl Pts',(-27.0979054853322,-5.23829161522104,12.7426384848285));
#2811=CARTESIAN_POINT('Ctrl Pts',(-27.7876355081318,-0.828712558733837,
12.7037786264184));
#2812=CARTESIAN_POINT('Ctrl Pts',(-27.3787137813645,3.75222392399982,12.6649187680083));
#2813=CARTESIAN_POINT('Ctrl Pts',(-25.9190987911021,7.96975190808445,12.6260589095982));
#2814=CARTESIAN_POINT('Ctrl Pts',(-24.4594838008396,12.1872798921691,12.5871990511882));
#2815=CARTESIAN_POINT('Ctrl Pts',(-21.9491755470821,16.0413993776047,12.5483391927781));
#2816=CARTESIAN_POINT('Ctrl Pts',(-18.681501360219,19.081315408676,12.509479334368));
#2817=CARTESIAN_POINT('Ctrl Pts',(-15.4138271733558,22.1212314397473,12.4706194759579));
#2818=CARTESIAN_POINT('Ctrl Pts',(-11.3887870533869,24.3469440164543,12.4317596175479));
#2819=CARTESIAN_POINT('Ctrl Pts',(-7.07687231537564,25.4984670195856,12.3928997591378));
#2820=CARTESIAN_POINT('Ctrl Pts',(-2.76495757736434,26.6499900227169,12.3540399007277));
#2821=CARTESIAN_POINT('Ctrl Pts',(1.83383177868938,26.7273234522726,12.3151800423176));
#2822=CARTESIAN_POINT('Ctrl Pts',(6.18200338131356,25.7213506213107,12.2763201839076));
#2823=CARTESIAN_POINT('Ctrl Pts',(10.5301749839377,24.7153777903487,12.2374603254975));
#2824=CARTESIAN_POINT('Ctrl Pts',(14.6277288331323,22.6260986988691,12.1986004670874));
#2825=CARTESIAN_POINT('Ctrl Pts',(17.9957282283802,19.6977492141362,12.1597406086773));
#2826=CARTESIAN_POINT('Ctrl Pts',(21.3637276236282,16.7693997294032,12.1208807502672));
#2827=CARTESIAN_POINT('Ctrl Pts',(24.0021725649295,13.0019798514171,12.0820208918572));
#2828=CARTESIAN_POINT('Ctrl Pts',(25.6026832276053,8.83581117265266,12.0431610334471));
#2829=CARTESIAN_POINT('Ctrl Pts',(26.8048323490693,5.70658739811423,12.0139732587341));
#2830=CARTESIAN_POINT('Ctrl Pts',(27.4214241722372,2.35240692324244,11.9847854840211));
#2831=CARTESIAN_POINT('Ctrl Pts',(27.4245948510611,-1.00063860402079,11.9555977093082));
#2832=CARTESIAN_POINT('',(11.6564191361283,-25.8240167521341,12.9757976352889));
#2833=CARTESIAN_POINT('Origin',(-0.000173344838925931,-0.999999717040936,
12.9757976352889));
#2834=CARTESIAN_POINT('Ctrl Pts',(27.4254442068237,-1.00060030844965,11.7459975612697));
#2835=CARTESIAN_POINT('Ctrl Pts',(27.421972392738,2.63969554382215,11.7776886538373));
#2836=CARTESIAN_POINT('Ctrl Pts',(26.6921270116992,6.28134265287503,11.8093797464049));
#2837=CARTESIAN_POINT('Ctrl Pts',(25.2806567244797,9.63621486484925,11.8410708389726));
#2838=CARTESIAN_POINT('Ctrl Pts',(23.5499011377383,13.7499846524628,11.8799306973827));
#2839=CARTESIAN_POINT('Ctrl Pts',(20.7942645209094,17.4325639872978,11.9187905557927));
#2840=CARTESIAN_POINT('Ctrl Pts',(17.3358290132648,20.2535283333755,11.9576504142028));
#2841=CARTESIAN_POINT('Ctrl Pts',(13.8773935056201,23.0744926794532,11.9965102726129));
#2842=CARTESIAN_POINT('Ctrl Pts',(9.71615910715976,25.0338420367737,12.035370131023));
#2843=CARTESIAN_POINT('Ctrl Pts',(5.3384958409995,25.9025658555971,12.074229989433));
#2844=CARTESIAN_POINT('Ctrl Pts',(0.960832574839199,26.7712896744205,12.1130898478431));
#2845=CARTESIAN_POINT('Ctrl Pts',(-3.633259559021,26.5493879547467,12.1519497062532));
#2846=CARTESIAN_POINT('Ctrl Pts',(-7.90681748298684,25.2627956910563,12.1908095646633));
#2847=CARTESIAN_POINT('Ctrl Pts',(-12.1803754069527,23.976203427366,12.2296694230733));
#2848=CARTESIAN_POINT('Ctrl Pts',(-16.1333991210242,21.6249206196592,12.2685292814834));
#2849=CARTESIAN_POINT('Ctrl Pts',(-19.3038546338367,18.4837703539918,12.3073891398935));
#2850=CARTESIAN_POINT('Ctrl Pts',(-22.4743101466492,15.3426200883245,12.3462489983036));
#2851=CARTESIAN_POINT('Ctrl Pts',(-24.8621974582029,11.4116023646966,12.3851088567136));
#2852=CARTESIAN_POINT('Ctrl Pts',(-26.1884171133152,7.15017451471017,12.4239687151237));
#2853=CARTESIAN_POINT('Ctrl Pts',(-27.5146367684276,2.8887466647237,12.4628285735338));
#2854=CARTESIAN_POINT('Ctrl Pts',(-27.7791887670987,-1.70309131162139,12.5016884319439));
#2855=CARTESIAN_POINT('Ctrl Pts',(-26.9511526085854,-6.08863028864621,12.5405482903539));
#2856=CARTESIAN_POINT('Ctrl Pts',(-26.123116450072,-10.4741692656711,12.579408148764));
#2857=CARTESIAN_POINT('Ctrl Pts',(-24.2024921343742,-14.6534092433757,12.6182680071741));
#2858=CARTESIAN_POINT('Ctrl Pts',(-21.4137632090114,-18.1378950967792,12.6571278655842));
#2859=CARTESIAN_POINT('Ctrl Pts',(-18.6250342836486,-21.6223809501827,12.6959877239943));
#2860=CARTESIAN_POINT('Ctrl Pts',(-14.9682007486208,-24.4121126792852,12.7348475824043));
#2861=CARTESIAN_POINT('Ctrl Pts',(-10.8706803784057,-26.1809836599902,12.7737074408144));
#2862=CARTESIAN_POINT('Ctrl Pts',(-6.77316000819059,-27.9498546406952,12.8125672992245));
#2863=CARTESIAN_POINT('Ctrl Pts',(-2.23495280278819,-28.6978648730027,12.8514271576346));
#2864=CARTESIAN_POINT('Ctrl Pts',(2.21351558181027,-28.3376659604169,12.8902870160446));
#2865=CARTESIAN_POINT('Ctrl Pts',(5.47644809382531,-28.0734616003865,12.9187905557927));
#2866=CARTESIAN_POINT('Ctrl Pts',(8.69109968726174,-27.2130230240677,12.9472940955408));
#2867=CARTESIAN_POINT('Ctrl Pts',(11.6564191361283,-25.8240167521341,12.9757976352889));
#2868=CARTESIAN_POINT('Origin',(-0.000173344838925931,-0.999999717040936,
10.9757976352889));
#2869=CARTESIAN_POINT('',(27.423806604231,-1.00038741993223,10.2459975612697));
#2870=CARTESIAN_POINT('',(27.4231533351331,-1.0004171643281,10.4555977093082));
#2871=CARTESIAN_POINT('',(27.4248266551611,-0.999999717040933,10.9757976352889));
#2872=CARTESIAN_POINT('',(11.6560384611352,-25.8246518059277,9.97579763528892));
#2873=CARTESIAN_POINT('Ctrl Pts',(11.6560384611351,-25.8246518059277,9.97579763528892));
#2874=CARTESIAN_POINT('Ctrl Pts',(15.6968909223184,-23.9273026710599,10.014657493699));
#2875=CARTESIAN_POINT('Ctrl Pts',(19.2639775232643,-21.025806960056,10.0535173521091));
#2876=CARTESIAN_POINT('Ctrl Pts',(21.9417119747626,-17.4559489156246,10.0923772105191));
#2877=CARTESIAN_POINT('Ctrl Pts',(24.619446426261,-13.8860908711931,10.1312370689292));
#2878=CARTESIAN_POINT('Ctrl Pts',(26.4078287283119,-9.64787049333406,10.1700969273393));
#2879=CARTESIAN_POINT('Ctrl Pts',(27.0975589162919,-5.23829177973418,10.2089567857494));
#2880=CARTESIAN_POINT('Ctrl Pts',(27.3167065758376,-3.83723833665096,10.2213037109228));
#2881=CARTESIAN_POINT('Ctrl Pts',(27.424943036352,-2.41888591581343,10.2336506360962));
#2882=CARTESIAN_POINT('Ctrl Pts',(27.423806604231,-1.00038741993223,10.2459975612697));
#2883=CARTESIAN_POINT('',(-11.6563851508133,-25.8246518059276,9.97579763528892));
#2884=CARTESIAN_POINT('Origin',(-0.000173344838925931,-0.999999717040936,
9.97579763528892));
#2885=CARTESIAN_POINT('Ctrl Pts',(27.4231533351331,-1.0004171643281,10.4555977093082));
#2886=CARTESIAN_POINT('Ctrl Pts',(27.4241127189673,-2.70664714811511,10.4407474662801));
#2887=CARTESIAN_POINT('Ctrl Pts',(27.26723876154,-4.41270242247687,10.425897223252));
#2888=CARTESIAN_POINT('Ctrl Pts',(26.9508058487584,-6.08863028264986,10.4110469802239));
#2889=CARTESIAN_POINT('Ctrl Pts',(26.1227696904465,-10.4741692417499,10.3721871218138));
#2890=CARTESIAN_POINT('Ctrl Pts',(24.2021453721039,-14.6534091813938,10.3333272634037));
#2891=CARTESIAN_POINT('Ctrl Pts',(21.4134164583475,-18.1378950368258,10.2944674049937));
#2892=CARTESIAN_POINT('Ctrl Pts',(18.6246875445912,-21.6223808922578,10.2556075465836));
#2893=CARTESIAN_POINT('Ctrl Pts',(14.9678540354211,-24.4121126634778,10.2167476881735));
#2894=CARTESIAN_POINT('Ctrl Pts',(10.8703336675491,-26.1809836190239,10.1778878297634));
#2895=CARTESIAN_POINT('Ctrl Pts',(6.7728132996771,-27.9498545745701,10.1390279713534));
#2896=CARTESIAN_POINT('Ctrl Pts',(2.23460607310318,-28.6978647144424,10.1001681129433));
#2897=CARTESIAN_POINT('Ctrl Pts',(-2.21386228182885,-28.3376658391141,10.0613082545332));
#2898=CARTESIAN_POINT('Ctrl Pts',(-5.47679477208381,-28.0734615064118,10.0328047147851));
#2899=CARTESIAN_POINT('Ctrl Pts',(-8.69144631640851,-27.2130230271978,10.004301175037));
#2900=CARTESIAN_POINT('Ctrl Pts',(-11.6567657512966,-25.8240167824243,9.97579763528892));
#2901=CARTESIAN_POINT('Origin',(-0.000173344838925931,-0.999999717040936,
7.20298496621504));
#2902=CARTESIAN_POINT('',(26.5639248077077,-1.00058144210507,11.2486103043628));
#2903=CARTESIAN_POINT('',(26.5617058990421,-1.00040405107987,10.952984966215));
#2904=CARTESIAN_POINT('',(26.5633266551611,-0.999999717040927,7.20298496621504));
#2905=CARTESIAN_POINT('',(-15.4162541443928,20.6324755234771,9.97579763528892));
#2906=CARTESIAN_POINT('Ctrl Pts',(-15.4162541443928,20.6324755234771,9.97579763528892));
#2907=CARTESIAN_POINT('Ctrl Pts',(-18.9374974836404,18.1231107268376,10.014657493699));
#2908=CARTESIAN_POINT('Ctrl Pts',(-24.728498229511,11.3551251821879,10.0923772105191));
#2909=CARTESIAN_POINT('Ctrl Pts',(-27.6341272044847,-1.69200874050326,10.2089567857494));
#2910=CARTESIAN_POINT('Ctrl Pts',(-24.0798142467339,-14.5747229673498,10.3255363609796));
#2911=CARTESIAN_POINT('Ctrl Pts',(-14.8966705730148,-24.2854635350455,10.4421159362098));
#2912=CARTESIAN_POINT('Ctrl Pts',(-2.23124370380307,-28.5523061603945,10.5586955114401));
#2913=CARTESIAN_POINT('Ctrl Pts',(10.955702622151,-26.378767343567,10.6752750866703));
#2914=CARTESIAN_POINT('Ctrl Pts',(21.5815874266183,-18.2724730969158,10.7918546619005));
#2915=CARTESIAN_POINT('Ctrl Pts',(26.0130791824738,-8.62963604575561,10.8844246217488));
#2916=CARTESIAN_POINT('Ctrl Pts',(26.5626351458053,-2.65303632726306,10.9381347231869));
#2917=CARTESIAN_POINT('Ctrl Pts',(26.5617058990421,-1.00040405107987,10.952984966215));
#2918=CARTESIAN_POINT('',(15.4159074547151,20.632475523477,9.97579763528892));
#2919=CARTESIAN_POINT('Origin',(-0.000173344838925931,-0.999999717040936,
9.97579763528892));
#2920=CARTESIAN_POINT('Ctrl Pts',(15.4161599779193,20.6318043020675,9.97579763528892));
#2921=CARTESIAN_POINT('Ctrl Pts',(12.831569073163,22.4700862173874,10.004301175037));
#2922=CARTESIAN_POINT('Ctrl Pts',(5.94499125943159,25.7264807781044,10.0716645731952));
#2923=CARTESIAN_POINT('Ctrl Pts',(-6.23089481147699,25.9312307247229,10.1778878297634));
#2924=CARTESIAN_POINT('Ctrl Pts',(-18.1374077174042,19.8602848079224,10.2944674049937));
#2925=CARTESIAN_POINT('Ctrl Pts',(-25.8040985808845,8.91306231718784,10.4110469802239));
#2926=CARTESIAN_POINT('Ctrl Pts',(-27.4388111985887,-4.35149761669055,10.5276265554541));
#2927=CARTESIAN_POINT('Ctrl Pts',(-22.6593974945855,-16.8325854636837,10.6442061306843));
#2928=CARTESIAN_POINT('Ctrl Pts',(-12.5831114540748,-25.6126189245094,10.7607857059146));
#2929=CARTESIAN_POINT('Ctrl Pts',(0.434593478923332,-28.6391431546518,10.8773652811448));
#2930=CARTESIAN_POINT('Ctrl Pts',(13.3506657296028,-25.2046770525069,10.993944856375));
#2931=CARTESIAN_POINT('Ctrl Pts',(23.1458140952961,-16.1120665360858,11.1105244316053));
#2932=CARTESIAN_POINT('Ctrl Pts',(26.3384181344423,-6.91888043820597,11.1954129142678));
#2933=CARTESIAN_POINT('Ctrl Pts',(26.564685488245,-1.79817662910866,11.2414415385204));
#2934=CARTESIAN_POINT('Ctrl Pts',(26.5639248077077,-1.00058144210507,11.2486103043628));
#2935=CARTESIAN_POINT('Origin',(-0.000173344838925931,-0.999999717040936,
7.20298496621504));
#2936=CARTESIAN_POINT('',(26.5652778163571,-1.00032653562709,12.7486103043628));
#2937=CARTESIAN_POINT('',(26.5631021327104,-1.00061853469961,12.452984966215));
#2938=CARTESIAN_POINT('',(26.5633266551611,-0.999999717040927,7.20298496621504));
#2939=CARTESIAN_POINT('',(15.4159074547151,20.632475523477,12.9757976352889));
#2940=CARTESIAN_POINT('Ctrl Pts',(26.5652778163571,-1.00032653562709,12.7486103043628));
#2941=CARTESIAN_POINT('Ctrl Pts',(26.5634814417917,3.1013313878512,12.7854795562614));
#2942=CARTESIAN_POINT('Ctrl Pts',(24.5798272896519,11.5284688011904,12.8612086665701));
#2943=CARTESIAN_POINT('Ctrl Pts',(18.9371507939627,18.1231107268374,12.9369377768788));
#2944=CARTESIAN_POINT('Ctrl Pts',(15.4159074547151,20.632475523477,12.9757976352889));
#2945=CARTESIAN_POINT('',(-15.4165066018531,20.6318043438643,12.9757976352889));
#2946=CARTESIAN_POINT('Origin',(-0.000173344838925931,-0.999999717040936,
12.9757976352889));
#2947=CARTESIAN_POINT('Ctrl Pts',(26.5631021327104,-1.00061853469961,12.452984966215));
#2948=CARTESIAN_POINT('Ctrl Pts',(26.5600310542441,2.24709795986582,12.482172740928));
#2949=CARTESIAN_POINT('Ctrl Pts',(25.1676809224358,9.82130418644536,12.5502203740511));
#2950=CARTESIAN_POINT('Ctrl Pts',(18.137060973397,19.8602846995318,12.6571278655842));
#2951=CARTESIAN_POINT('Ctrl Pts',(6.23054811945921,25.9312307501994,12.7737074408144));
#2952=CARTESIAN_POINT('Ctrl Pts',(-5.94533796274074,25.7264805527638,12.8799306973827));
#2953=CARTESIAN_POINT('Ctrl Pts',(-12.8319157057028,22.4700862308768,12.9472940955408));
#2954=CARTESIAN_POINT('Ctrl Pts',(-15.4165066018531,20.6318043438643,12.9757976352889));
#2955=CARTESIAN_POINT('Origin',(-0.000173344838925931,-0.999999717040938,
10.9757976352889));
#2956=CARTESIAN_POINT('',(27.4998266551611,-0.999999717040941,9.97579763528892));
#2957=CARTESIAN_POINT('Origin',(-0.000173344838925931,-0.999999717040938,
9.97579763528892));
#2958=CARTESIAN_POINT('',(28.4998266551611,-0.999999717040941,10.9757976352889));
#2959=CARTESIAN_POINT('Origin',(27.4998266551611,-0.999999717040941,10.9757976352889));
#2960=CARTESIAN_POINT('',(-28.5001733448389,-0.999999717040934,10.9757976352889));
#2961=CARTESIAN_POINT('Origin',(-0.000173344838925931,-0.999999717040938,
10.9757976352889));
#2962=CARTESIAN_POINT('Origin',(-0.000173344838925931,-0.999999717040938,
10.9757976352889));
#2963=CARTESIAN_POINT('Origin',(-0.000173344838925931,-0.999999717040939,
34.9757976352889));
#2964=CARTESIAN_POINT('',(-28.5001733448389,-0.999999717040943,35.9757976352889));
#2965=CARTESIAN_POINT('Origin',(-0.000173344838925931,-0.999999717040939,
35.9757976352889));
#2966=CARTESIAN_POINT('',(-28.5001733448389,-0.999999717040943,34.9757976352889));
#2967=CARTESIAN_POINT('',(-3.18933567330054,27.3210038605642,25.8661302647797));
#2968=CARTESIAN_POINT('',(3.21066432691279,27.3185546501166,25.8661302647797));
#2969=CARTESIAN_POINT('Origin',(-0.000173344838925931,-0.999999717040939,
25.8661302647797));
#2970=CARTESIAN_POINT('',(3.21066432691266,27.3185546501167,32.2661302647797));
#2971=CARTESIAN_POINT('',(3.2106643269126,27.3185546501167,34.9757976352889));
#2972=CARTESIAN_POINT('',(-3.1893356733002,27.3210038605642,32.2661302647797));
#2973=CARTESIAN_POINT('Origin',(-0.000173344838925931,-0.999999717040939,
32.2661302647797));
#2974=CARTESIAN_POINT('',(-3.18933567330005,27.3210038605642,34.9757976352889));
#2975=CARTESIAN_POINT('',(-4.77509105526498,-29.0971554602591,26.4161249176766));
#2976=CARTESIAN_POINT('',(-4.775091055265,-29.0971554602591,27.0761249176737));
#2977=CARTESIAN_POINT('',(-4.775091055265,-29.0971554602591,34.9757976352889));
#2978=CARTESIAN_POINT('',(-3.22509105526398,-29.3169541041389,28.6261249176757));
#2979=CARTESIAN_POINT('Ctrl Pts',(-4.77509105526498,-29.0971554602591,27.0761249176757));
#2980=CARTESIAN_POINT('Ctrl Pts',(-4.77509105526498,-29.0971554602591,27.2707726304389));
#2981=CARTESIAN_POINT('Ctrl Pts',(-4.73617598604072,-29.1038547100056,27.4781785944071));
#2982=CARTESIAN_POINT('Ctrl Pts',(-4.57849358876349,-29.1299725254238,27.8592765257011));
#2983=CARTESIAN_POINT('Ctrl Pts',(-4.45974423991452,-29.1492682783568,28.0329843385344));
#2984=CARTESIAN_POINT('Ctrl Pts',(-4.1853105883675,-29.1913827570706,28.3084518799716));
#2985=CARTESIAN_POINT('Ctrl Pts',(-4.01078471409813,-29.2170555835345,28.4281860559071));
#2986=CARTESIAN_POINT('Ctrl Pts',(-3.62828544071605,-29.268781932523,28.5870246974726));
#2987=CARTESIAN_POINT('Ctrl Pts',(-3.42029508066879,-29.2947230085886,28.6261249176757));
#2988=CARTESIAN_POINT('Ctrl Pts',(-3.22509105526501,-29.3169541041388,28.6261249176757));
#2989=CARTESIAN_POINT('',(3.22490894473498,-29.3169353603177,28.6261249176757));
#2990=CARTESIAN_POINT('Origin',(-0.000173344838925931,-0.999999717040939,
28.6261249176757));
#2991=CARTESIAN_POINT('',(4.774908944734,-29.097127490673,27.0761249176797));
#2992=CARTESIAN_POINT('Ctrl Pts',(3.22490894473498,-29.3169353603177,28.6261249176757));
#2993=CARTESIAN_POINT('Ctrl Pts',(3.42011300207232,-29.2947031118815,28.6261249176755));
#2994=CARTESIAN_POINT('Ctrl Pts',(3.62810339008255,-29.2687608029365,28.5870246865161));
#2995=CARTESIAN_POINT('Ctrl Pts',(4.01060272135961,-29.2170321752012,28.4281859930751));
#2996=CARTESIAN_POINT('Ctrl Pts',(4.18512862614029,-29.1913583028156,28.3084517760272));
#2997=CARTESIAN_POINT('Ctrl Pts',(4.45956222047996,-29.1492421900245,28.0329842025924));
#2998=CARTESIAN_POINT('Ctrl Pts',(4.57831152383141,-29.1299457314291,27.8592764365497));
#2999=CARTESIAN_POINT('Ctrl Pts',(4.73599387617595,-29.1038269750211,27.4781785717417));
#3000=CARTESIAN_POINT('Ctrl Pts',(4.77490894473398,-29.097127490673,27.2707726266061));
#3001=CARTESIAN_POINT('Ctrl Pts',(4.77490894473398,-29.097127490673,27.0761249176757));
#3002=CARTESIAN_POINT('',(4.77490894473398,-29.097127490673,26.4161249176756));
#3003=CARTESIAN_POINT('',(4.774908944734,-29.097127490673,34.9757976352889));
#3004=CARTESIAN_POINT('',(3.224908944734,-29.3169353603178,24.8661249176759));
#3005=CARTESIAN_POINT('Ctrl Pts',(4.77490894473398,-29.097127490673,26.4161249176756));
#3006=CARTESIAN_POINT('Ctrl Pts',(4.77490894473398,-29.097127490673,26.2214772087453));
#3007=CARTESIAN_POINT('Ctrl Pts',(4.73599387617595,-29.1038269750211,26.0140712636096));
#3008=CARTESIAN_POINT('Ctrl Pts',(4.57831152383141,-29.1299457314291,25.6329733988016));
#3009=CARTESIAN_POINT('Ctrl Pts',(4.45956222047996,-29.1492421900245,25.4592656327589));
#3010=CARTESIAN_POINT('Ctrl Pts',(4.18512862614029,-29.1913583028156,25.1837980593242));
#3011=CARTESIAN_POINT('Ctrl Pts',(4.01060272135961,-29.2170321752012,25.0640638422762));
#3012=CARTESIAN_POINT('Ctrl Pts',(3.62810339008255,-29.2687608029365,24.9052251488352));
#3013=CARTESIAN_POINT('Ctrl Pts',(3.42011300207135,-29.2947031118817,24.8661249176757));
#3014=CARTESIAN_POINT('Ctrl Pts',(3.22490894473401,-29.3169353603178,24.8661249176757));
#3015=CARTESIAN_POINT('',(-3.22509105526598,-29.3169541041387,24.8661249176767));
#3016=CARTESIAN_POINT('Origin',(-0.000173344838925931,-0.999999717040939,
24.8661249176758));
#3017=CARTESIAN_POINT('Ctrl Pts',(-3.22509105526598,-29.3169541041387,24.8661249176767));
#3018=CARTESIAN_POINT('Ctrl Pts',(-3.42029508066975,-29.2947230085884,24.8661249176768));
#3019=CARTESIAN_POINT('Ctrl Pts',(-3.62828544071605,-29.268781932523,24.9052251378797));
#3020=CARTESIAN_POINT('Ctrl Pts',(-4.01078471409814,-29.2170555835345,25.0640637794452));
#3021=CARTESIAN_POINT('Ctrl Pts',(-4.1853105883675,-29.1913827570706,25.1837979553807));
#3022=CARTESIAN_POINT('Ctrl Pts',(-4.45974423991452,-29.1492682783568,25.4592654968179));
#3023=CARTESIAN_POINT('Ctrl Pts',(-4.57849358876349,-29.1299725254238,25.6329733096512));
#3024=CARTESIAN_POINT('Ctrl Pts',(-4.73617598604072,-29.1038547100056,26.0140712409452));
#3025=CARTESIAN_POINT('Ctrl Pts',(-4.77509105526498,-29.0971554602591,26.2214772049134));
#3026=CARTESIAN_POINT('Ctrl Pts',(-4.77509105526498,-29.0971554602591,26.4161249176766));
#3027=CARTESIAN_POINT('Origin',(-0.000173344838927392,-0.999999717040938,
9.97579763528892));
#3028=CARTESIAN_POINT('Ctrl Pts',(11.6560384611351,-25.8246518059277,9.97579763528892));
#3029=CARTESIAN_POINT('Ctrl Pts',(12.1237677137003,-25.5963651028113,9.97579763528892));
#3030=CARTESIAN_POINT('Ctrl Pts',(12.5842017802594,-25.3548477021447,9.97579763528892));
#3031=CARTESIAN_POINT('Ctrl Pts',(13.0369219583852,-25.1006266342727,9.97579763528892));
#3032=CARTESIAN_POINT('Ctrl Pts',(13.4972535702817,-24.8421314321459,9.97579763528892));
#3033=CARTESIAN_POINT('Ctrl Pts',(13.9496101480364,-24.5705016109922,9.97579763528892));
#3034=CARTESIAN_POINT('Ctrl Pts',(14.3935326146926,-24.2862408059325,9.97579763528892));
#3035=CARTESIAN_POINT('Ctrl Pts',(14.8399639299054,-24.0003734876547,9.97579763528892));
#3036=CARTESIAN_POINT('Ctrl Pts',(15.2778659375022,-23.7017317164008,9.97579763528892));
#3037=CARTESIAN_POINT('Ctrl Pts',(15.7067466006436,-23.3907810123724,9.97579763528892));
#3038=CARTESIAN_POINT('Ctrl Pts',(16.1361607939815,-23.0794434837457,9.97579763528892));
#3039=CARTESIAN_POINT('Ctrl Pts',(16.5565315776739,-22.755766050738,9.97579763528891));
#3040=CARTESIAN_POINT('Ctrl Pts',(16.9673339731325,-22.4201740340364,9.97579763528891));
#3041=CARTESIAN_POINT('Ctrl Pts',(17.3767887914668,-22.085682877821,9.97579763528891));
#3042=CARTESIAN_POINT('Ctrl Pts',(17.7767382618006,-21.7393548305477,9.97579763528892));
#3043=CARTESIAN_POINT('Ctrl Pts',(18.1666260107195,-21.3815745004264,9.97579763528892));
#3044=CARTESIAN_POINT('Ctrl Pts',(18.5516661240401,-21.0282426010894,9.97579763528892));
#3045=CARTESIAN_POINT('Ctrl Pts',(18.9268934539791,-20.6637410590632,9.97579763528891));
#3046=CARTESIAN_POINT('Ctrl Pts',(19.2917316331289,-20.2884100274367,9.97579763528891));
#3047=CARTESIAN_POINT('Ctrl Pts',(19.5162609254902,-20.0574232071189,9.97579763528891));
#3048=CARTESIAN_POINT('Ctrl Pts',(19.7368545809205,-19.8223342140842,9.97579763528891));
#3049=CARTESIAN_POINT('Ctrl Pts',(19.9533697485177,-19.5832174227611,9.97579763528891));
#3050=CARTESIAN_POINT('Ctrl Pts',(19.9895922784383,-19.5432136889612,9.97579763528891));
#3051=CARTESIAN_POINT('Ctrl Pts',(20.0257006416945,-19.5030972150096,9.97579763528891));
#3052=CARTESIAN_POINT('Ctrl Pts',(20.0616941504027,-19.4628683399519,9.97579763528891));
#3053=CARTESIAN_POINT('Ctrl Pts',(20.0911472680633,-19.4299494656062,9.97579763528891));
#3054=CARTESIAN_POINT('Ctrl Pts',(20.1205230058081,-19.3969558247221,9.97579763528892));
#3055=CARTESIAN_POINT('Ctrl Pts',(20.149812306599,-19.363897507642,9.97579763528892));
#3056=CARTESIAN_POINT('Ctrl Pts',(20.5009257528544,-18.9676019552066,9.97579763528892));
#3057=CARTESIAN_POINT('Ctrl Pts',(20.8399505824418,-18.5616472596961,9.97579763528891));
#3058=CARTESIAN_POINT('Ctrl Pts',(21.1664172696646,-18.1464963845751,9.97579763528891));
#3059=CARTESIAN_POINT('Ctrl Pts',(21.3762300655079,-17.8796882561657,9.97579763528891));
#3060=CARTESIAN_POINT('Ctrl Pts',(21.5808552955763,-17.6090809301512,9.97579763528891));
#3061=CARTESIAN_POINT('Ctrl Pts',(21.7801606958018,-17.3347888785164,9.97579763528891));
#3062=CARTESIAN_POINT('Ctrl Pts',(22.0875593329673,-16.9117345971852,9.97579763528892));
#3063=CARTESIAN_POINT('Ctrl Pts',(22.3823050809843,-16.479916421165,9.97579763528892));
#3064=CARTESIAN_POINT('Ctrl Pts',(22.6642170884189,-16.0399897685463,9.97579763528892));
#3065=CARTESIAN_POINT('Ctrl Pts',(22.9488382524412,-15.5958354485789,9.97579763528892));
#3066=CARTESIAN_POINT('Ctrl Pts',(23.2203780784747,-15.1434156253179,9.97579763528892));
#3067=CARTESIAN_POINT('Ctrl Pts',(23.4786063052238,-14.6833755421578,9.97579763528892));
#3068=CARTESIAN_POINT('Ctrl Pts',(23.7368958800115,-14.2232261659234,9.97579763528892));
#3069=CARTESIAN_POINT('Ctrl Pts',(23.9818677209478,-13.7554524267699,9.97579763528892));
#3070=CARTESIAN_POINT('Ctrl Pts',(24.2132442226814,-13.2806778665437,9.97579763528892));
#3071=CARTESIAN_POINT('Ctrl Pts',(24.4436134676667,-12.8079701535389,9.97579763528892));
#3072=CARTESIAN_POINT('Ctrl Pts',(24.66050564299,-12.3283219562185,9.97579763528892));
#3073=CARTESIAN_POINT('Ctrl Pts',(24.8635974391106,-11.8423339857781,9.97579763528892));
#3074=CARTESIAN_POINT('Ctrl Pts',(24.9750534438281,-11.5756256373333,9.97579763528892));
#3075=CARTESIAN_POINT('Ctrl Pts',(25.0823522084093,-11.307007677051,9.97579763528892));
#3076=CARTESIAN_POINT('Ctrl Pts',(25.1854336720384,-11.0365782953318,9.97579763528892));
#3077=CARTESIAN_POINT('Ctrl Pts',(25.233198864807,-10.9112685539551,9.97579763528892));
#3078=CARTESIAN_POINT('Ctrl Pts',(25.2800584733984,-10.7855698661017,9.97579763528892));
#3079=CARTESIAN_POINT('Ctrl Pts',(25.3260061686666,-10.6594919722052,9.97579763528892));
#3080=CARTESIAN_POINT('Ctrl Pts',(25.3496412830308,-10.5946385465078,9.97579763528892));
#3081=CARTESIAN_POINT('Ctrl Pts',(25.3730351025097,-10.5296847831207,9.97579763528892));
#3082=CARTESIAN_POINT('Ctrl Pts',(25.3961867421821,-10.4646320068417,9.97579763528892));
#3083=CARTESIAN_POINT('Ctrl Pts',(25.4174636893053,-10.4048468468833,9.97579763528892));
#3084=CARTESIAN_POINT('Ctrl Pts',(25.4385379041208,-10.3449727361509,9.97579763528892));
#3085=CARTESIAN_POINT('Ctrl Pts',(25.459398135692,-10.2850413478485,9.97579763528892));
#3086=CARTESIAN_POINT('Ctrl Pts',(25.6325870089166,-9.78747018832293,9.97579763528892));
#3087=CARTESIAN_POINT('Ctrl Pts',(25.7911520702347,-9.2856181358661,9.97579763528892));
#3088=CARTESIAN_POINT('Ctrl Pts',(25.9349143829653,-8.78013636582378,9.97579763528892));
#3089=CARTESIAN_POINT('Ctrl Pts',(26.0789279577965,-8.27377113467886,9.97579763528892));
#3090=CARTESIAN_POINT('Ctrl Pts',(26.2080871800957,-7.76376300414334,9.97579763528892));
#3091=CARTESIAN_POINT('Ctrl Pts',(26.3221646705066,-7.25074467122583,9.97579763528892));
#3092=CARTESIAN_POINT('Ctrl Pts',(26.4358501451811,-6.73948927382594,9.97579763528892));
#3093=CARTESIAN_POINT('Ctrl Pts',(26.5345575093988,-6.22524384087478,9.97579763528892));
#3094=CARTESIAN_POINT('Ctrl Pts',(26.6180121737046,-5.70862011915292,9.97579763528892));
#3095=CARTESIAN_POINT('Ctrl Pts',(26.646654181459,-5.53131258617371,9.97579763528892));
#3096=CARTESIAN_POINT('Ctrl Pts',(26.673499144718,-5.35372482403757,9.97579763528892));
#3097=CARTESIAN_POINT('Ctrl Pts',(26.698534562645,-5.1758813265425,9.97579763528892));
#3098=CARTESIAN_POINT('Ctrl Pts',(26.7747846409357,-4.63422547534025,9.97579763528892));
#3099=CARTESIAN_POINT('Ctrl Pts',(26.8342535736264,-4.09019746334084,9.97579763528892));
#3100=CARTESIAN_POINT('Ctrl Pts',(26.8770345250271,-3.54455835773301,9.97579763528892));
#3101=CARTESIAN_POINT('Ctrl Pts',(26.9180627054483,-3.02127453778997,9.97579763528892));
#3102=CARTESIAN_POINT('Ctrl Pts',(26.9437418989342,-2.49650841220956,9.97579763528892));
#3103=CARTESIAN_POINT('Ctrl Pts',(26.9541013612697,-1.97093444550309,9.97579763528892));
#3104=CARTESIAN_POINT('Ctrl Pts',(26.962258205132,-1.5571074875295,9.97579763528892));
#3105=CARTESIAN_POINT('Ctrl Pts',(26.9609162688986,-1.1427796696362,9.97579763528892));
#3106=CARTESIAN_POINT('Ctrl Pts',(26.9500675426239,-0.728284771636498,9.97579763528892));
#3107=CARTESIAN_POINT('Ctrl Pts',(26.9453212248788,-0.546943253761626,9.97579763528892));
#3108=CARTESIAN_POINT('Ctrl Pts',(26.9387549962885,-0.365569823718643,9.97579763528892));
#3109=CARTESIAN_POINT('Ctrl Pts',(26.9303670152208,-0.184192801737382,9.97579763528892));
#3110=CARTESIAN_POINT('Ctrl Pts',(26.9282138370325,-0.1376336781003,9.97579763528892));
#3111=CARTESIAN_POINT('Ctrl Pts',(26.9259406128697,-0.0910743191141426,
9.97579763528892));
#3112=CARTESIAN_POINT('Ctrl Pts',(26.9235473040437,-0.0445152066680434,
9.97579763528892));
#3113=CARTESIAN_POINT('Ctrl Pts',(26.9212958022045,-0.000714788534367093,
9.97579763528892));
#3114=CARTESIAN_POINT('Ctrl Pts',(26.9189382747956,0.0430803030276479,9.97579763528892));
#3115=CARTESIAN_POINT('Ctrl Pts',(26.9164752244041,0.0868620916663852,9.97579763528892));
#3116=CARTESIAN_POINT('Ctrl Pts',(26.887165454825,0.60785595407203,9.97579763528892));
#3117=CARTESIAN_POINT('Ctrl Pts',(26.8429006925075,1.12729397998859,9.97579763528892));
#3118=CARTESIAN_POINT('Ctrl Pts',(26.7838474330025,1.64452410719006,9.97579763528892));
#3119=CARTESIAN_POINT('Ctrl Pts',(26.7241082210607,2.16776228998505,9.97579763528892));
#3120=CARTESIAN_POINT('Ctrl Pts',(26.6492349783153,2.68874149761344,9.97579763528892));
#3121=CARTESIAN_POINT('Ctrl Pts',(26.5593464788459,3.20678885971322,9.97579763528892));
#3122=CARTESIAN_POINT('Ctrl Pts',(26.4699273446711,3.72213116550278,9.97579763528892));
#3123=CARTESIAN_POINT('Ctrl Pts',(26.3656492361193,4.23457267280561,9.97579763528892));
#3124=CARTESIAN_POINT('Ctrl Pts',(26.246577280064,4.74344545113939,9.97579763528892));
#3125=CARTESIAN_POINT('Ctrl Pts',(26.1265678024551,5.25632487565184,9.97579763528892));
#3126=CARTESIAN_POINT('Ctrl Pts',(25.9915306021222,5.76557969286193,9.97579763528892));
#3127=CARTESIAN_POINT('Ctrl Pts',(25.8414802955443,6.27051250950373,9.97579763528892));
#3128=CARTESIAN_POINT('Ctrl Pts',(25.6914299889664,6.77544532614552,9.97579763528892));
#3129=CARTESIAN_POINT('Ctrl Pts',(25.5263665177814,7.27605667270002,9.97579763528892));
#3130=CARTESIAN_POINT('Ctrl Pts',(25.3462531621989,7.77162761926269,9.97579763528892));
#3131=CARTESIAN_POINT('Ctrl Pts',(25.1609218269366,8.28155551964837,9.97579763528892));
#3132=CARTESIAN_POINT('Ctrl Pts',(24.9596556058227,8.78614729422246,9.97579763528892));
#3133=CARTESIAN_POINT('Ctrl Pts',(24.7428227067286,9.28474579736247,9.97579763528892));
#3134=CARTESIAN_POINT('Ctrl Pts',(24.647958313375,9.50288264248623,9.97579763528892));
#3135=CARTESIAN_POINT('Ctrl Pts',(24.5501137270778,9.71987188698036,9.97579763528892));
#3136=CARTESIAN_POINT('Ctrl Pts',(24.4493169376839,9.93565622167711,9.97579763528892));
#3137=CARTESIAN_POINT('Ctrl Pts',(24.4282081204795,9.98084567765168,9.97579763528892));
#3138=CARTESIAN_POINT('Ctrl Pts',(24.4069688438715,10.0259843510118,9.97579763528892));
#3139=CARTESIAN_POINT('Ctrl Pts',(24.3856025212153,10.0710650351272,9.97579763528892));
#3140=CARTESIAN_POINT('Ctrl Pts',(24.1628747177254,10.5409971762071,9.97579763528892));
#3141=CARTESIAN_POINT('Ctrl Pts',(23.9266353615712,11.004021506984,9.97579763528892));
#3142=CARTESIAN_POINT('Ctrl Pts',(23.6773295471697,11.4596201887788,9.97579763528892));
#3143=CARTESIAN_POINT('Ctrl Pts',(23.4268571133899,11.9173508314834,9.97579763528892));
#3144=CARTESIAN_POINT('Ctrl Pts',(23.1631953807489,12.3675866043022,9.97579763528892));
#3145=CARTESIAN_POINT('Ctrl Pts',(22.8867478862884,12.8097801419205,9.97579763528892));
#3146=CARTESIAN_POINT('Ctrl Pts',(22.6102759333799,13.2520128022218,9.97579763528892));
#3147=CARTESIAN_POINT('Ctrl Pts',(22.3210156591494,13.6862022297785,9.97579763528892));
#3148=CARTESIAN_POINT('Ctrl Pts',(22.0193272625134,14.1117722766301,9.97579763528892));
#3149=CARTESIAN_POINT('Ctrl Pts',(21.7366527555718,14.5105208016125,9.97579763528892));
#3150=CARTESIAN_POINT('Ctrl Pts',(21.4430667411547,14.9017022104643,9.97579763528892));
#3151=CARTESIAN_POINT('Ctrl Pts',(21.1388343557398,15.2848147478451,9.97579763528892));
#3152=CARTESIAN_POINT('Ctrl Pts',(21.0247472112092,15.4284819493629,9.97579763528892));
#3153=CARTESIAN_POINT('Ctrl Pts',(20.9091626339889,15.5710141699204,9.97579763528892));
#3154=CARTESIAN_POINT('Ctrl Pts',(20.7920936077354,15.7123838329723,9.97579763528892));
#3155=CARTESIAN_POINT('Ctrl Pts',(20.738327558635,15.77731038518,9.97579763528892));
#3156=CARTESIAN_POINT('Ctrl Pts',(20.6842483918607,15.8419917136809,9.97579763528892));
#3157=CARTESIAN_POINT('Ctrl Pts',(20.6298573288654,15.9064251007183,9.97579763528892));
#3158=CARTESIAN_POINT('Ctrl Pts',(20.5948278145376,15.9479221800199,9.97579763528892));
#3159=CARTESIAN_POINT('Ctrl Pts',(20.5596688287113,15.989316495868,9.97579763528892));
#3160=CARTESIAN_POINT('Ctrl Pts',(20.5243902859881,16.03059622447,9.97579763528892));
#3161=CARTESIAN_POINT('Ctrl Pts',(20.1860790696461,16.4264571108783,9.97579763528892));
#3162=CARTESIAN_POINT('Ctrl Pts',(19.8365614749739,16.81203865658,9.97579763528892));
#3163=CARTESIAN_POINT('Ctrl Pts',(19.4762271369498,17.186796839351,9.97579763528892));
#3164=CARTESIAN_POINT('Ctrl Pts',(19.1172552713986,17.5601380111571,9.97579763528892));
#3165=CARTESIAN_POINT('Ctrl Pts',(18.747547984832,17.9227379056073,9.97579763528892));
#3166=CARTESIAN_POINT('Ctrl Pts',(18.3674513941199,18.2740249695901,9.97579763528892));
#3167=CARTESIAN_POINT('Ctrl Pts',(18.2890671017657,18.3464681027207,9.97579763528892));
#3168=CARTESIAN_POINT('Ctrl Pts',(18.2102408541988,18.4184300029639,9.97579763528892));
#3169=CARTESIAN_POINT('Ctrl Pts',(18.1309754981615,18.4899054550578,9.97579763528892));
#3170=CARTESIAN_POINT('Ctrl Pts',(17.7456824698857,18.8373333196555,9.97579763528892));
#3171=CARTESIAN_POINT('Ctrl Pts',(17.3500169029619,19.1732710709319,9.97579763528892));
#3172=CARTESIAN_POINT('Ctrl Pts',(16.9445818062046,19.4974126233149,9.97579763528892));
#3173=CARTESIAN_POINT('Ctrl Pts',(16.5385524273366,19.8220292986644,9.97579763528892));
#3174=CARTESIAN_POINT('Ctrl Pts',(16.1227244053376,20.1348154232395,9.97579763528892));
#3175=CARTESIAN_POINT('Ctrl Pts',(15.6976766254859,20.4354188745437,9.97579763528892));
#3176=CARTESIAN_POINT('Ctrl Pts',(15.6042809705074,20.5014704046402,9.97579763528892));
#3177=CARTESIAN_POINT('Ctrl Pts',(15.5104400873206,20.5669335615779,9.97579763528892));
#3178=CARTESIAN_POINT('Ctrl Pts',(15.416159977919,20.6318043020677,9.97579763528892));
#3179=CARTESIAN_POINT('Ctrl Pts',(-15.4162541443928,20.6324755234771,9.97579763528892));
#3180=CARTESIAN_POINT('Ctrl Pts',(-15.8342374575657,20.3443087119533,9.97579763528892));
#3181=CARTESIAN_POINT('Ctrl Pts',(-16.2432069180134,20.0443518606709,9.97579763528892));
#3182=CARTESIAN_POINT('Ctrl Pts',(-16.6428435753216,19.7331996894227,9.97579763528892));
#3183=CARTESIAN_POINT('Ctrl Pts',(-17.0499121991187,19.416261080751,9.97579763528892));
#3184=CARTESIAN_POINT('Ctrl Pts',(-17.4472980542778,19.0877066691525,9.97579763528892));
#3185=CARTESIAN_POINT('Ctrl Pts',(-17.8346415593402,18.7481157959569,9.97579763528892));
#3186=CARTESIAN_POINT('Ctrl Pts',(-18.2248055268439,18.4060521736619,9.97579763528892));
#3187=CARTESIAN_POINT('Ctrl Pts',(-18.6047807314178,18.0527904559197,9.97579763528892));
#3188=CARTESIAN_POINT('Ctrl Pts',(-18.9741714158316,17.6888775337482,9.97579763528892));
#3189=CARTESIAN_POINT('Ctrl Pts',(-19.3447024165761,17.3238412052061,9.97579763528892));
#3190=CARTESIAN_POINT('Ctrl Pts',(-19.7045838090977,16.9480874504837,9.97579763528891));
#3191=CARTESIAN_POINT('Ctrl Pts',(-20.0533823538808,16.5621281233457,9.97579763528891));
#3192=CARTESIAN_POINT('Ctrl Pts',(-20.401664571067,16.1767401330292,9.97579763528891));
#3193=CARTESIAN_POINT('Ctrl Pts',(-20.7388970692198,15.7811763786525,9.97579763528891));
#3194=CARTESIAN_POINT('Ctrl Pts',(-21.0646096425377,15.3759121261422,9.97579763528891));
#3195=CARTESIAN_POINT('Ctrl Pts',(-21.3398050302696,15.0335033208348,9.97579763528891));
#3196=CARTESIAN_POINT('Ctrl Pts',(-21.6067762533701,14.6841690130291,9.97579763528891));
#3197=CARTESIAN_POINT('Ctrl Pts',(-21.8652152763373,14.3281797505136,9.97579763528891));
#3198=CARTESIAN_POINT('Ctrl Pts',(-22.0590445435628,14.061187803627,9.97579763528891));
#3199=CARTESIAN_POINT('Ctrl Pts',(-22.2480740016894,13.7904521300924,9.97579763528891));
#3200=CARTESIAN_POINT('Ctrl Pts',(-22.432164592104,13.5160822926982,9.97579763528891));
#3201=CARTESIAN_POINT('Ctrl Pts',(-22.4691140731424,13.4610125409988,9.97579763528891));
#3202=CARTESIAN_POINT('Ctrl Pts',(-22.5058645608689,13.4057963722099,9.97579763528891));
#3203=CARTESIAN_POINT('Ctrl Pts',(-22.5424148906156,13.3504346556022,9.97579763528891));
#3204=CARTESIAN_POINT('Ctrl Pts',(-22.5679365610911,13.3117777269777,9.97579763528891));
#3205=CARTESIAN_POINT('Ctrl Pts',(-22.5933618353553,13.2730480019368,9.97579763528891));
#3206=CARTESIAN_POINT('Ctrl Pts',(-22.6186864857824,13.2342516421421,9.97579763528891));
#3207=CARTESIAN_POINT('Ctrl Pts',(-22.9050067333002,12.7956203816176,9.97579763528891));
#3208=CARTESIAN_POINT('Ctrl Pts',(-23.177988584973,12.3492113708245,9.97579763528891));
#3209=CARTESIAN_POINT('Ctrl Pts',(-23.4372510543425,11.8955795257918,9.97579763528891));
#3210=CARTESIAN_POINT('Ctrl Pts',(-23.6130765233987,11.5879374975194,9.97579763528891));
#3211=CARTESIAN_POINT('Ctrl Pts',(-23.7825914717328,11.2769726618899,9.97579763528891));
#3212=CARTESIAN_POINT('Ctrl Pts',(-23.9456673929108,10.9628484970392,9.97579763528891));
#3213=CARTESIAN_POINT('Ctrl Pts',(-24.183068960348,10.505554933607,9.97579763528891));
#3214=CARTESIAN_POINT('Ctrl Pts',(-24.4068265815182,10.0415670941226,9.97579763528891));
#3215=CARTESIAN_POINT('Ctrl Pts',(-24.6168837663517,9.57155977137941,9.97579763528891));
#3216=CARTESIAN_POINT('Ctrl Pts',(-24.8295014321452,9.09582331920018,9.97579763528891));
#3217=CARTESIAN_POINT('Ctrl Pts',(-25.0280828366528,8.61391930588205,9.97579763528891));
#3218=CARTESIAN_POINT('Ctrl Pts',(-25.212523206915,8.12652095267074,9.97579763528891));
#3219=CARTESIAN_POINT('Ctrl Pts',(-25.3973672589271,7.63805583831654,9.97579763528891));
#3220=CARTESIAN_POINT('Ctrl Pts',(-25.5680084556627,7.14407181527391,9.97579763528891));
#3221=CARTESIAN_POINT('Ctrl Pts',(-25.7242926216136,6.64522709408792,9.97579763528891));
#3222=CARTESIAN_POINT('Ctrl Pts',(-25.8801959353723,6.14759801816238,9.97579763528891));
#3223=CARTESIAN_POINT('Ctrl Pts',(-26.0218122230093,5.64513140391433,9.97579763528891));
#3224=CARTESIAN_POINT('Ctrl Pts',(-26.1489380952384,5.13846879889388,9.97579763528891));
#3225=CARTESIAN_POINT('Ctrl Pts',(-26.2187375359537,4.86028178753526,9.97579763528891));
#3226=CARTESIAN_POINT('Ctrl Pts',(-26.2841677386943,4.58082966983699,9.97579763528891));
#3227=CARTESIAN_POINT('Ctrl Pts',(-26.3451883607292,4.30021794234363,9.97579763528891));
#3228=CARTESIAN_POINT('Ctrl Pts',(-26.372284557517,4.17561235269917,9.97579763528891));
#3229=CARTESIAN_POINT('Ctrl Pts',(-26.3985112086307,4.05077810788604,9.97579763528891));
#3230=CARTESIAN_POINT('Ctrl Pts',(-26.4238644750625,3.92572443938173,9.97579763528891));
#3231=CARTESIAN_POINT('Ctrl Pts',(-26.4376158311256,3.85789659056276,9.97579763528891));
#3232=CARTESIAN_POINT('Ctrl Pts',(-26.4511102456377,3.79000419020668,9.97579763528891));
#3233=CARTESIAN_POINT('Ctrl Pts',(-26.4643470825267,3.72204871189094,9.97579763528891));
#3234=CARTESIAN_POINT('Ctrl Pts',(-26.4764095017179,3.66012247734955,9.97579763528891));
#3235=CARTESIAN_POINT('Ctrl Pts',(-26.4882590170512,3.59813835905948,9.97579763528891));
#3236=CARTESIAN_POINT('Ctrl Pts',(-26.4998892852543,3.53612925059437,9.97579763528891));
#3237=CARTESIAN_POINT('Ctrl Pts',(-26.5966736280737,3.02010410768603,9.97579763528891));
#3238=CARTESIAN_POINT('Ctrl Pts',(-26.6783497032774,2.50199945056851,9.97579763528891));
#3239=CARTESIAN_POINT('Ctrl Pts',(-26.7448605203376,1.98250090353247,9.97579763528891));
#3240=CARTESIAN_POINT('Ctrl Pts',(-26.8116008414433,1.4612097605932,9.97579763528891));
#3241=CARTESIAN_POINT('Ctrl Pts',(-26.8630712044794,0.938514594471019,9.97579763528891));
#3242=CARTESIAN_POINT('Ctrl Pts',(-26.8991651118177,0.415088974212682,9.97579763528891));
#3243=CARTESIAN_POINT('Ctrl Pts',(-26.9352209933662,-0.107785204704738,
9.97579763528891));
#3244=CARTESIAN_POINT('Ctrl Pts',(-26.9559329105694,-0.631388805919511,
9.97579763528891));
#3245=CARTESIAN_POINT('Ctrl Pts',(-26.9611441577316,-1.15506194035719,9.97579763528891));
#3246=CARTESIAN_POINT('Ctrl Pts',(-26.9628678890479,-1.32827801575101,9.97579763528891));
#3247=CARTESIAN_POINT('Ctrl Pts',(-26.9628952788449,-1.50150175973263,9.97579763528891));
#3248=CARTESIAN_POINT('Ctrl Pts',(-26.961219404698,-1.67470942402164,9.97579763528891));
#3249=CARTESIAN_POINT('Ctrl Pts',(-26.9561669972149,-2.19689404079102,9.97579763528891));
#3250=CARTESIAN_POINT('Ctrl Pts',(-26.9356375807047,-2.71893265342774,9.97579763528891));
#3251=CARTESIAN_POINT('Ctrl Pts',(-26.8998369104615,-3.24018936404586,9.97579763528891));
#3252=CARTESIAN_POINT('Ctrl Pts',(-26.8639031183713,-3.76338432486043,9.97579763528891));
#3253=CARTESIAN_POINT('Ctrl Pts',(-26.8125842108137,-4.28579205747715,9.97579763528891));
#3254=CARTESIAN_POINT('Ctrl Pts',(-26.7460363022851,-4.80676361274065,9.97579763528891));
#3255=CARTESIAN_POINT('Ctrl Pts',(-26.6928228971856,-5.22334575677031,9.97579763528891));
#3256=CARTESIAN_POINT('Ctrl Pts',(-26.6298710342403,-5.63900959253977,9.97579763528891));
#3257=CARTESIAN_POINT('Ctrl Pts',(-26.5572373064412,-6.05341734568241,9.97579763528891));
#3258=CARTESIAN_POINT('Ctrl Pts',(-26.5254600505292,-6.23472073768231,9.97579763528891));
#3259=CARTESIAN_POINT('Ctrl Pts',(-26.491829362632,-6.4157836219106,9.97579763528891));
#3260=CARTESIAN_POINT('Ctrl Pts',(-26.4563487678985,-6.59657725788647,9.97579763528891));
#3261=CARTESIAN_POINT('Ctrl Pts',(-26.4428694861185,-6.66526179887714,9.97579763528891));
#3262=CARTESIAN_POINT('Ctrl Pts',(-26.4291232027602,-6.73390747648535,9.97579763528891));
#3263=CARTESIAN_POINT('Ctrl Pts',(-26.4151100835232,-6.80251270253248,9.97579763528891));
#3264=CARTESIAN_POINT('Ctrl Pts',(-26.4061661983177,-6.8463000460843,9.97579763528891));
#3265=CARTESIAN_POINT('Ctrl Pts',(-26.3971156013418,-6.8900611688483,9.97579763528891));
#3266=CARTESIAN_POINT('Ctrl Pts',(-26.3879587277803,-6.93379451203708,9.97579763528891));
#3267=CARTESIAN_POINT('Ctrl Pts',(-26.280606977398,-7.44650782077205,9.97579763528891));
#3268=CARTESIAN_POINT('Ctrl Pts',(-26.1586417055371,-7.95545591419116,9.97579763528892));
#3269=CARTESIAN_POINT('Ctrl Pts',(-26.0223498885998,-8.46001747760349,9.97579763528892));
#3270=CARTESIAN_POINT('Ctrl Pts',(-25.8840901831533,-8.97186429793809,9.97579763528892));
#3271=CARTESIAN_POINT('Ctrl Pts',(-25.7310872189294,-9.47919750510862,9.97579763528892));
#3272=CARTESIAN_POINT('Ctrl Pts',(-25.5635865778712,-9.98136732467862,9.97579763528892));
#3273=CARTESIAN_POINT('Ctrl Pts',(-25.396689425572,-10.4817278745095,9.97579763528892));
#3274=CARTESIAN_POINT('Ctrl Pts',(-25.2153987120332,-10.9769626746641,9.97579763528892));
#3275=CARTESIAN_POINT('Ctrl Pts',(-25.019905699852,-11.4664202734487,9.97579763528892));
#3276=CARTESIAN_POINT('Ctrl Pts',(-24.823352353504,-11.958532640347,9.97579763528892));
#3277=CARTESIAN_POINT('Ctrl Pts',(-24.6124421455075,-12.4448054929696,9.97579763528891));
#3278=CARTESIAN_POINT('Ctrl Pts',(-24.3873188654329,-12.9245602082115,9.97579763528891));
#3279=CARTESIAN_POINT('Ctrl Pts',(-24.1621955853583,-13.4043149234534,9.97579763528891));
#3280=CARTESIAN_POINT('Ctrl Pts',(-23.9228591117797,-13.8775520221674,9.97579763528892));
#3281=CARTESIAN_POINT('Ctrl Pts',(-23.6694043628856,-14.3435685601364,9.97579763528892));
#3282=CARTESIAN_POINT('Ctrl Pts',(-23.4048570497165,-14.8299805273613,9.97579763528892));
#3283=CARTESIAN_POINT('Ctrl Pts',(-23.1249284598772,-15.3085267223796,9.97579763528891));
#3284=CARTESIAN_POINT('Ctrl Pts',(-22.8301144150991,-15.7786177905878,9.97579763528891));
#3285=CARTESIAN_POINT('Ctrl Pts',(-22.7011332705087,-15.9842826329289,9.97579763528891));
#3286=CARTESIAN_POINT('Ctrl Pts',(-22.5693023173203,-16.1883285979947,9.97579763528891));
#3287=CARTESIAN_POINT('Ctrl Pts',(-22.4346602304783,-16.3907037696796,9.97579763528891));
#3288=CARTESIAN_POINT('Ctrl Pts',(-22.3933557675392,-16.4527868669838,9.97579763528891));
#3289=CARTESIAN_POINT('Ctrl Pts',(-22.3517828129637,-16.514718431001,9.97579763528891));
#3290=CARTESIAN_POINT('Ctrl Pts',(-22.3099635854553,-16.5764659727073,9.97579763528891));
#3291=CARTESIAN_POINT('Ctrl Pts',(-22.014858465772,-17.0121989302734,9.97579763528891));
#3292=CARTESIAN_POINT('Ctrl Pts',(-21.7073451470035,-17.4389984180753,9.97579763528891));
#3293=CARTESIAN_POINT('Ctrl Pts',(-21.3879614139128,-17.856430799462,9.97579763528891));
#3294=CARTESIAN_POINT('Ctrl Pts',(-21.0665859966715,-18.2764662985779,9.97579763528891));
#3295=CARTESIAN_POINT('Ctrl Pts',(-20.733191358806,-18.6870179005621,9.97579763528891));
#3296=CARTESIAN_POINT('Ctrl Pts',(-20.3882789709149,-19.0876183000887,9.97579763528891));
#3297=CARTESIAN_POINT('Ctrl Pts',(-20.0427170092971,-19.4889731506109,9.97579763528891));
#3298=CARTESIAN_POINT('Ctrl Pts',(-19.6855935435495,-19.8803396750046,9.97579763528891));
#3299=CARTESIAN_POINT('Ctrl Pts',(-19.3173711843929,-20.2612164473965,9.97579763528891));
#3300=CARTESIAN_POINT('Ctrl Pts',(-18.9728482404089,-20.6175793451306,9.97579763528891));
#3301=CARTESIAN_POINT('Ctrl Pts',(-18.6186085102142,-20.9647592864247,9.97579763528891));
#3302=CARTESIAN_POINT('Ctrl Pts',(-18.2550018098196,-21.3023160704978,9.97579763528891));
#3303=CARTESIAN_POINT('Ctrl Pts',(-18.1186492971716,-21.4288998645253,9.97579763528891));
#3304=CARTESIAN_POINT('Ctrl Pts',(-17.9809792905843,-21.5541300923857,9.97579763528891));
#3305=CARTESIAN_POINT('Ctrl Pts',(-17.8420093277663,-21.677982378657,9.97579763528891));
#3306=CARTESIAN_POINT('Ctrl Pts',(-17.7775429488798,-21.7354358617754,9.97579763528891));
#3307=CARTESIAN_POINT('Ctrl Pts',(-17.7127968241211,-21.7925928145412,9.97579763528891));
#3308=CARTESIAN_POINT('Ctrl Pts',(-17.6477726705678,-21.8494507542772,9.97579763528891));
#3309=CARTESIAN_POINT('Ctrl Pts',(-17.6060366341651,-21.8859452707443,9.97579763528891));
#3310=CARTESIAN_POINT('Ctrl Pts',(-17.5641924126499,-21.9223110310922,9.97579763528891));
#3311=CARTESIAN_POINT('Ctrl Pts',(-17.5222435310525,-21.9585449500705,9.97579763528891));
#3312=CARTESIAN_POINT('Ctrl Pts',(-17.1197960022557,-22.3061644954829,9.97579763528891));
#3313=CARTESIAN_POINT('Ctrl Pts',(-16.70763170864,-22.6417282924068,9.97579763528891));
#3314=CARTESIAN_POINT('Ctrl Pts',(-16.2862453002876,-22.9647645074336,9.97579763528891));
#3315=CARTESIAN_POINT('Ctrl Pts',(-15.8654987341973,-23.287310217265,9.97579763528891));
#3316=CARTESIAN_POINT('Ctrl Pts',(-15.4355576802667,-23.5973667302957,9.97579763528891));
#3317=CARTESIAN_POINT('Ctrl Pts',(-14.9968773948856,-23.8944282194007,9.97579763528891));
#3318=CARTESIAN_POINT('Ctrl Pts',(-14.915413595833,-23.949593127105,9.97579763528891));
#3319=CARTESIAN_POINT('Ctrl Pts',(-14.8336483278372,-24.0043097890631,9.97579763528891));
#3320=CARTESIAN_POINT('Ctrl Pts',(-14.7515843803344,-24.0585748125252,9.97579763528891));
#3321=CARTESIAN_POINT('Ctrl Pts',(-14.3107692736781,-24.350065081188,9.97579763528891));
#3322=CARTESIAN_POINT('Ctrl Pts',(-13.8613382899986,-24.6285272631395,9.97579763528891));
#3323=CARTESIAN_POINT('Ctrl Pts',(-13.4039398669004,-24.893775347302,9.97579763528891));
#3324=CARTESIAN_POINT('Ctrl Pts',(-12.944786427091,-25.1600411761632,9.97579763528891));
#3325=CARTESIAN_POINT('Ctrl Pts',(-12.4776038309392,-25.4129915218141,9.97579763528891));
#3326=CARTESIAN_POINT('Ctrl Pts',(-12.0030236667315,-25.6523918902152,9.97579763528891));
#3327=CARTESIAN_POINT('Ctrl Pts',(-11.8880358001928,-25.7103971329269,9.97579763528891));
#3328=CARTESIAN_POINT('Ctrl Pts',(-11.7726135560242,-25.7676066852532,9.97579763528891));
#3329=CARTESIAN_POINT('Ctrl Pts',(-11.6567657512965,-25.8240167824244,9.97579763528891));
#3330=CARTESIAN_POINT('Origin',(-0.000173344838925931,-0.999999717040939,
35.9757976352889));
#3331=CARTESIAN_POINT('',(-27.5001733448389,-0.999999717040936,36.9757976352889));
#3332=CARTESIAN_POINT('Origin',(-0.000173344838925931,-0.99999971704094,
36.9757976352889));
#3333=CARTESIAN_POINT('Origin',(-27.5001733448389,-0.999999717040943,35.9757976352889));
#3334=CARTESIAN_POINT('Origin',(-0.000173344838927392,-0.99999971704094,
36.9757976352889));
#3335=CARTESIAN_POINT('',(7.00845213036123,0.172135913276328,36.9757976352889));
#3336=CARTESIAN_POINT('Origin',(7.60845213036123,0.172135913276328,36.9757976352889));
#3337=CARTESIAN_POINT('',(1.87213595499958,5.30845208863798,36.9757976352889));
#3338=CARTESIAN_POINT('Origin',(2.47213595499958,5.30845208863798,36.9757976352889));
#3339=CARTESIAN_POINT('',(-5.30228201833978,4.17213591327633,36.9757976352889));
#3340=CARTESIAN_POINT('Origin',(-4.70228201833978,4.17213591327633,36.9757976352889));
#3341=CARTESIAN_POINT('',(-8.20845213036123,0.172135913276329,36.9757976352889));
#3342=CARTESIAN_POINT('Origin',(-7.60845213036123,0.172135913276329,36.9757976352889));
#3343=CARTESIAN_POINT('',(-0.6,-2.30000004172325,36.9757976352889));
#3344=CARTESIAN_POINT('Origin',(0.,-2.30000004172325,36.9757976352889));
#3345=CARTESIAN_POINT('',(-2.6,-2.30000004172325,36.9757976352889));
#3346=CARTESIAN_POINT('Origin',(-2.,-2.30000004172325,36.9757976352889));
#3347=CARTESIAN_POINT('',(-1.6,-0.567949234154373,36.9757976352889));
#3348=CARTESIAN_POINT('Origin',(-1.,-0.567949234154373,36.9757976352889));
#3349=CARTESIAN_POINT('',(2.76501413132473,-0.137436771900861,36.9757976352889));
#3350=CARTESIAN_POINT('Origin',(3.36501413132472,-0.137436771900861,36.9757976352889));
#3351=CARTESIAN_POINT('',(0.399999999999999,-4.03205084929213,36.9757976352889));
#3352=CARTESIAN_POINT('Origin',(0.999999999999999,-4.03205084929213,36.9757976352889));
#3353=CARTESIAN_POINT('',(1.25410196624968,-8.00633913949417,36.9757976352889));
#3354=CARTESIAN_POINT('Origin',(1.85410196624968,-8.00633913949417,36.9757976352889));
#3355=CARTESIAN_POINT('',(-5.45410196624969,-5.82671155547809,36.9757976352889));
#3356=CARTESIAN_POINT('Origin',(-4.85410196624969,-5.82671155547809,36.9757976352889));
#3357=CARTESIAN_POINT('',(-8.20845213036123,-4.77213599672283,36.9757976352889));
#3358=CARTESIAN_POINT('Origin',(-7.60845213036123,-4.77213599672283,36.9757976352889));
#3359=CARTESIAN_POINT('',(-1.22717077960592,3.66713133048639,36.9757976352889));
#3360=CARTESIAN_POINT('Origin',(-0.627170779605918,3.66713133048639,36.9757976352889));
#3361=CARTESIAN_POINT('',(-6.46888560440283,-1.05252989681669,36.9757976352889));
#3362=CARTESIAN_POINT('Origin',(-5.86888560440283,-1.05252989681669,36.9757976352889));
#3363=CARTESIAN_POINT('',(-8.6,-2.30000004172325,36.9757976352889));
#3364=CARTESIAN_POINT('Origin',(-8.,-2.30000004172325,36.9757976352889));
#3365=CARTESIAN_POINT('',(4.8812727458556,-4.74041990017806,36.9757976352889));
#3366=CARTESIAN_POINT('Origin',(5.4812727458556,-4.74041990017806,36.9757976352889));
#3367=CARTESIAN_POINT('',(-3.6,-7.49615246442988,36.9757976352889));
#3368=CARTESIAN_POINT('Origin',(-3.,-7.49615246442988,36.9757976352889));
#3369=CARTESIAN_POINT('',(4.88127274585561,0.14041981673155,36.9757976352889));
#3370=CARTESIAN_POINT('Origin',(5.48127274585561,0.14041981673155,36.9757976352889));
#3371=CARTESIAN_POINT('',(1.06166005200755,1.33852793969482,36.9757976352889));
#3372=CARTESIAN_POINT('Origin',(1.66166005200755,1.33852793969482,36.9757976352889));
#3373=CARTESIAN_POINT('',(-1.16925935309314,1.65928572580048,36.9757976352889));
#3374=CARTESIAN_POINT('Origin',(-0.56925935309314,1.65928572580048,36.9757976352889));
#3375=CARTESIAN_POINT('',(-3.21944293578114,-5.32299833914028,36.9757976352889));
#3376=CARTESIAN_POINT('Origin',(-2.61944293578114,-5.32299833914028,36.9757976352889));
#3377=CARTESIAN_POINT('',(-1.6,-4.03205084929213,36.9757976352889));
#3378=CARTESIAN_POINT('Origin',(-1.,-4.03205084929213,36.9757976352889));
#3379=CARTESIAN_POINT('',(2.76501413132473,-4.46256331154564,36.9757976352889));
#3380=CARTESIAN_POINT('Origin',(3.36501413132472,-4.46256331154564,36.9757976352889));
#3381=CARTESIAN_POINT('',(4.10228201833978,-8.77213599672283,36.9757976352889));
#3382=CARTESIAN_POINT('Origin',(4.70228201833978,-8.77213599672283,36.9757976352889));
#3383=CARTESIAN_POINT('',(-7.07213595499958,2.40228197661653,36.9757976352889));
#3384=CARTESIAN_POINT('Origin',(-6.47213595499958,2.40228197661653,36.9757976352889));
#3385=CARTESIAN_POINT('',(-3.07213595499958,-9.90845217208448,36.9757976352889));
#3386=CARTESIAN_POINT('Origin',(-2.47213595499958,-9.90845217208448,36.9757976352889));
#3387=CARTESIAN_POINT('',(5.87213595499958,2.40228197661653,36.9757976352889));
#3388=CARTESIAN_POINT('Origin',(6.47213595499958,2.40228197661653,36.9757976352889));
#3389=CARTESIAN_POINT('',(4.10228201833979,4.17213591327633,36.9757976352889));
#3390=CARTESIAN_POINT('Origin',(4.70228201833979,4.17213591327633,36.9757976352889));
#3391=CARTESIAN_POINT('',(-0.600000000000002,5.69999995827675,36.9757976352889));
#3392=CARTESIAN_POINT('Origin',(-1.77635683940025E-15,5.69999995827675,
36.9757976352889));
#3393=CARTESIAN_POINT('',(-3.07213595499958,5.30845208863798,36.9757976352889));
#3394=CARTESIAN_POINT('Origin',(-2.47213595499958,5.30845208863798,36.9757976352889));
#3395=CARTESIAN_POINT('',(1.87213595499958,-9.90845217208448,36.9757976352889));
#3396=CARTESIAN_POINT('Origin',(2.47213595499958,-9.90845217208448,36.9757976352889));
#3397=CARTESIAN_POINT('',(5.4,-2.30000004172325,36.9757976352889));
#3398=CARTESIAN_POINT('Origin',(6.,-2.30000004172325,36.9757976352889));
#3399=CARTESIAN_POINT('',(-4.43797189445799,-3.42693026908897,36.9757976352889));
#3400=CARTESIAN_POINT('Origin',(-3.83797189445799,-3.42693026908897,36.9757976352889));
#3401=CARTESIAN_POINT('',(-1.16925935309314,-6.25928580924698,36.9757976352889));
#3402=CARTESIAN_POINT('Origin',(-0.56925935309314,-6.25928580924698,36.9757976352889));
#3403=CARTESIAN_POINT('',(1.06166005200754,-5.93852802314133,36.9757976352889));
#3404=CARTESIAN_POINT('Origin',(1.66166005200754,-5.93852802314133,36.9757976352889));
#3405=CARTESIAN_POINT('',(-4.43797189445799,-1.17306981435753,36.9757976352889));
#3406=CARTESIAN_POINT('Origin',(-3.83797189445799,-1.17306981435753,36.9757976352889));
#3407=CARTESIAN_POINT('',(3.41478363815315,2.15886891114111,36.9757976352889));
#3408=CARTESIAN_POINT('Origin',(4.01478363815315,2.15886891114111,36.9757976352889));
#3409=CARTESIAN_POINT('',(3.41478363815315,-6.75886899458762,36.9757976352889));
#3410=CARTESIAN_POINT('Origin',(4.01478363815315,-6.75886899458762,36.9757976352889));
#3411=CARTESIAN_POINT('',(-5.45410196624968,1.22671147203159,36.9757976352889));
#3412=CARTESIAN_POINT('Origin',(-4.85410196624968,1.22671147203159,36.9757976352889));
#3413=CARTESIAN_POINT('',(-3.6,2.89615238098338,36.9757976352889));
#3414=CARTESIAN_POINT('Origin',(-3.,2.89615238098338,36.9757976352889));
#3415=CARTESIAN_POINT('',(-7.07213595499958,-7.00228206006304,36.9757976352889));
#3416=CARTESIAN_POINT('Origin',(-6.47213595499958,-7.00228206006304,36.9757976352889));
#3417=CARTESIAN_POINT('',(-6.46888560440284,-3.54747018662981,36.9757976352889));
#3418=CARTESIAN_POINT('Origin',(-5.86888560440284,-3.54747018662981,36.9757976352889));
#3419=CARTESIAN_POINT('',(1.25410196624969,3.40633905604767,36.9757976352889));
#3420=CARTESIAN_POINT('Origin',(1.85410196624968,3.40633905604767,36.9757976352889));
#3421=CARTESIAN_POINT('',(-1.22717077960593,-8.26713141393289,36.9757976352889));
#3422=CARTESIAN_POINT('Origin',(-0.627170779605925,-8.26713141393289,36.9757976352889));
#3423=CARTESIAN_POINT('',(7.4,-2.30000004172325,36.9757976352889));
#3424=CARTESIAN_POINT('Origin',(8.,-2.30000004172325,36.9757976352889));
#3425=CARTESIAN_POINT('',(3.4,-2.30000004172325,36.9757976352889));
#3426=CARTESIAN_POINT('Origin',(4.,-2.30000004172325,36.9757976352889));
#3427=CARTESIAN_POINT('',(-3.21944293578114,0.722998255693782,36.9757976352889));
#3428=CARTESIAN_POINT('Origin',(-2.61944293578114,0.722998255693782,36.9757976352889));
#3429=CARTESIAN_POINT('',(0.4,-0.567949234154374,36.9757976352889));
#3430=CARTESIAN_POINT('Origin',(1.,-0.567949234154374,36.9757976352889));
#3431=CARTESIAN_POINT('',(1.4,-2.30000004172325,36.9757976352889));
#3432=CARTESIAN_POINT('Origin',(2.,-2.30000004172325,36.9757976352889));
#3433=CARTESIAN_POINT('',(5.87213595499958,-7.00228206006304,36.9757976352889));
#3434=CARTESIAN_POINT('Origin',(6.47213595499958,-7.00228206006304,36.9757976352889));
#3435=CARTESIAN_POINT('',(7.00845213036123,-4.77213599672283,36.9757976352889));
#3436=CARTESIAN_POINT('Origin',(7.60845213036123,-4.77213599672283,36.9757976352889));
#3437=CARTESIAN_POINT('',(-0.600000000000002,-10.3000000417233,36.9757976352889));
#3438=CARTESIAN_POINT('Origin',(-1.77635683940025E-15,-10.3000000417233,
36.9757976352889));
#3439=CARTESIAN_POINT('',(-5.30228201833979,-8.77213599672283,36.9757976352889));
#3440=CARTESIAN_POINT('Origin',(-4.70228201833979,-8.77213599672283,36.9757976352889));
#3441=CARTESIAN_POINT('',(-1.6,-17.88000779919,36.9757976352889));
#3442=CARTESIAN_POINT('Origin',(0.,-17.88000779919,36.9757976352889));
#3443=CARTESIAN_POINT('',(-1.6,11.515612191715,36.9757976352889));
#3444=CARTESIAN_POINT('Origin',(0.,11.515612191715,36.9757976352889));
#3445=CARTESIAN_POINT('Ctrl Pts',(11.2898825278317,-25.0448363902641,9.47841037838205));
#3446=CARTESIAN_POINT('Ctrl Pts',(15.2037999153482,-23.2070885782655,9.51727023679213));
#3447=CARTESIAN_POINT('Ctrl Pts',(22.1138677311532,-17.586386203115,9.59498995361229));
#3448=CARTESIAN_POINT('Ctrl Pts',(27.3104795758783,-5.27113001271291,9.71156952884251));
#3449=CARTESIAN_POINT('Ctrl Pts',(26.1222501227832,8.0399789729019,9.82814910407274));
#3450=CARTESIAN_POINT('Ctrl Pts',(18.8278941200308,19.2391288304152,9.94472867930297));
#3451=CARTESIAN_POINT('Ctrl Pts',(7.13208870133042,25.7065185234936,10.0613082545332));
#3452=CARTESIAN_POINT('Ctrl Pts',(-6.23089481147699,25.9312307247229,10.1778878297634));
#3453=CARTESIAN_POINT('Ctrl Pts',(-18.1374077174042,19.8602848079224,10.2944674049937));
#3454=CARTESIAN_POINT('Ctrl Pts',(-25.8040985808845,8.91306231718784,10.4110469802239));
#3455=CARTESIAN_POINT('Ctrl Pts',(-27.4388111985887,-4.35149761669055,10.5276265554541));
#3456=CARTESIAN_POINT('Ctrl Pts',(-22.6593974945855,-16.8325854636837,10.6442061306843));
#3457=CARTESIAN_POINT('Ctrl Pts',(-12.5831114540748,-25.6126189245094,10.7607857059146));
#3458=CARTESIAN_POINT('Ctrl Pts',(0.434593478923332,-28.6391431546518,10.8773652811448));
#3459=CARTESIAN_POINT('Ctrl Pts',(13.3506657296028,-25.2046770525069,10.993944856375));
#3460=CARTESIAN_POINT('Ctrl Pts',(23.1458140952961,-16.1120665360858,11.1105244316053));
#3461=CARTESIAN_POINT('Ctrl Pts',(27.5303007899322,-3.48682343257602,11.2271040068355));
#3462=CARTESIAN_POINT('Ctrl Pts',(25.4791979145622,9.71974553869016,11.3436835820657));
#3463=CARTESIAN_POINT('Ctrl Pts',(17.4719760435174,20.4204415635821,11.4602631572959));
#3464=CARTESIAN_POINT('Ctrl Pts',(5.38042272244146,26.1138428383151,11.5768427325262));
#3465=CARTESIAN_POINT('Ctrl Pts',(-7.96891179691627,25.4690494384367,11.6934223077564));
#3466=CARTESIAN_POINT('Ctrl Pts',(-19.4554545967781,18.636783163594,11.8100018829866));
#3467=CARTESIAN_POINT('Ctrl Pts',(-26.3940848174296,7.21418451620052,11.9265814582169));
#3468=CARTESIAN_POINT('Ctrl Pts',(-27.1628097417723,-6.12859995978601,12.0431610334471));
#3469=CARTESIAN_POINT('Ctrl Pts',(-21.58193418917,-18.2724731938157,12.1597406086773));
#3470=CARTESIAN_POINT('Ctrl Pts',(-10.9560493095663,-26.3787673180834,12.2763201839075));
#3471=CARTESIAN_POINT('Ctrl Pts',(2.23089695486832,-28.5523064035054,12.3928997591378));
#3472=CARTESIAN_POINT('Ctrl Pts',(14.8963240580066,-24.2854632930395,12.509479334368));
#3473=CARTESIAN_POINT('Ctrl Pts',(24.0794673409187,-14.5747235441102,12.6260589095982));
#3474=CARTESIAN_POINT('Ctrl Pts',(27.6337811635161,-1.69200780127823,12.7426384848285));
#3475=CARTESIAN_POINT('Ctrl Pts',(24.7281500221984,11.3551228170063,12.8592180600587));
#3476=CARTESIAN_POINT('Ctrl Pts',(18.9371507939627,18.1231107268374,12.9369377768788));
#3477=CARTESIAN_POINT('Ctrl Pts',(15.4159074547151,20.632475523477,12.9757976352889));
#3478=CARTESIAN_POINT('Ctrl Pts',(11.4119345055995,-25.3047748621519,9.64420613068434));
#3479=CARTESIAN_POINT('Ctrl Pts',(15.3681635843383,-23.4471599425303,9.68306598909442));
#3480=CARTESIAN_POINT('Ctrl Pts',(22.3529331955055,-17.7656945517607,9.76078570591457));
#3481=CARTESIAN_POINT('Ctrl Pts',(27.6057233940397,-5.31730338030028,9.8773652811448));
#3482=CARTESIAN_POINT('Ctrl Pts',(26.404648499219,8.13770632611697,9.99394485637503));
#3483=CARTESIAN_POINT('Ctrl Pts',(19.0314363254504,19.4579254152482,10.1105244316053));
#3484=CARTESIAN_POINT('Ctrl Pts',(7.20919254373039,25.995231299348,10.2271040068355));
#3485=CARTESIAN_POINT('Ctrl Pts',(-6.29825248326357,26.2223727683239,10.3436835820657));
#3486=CARTESIAN_POINT('Ctrl Pts',(-18.3334816209682,20.0857964450467,10.4602631572959));
#3487=CARTESIAN_POINT('Ctrl Pts',(-26.0830538088081,9.02022820198576,10.5768427325262));
#3488=CARTESIAN_POINT('Ctrl Pts',(-27.7354386072636,-4.38772923075432,10.6934223077564));
#3489=CARTESIAN_POINT('Ctrl Pts',(-22.9043567005763,-17.0037447941024,10.8100018829866));
#3490=CARTESIAN_POINT('Ctrl Pts',(-12.7191402301661,-25.8786954511624,10.9265814582169));
#3491=CARTESIAN_POINT('Ctrl Pts',(0.439293557586054,-28.9379381436593,11.0431610334471));
#3492=CARTESIAN_POINT('Ctrl Pts',(13.4949959554469,-25.4663434936072,11.1597406086773));
#3493=CARTESIAN_POINT('Ctrl Pts',(23.3960354915689,-16.2754366437474,11.2763201839075));
#3494=CARTESIAN_POINT('Ctrl Pts',(27.8279210014644,-3.51370742290027,11.3928997591378));
#3495=CARTESIAN_POINT('Ctrl Pts',(25.7546445278972,9.83563213166941,11.509479334368));
#3496=CARTESIAN_POINT('Ctrl Pts',(17.6608599970384,20.6520088164323,11.6260589095982));
#3497=CARTESIAN_POINT('Ctrl Pts',(5.4385900511941,26.4069590235748,11.7426384848285));
#3498=CARTESIAN_POINT('Ctrl Pts',(-8.05505842890458,25.7551950373155,11.8592180600587));
#3499=CARTESIAN_POINT('Ctrl Pts',(-19.665777342884,18.8490680463801,11.9757976352889));
#3500=CARTESIAN_POINT('Ctrl Pts',(-26.6794181348719,7.30298455782329,12.0923772105191));
#3501=CARTESIAN_POINT('Ctrl Pts',(-27.4564534164382,-6.18404306917955,12.2089567857494));
#3502=CARTESIAN_POINT('Ctrl Pts',(-21.8152453990055,-18.4591985362372,12.3255363609796));
#3503=CARTESIAN_POINT('Ctrl Pts',(-11.0744886109085,-26.6531263481848,12.4421159362098));
#3504=CARTESIAN_POINT('Ctrl Pts',(2.25501610411696,-28.8501626374404,12.5586955114401));
#3505=CARTESIAN_POINT('Ctrl Pts',(15.0573637366703,-24.5371925063174,12.6752750866703));
#3506=CARTESIAN_POINT('Ctrl Pts',(24.3397820641389,-14.7214740925071,12.7918546619005));
#3507=CARTESIAN_POINT('Ctrl Pts',(27.932520057223,-1.69948880547032,12.9084342371307));
#3508=CARTESIAN_POINT('Ctrl Pts',(24.9954773771617,11.4886887760991,13.025013812361));
#3509=CARTESIAN_POINT('Ctrl Pts',(19.1418741266759,18.3298425160394,13.1027335291811));
#3510=CARTESIAN_POINT('Ctrl Pts',(15.5825641278294,20.8663349850151,13.1415933875912));
#3511=CARTESIAN_POINT('Ctrl Pts',(11.5339864833673,-25.5647133340398,9.81000188298663));
#3512=CARTESIAN_POINT('Ctrl Pts',(15.5325272533283,-23.6872313067951,9.84886174139671));
#3513=CARTESIAN_POINT('Ctrl Pts',(22.5919986598578,-17.9450029004064,9.92658145821686));
#3514=CARTESIAN_POINT('Ctrl Pts',(27.9009672122012,-5.36347674788765,10.0431610334471));
#3515=CARTESIAN_POINT('Ctrl Pts',(26.6870468756548,8.23543367933205,10.1597406086773));
#3516=CARTESIAN_POINT('Ctrl Pts',(19.2349785308699,19.6767220000812,10.2763201839076));
#3517=CARTESIAN_POINT('Ctrl Pts',(7.28629638613036,26.2839440752023,10.3928997591378));
#3518=CARTESIAN_POINT('Ctrl Pts',(-6.36561015505015,26.5135148119248,10.509479334368));
#3519=CARTESIAN_POINT('Ctrl Pts',(-18.5295555245322,20.3113080821711,10.6260589095982));
#3520=CARTESIAN_POINT('Ctrl Pts',(-26.3620090367318,9.12739408678368,10.7426384848285));
#3521=CARTESIAN_POINT('Ctrl Pts',(-28.0320660159384,-4.42396084481809,10.8592180600587));
#3522=CARTESIAN_POINT('Ctrl Pts',(-23.1493159065671,-17.1749041245211,10.9757976352889));
#3523=CARTESIAN_POINT('Ctrl Pts',(-12.8551690062575,-26.1447719778153,11.0923772105191));
#3524=CARTESIAN_POINT('Ctrl Pts',(0.443993636248768,-29.2367331326667,11.2089567857494));
#3525=CARTESIAN_POINT('Ctrl Pts',(13.639326181291,-25.7280099347076,11.3255363609796));
#3526=CARTESIAN_POINT('Ctrl Pts',(23.6462568878417,-16.438806751409,11.4421159362098));
#3527=CARTESIAN_POINT('Ctrl Pts',(28.1255412129966,-3.5405914132245,11.55869551144));
#3528=CARTESIAN_POINT('Ctrl Pts',(26.0300911412322,9.95151872464864,11.6752750866703));
#3529=CARTESIAN_POINT('Ctrl Pts',(17.8497439505595,20.8835760692825,11.7918546619005));
#3530=CARTESIAN_POINT('Ctrl Pts',(5.49675737994673,26.7000752088345,11.9084342371308));
#3531=CARTESIAN_POINT('Ctrl Pts',(-8.14120506089289,26.0413406361942,12.025013812361));
#3532=CARTESIAN_POINT('Ctrl Pts',(-19.8761000889898,19.0613529291662,12.1415933875912));
#3533=CARTESIAN_POINT('Ctrl Pts',(-26.9647514523142,7.39178459944602,12.2581729628214));
#3534=CARTESIAN_POINT('Ctrl Pts',(-27.750097091104,-6.23948617857306,12.3747525380517));
#3535=CARTESIAN_POINT('Ctrl Pts',(-22.0485566088409,-18.6459238786587,12.4913321132819));
#3536=CARTESIAN_POINT('Ctrl Pts',(-11.1929279122507,-26.9274853782862,12.6079116885121));
#3537=CARTESIAN_POINT('Ctrl Pts',(2.27913525336558,-29.1480188713753,12.7244912637423));
#3538=CARTESIAN_POINT('Ctrl Pts',(15.218403415334,-24.7889217195953,12.8410708389726));
#3539=CARTESIAN_POINT('Ctrl Pts',(24.6000967873591,-14.868224640904,12.9576504142028));
#3540=CARTESIAN_POINT('Ctrl Pts',(28.2312589509299,-1.70696980966242,13.074229989433));
#3541=CARTESIAN_POINT('Ctrl Pts',(25.262804732125,11.6222547351918,13.1908095646633));
#3542=CARTESIAN_POINT('Ctrl Pts',(19.3465974593891,18.5365743052414,13.2685292814834));
#3543=CARTESIAN_POINT('Ctrl Pts',(15.7492208009438,21.1001944465533,13.3073891398935));
#3544=CARTESIAN_POINT('Ctrl Pts',(11.6560384611351,-25.8246518059277,9.97579763528892));
#3545=CARTESIAN_POINT('Ctrl Pts',(15.6968909223184,-23.9273026710599,10.014657493699));
#3546=CARTESIAN_POINT('Ctrl Pts',(22.8310641242101,-18.1243112490522,10.0923772105191));
#3547=CARTESIAN_POINT('Ctrl Pts',(28.1962110303627,-5.40965011547502,10.2089567857494));
#3548=CARTESIAN_POINT('Ctrl Pts',(26.9694452520906,8.33316103254712,10.3255363609796));
#3549=CARTESIAN_POINT('Ctrl Pts',(19.4385207362894,19.8955185849142,10.4421159362098));
#3550=CARTESIAN_POINT('Ctrl Pts',(7.36340022853033,26.5726568510566,10.5586955114401));
#3551=CARTESIAN_POINT('Ctrl Pts',(-6.43296782683674,26.8046568555257,10.6752750866703));
#3552=CARTESIAN_POINT('Ctrl Pts',(-18.7256294280962,20.5368197192954,10.7918546619005));
#3553=CARTESIAN_POINT('Ctrl Pts',(-26.6409642646555,9.23455997158158,10.9084342371307));
#3554=CARTESIAN_POINT('Ctrl Pts',(-28.3286934246133,-4.46019245888183,11.025013812361));
#3555=CARTESIAN_POINT('Ctrl Pts',(-23.3942751125578,-17.3460634549398,11.1415933875912));
#3556=CARTESIAN_POINT('Ctrl Pts',(-12.9911977823488,-26.4108485044682,11.2581729628214));
#3557=CARTESIAN_POINT('Ctrl Pts',(0.448693714911488,-29.5355281216743,11.3747525380517));
#3558=CARTESIAN_POINT('Ctrl Pts',(13.7836564071352,-25.9896763758078,11.4913321132819));
#3559=CARTESIAN_POINT('Ctrl Pts',(23.8964782841144,-16.6021768590706,11.6079116885121));
#3560=CARTESIAN_POINT('Ctrl Pts',(28.4231614245287,-3.56747540354874,11.7244912637423));
#3561=CARTESIAN_POINT('Ctrl Pts',(26.3055377545672,10.0674053176279,11.8410708389726));
#3562=CARTESIAN_POINT('Ctrl Pts',(18.0386279040805,21.1151433221326,11.9576504142028));
#3563=CARTESIAN_POINT('Ctrl Pts',(5.55492470869936,26.9931913940943,12.074229989433));
#3564=CARTESIAN_POINT('Ctrl Pts',(-8.2273516928812,26.3274862350729,12.1908095646633));
#3565=CARTESIAN_POINT('Ctrl Pts',(-20.0864228350956,19.2736378119523,12.3073891398935));
#3566=CARTESIAN_POINT('Ctrl Pts',(-27.2500847697565,7.48058464106877,12.4239687151237));
#3567=CARTESIAN_POINT('Ctrl Pts',(-28.0437407657698,-6.29492928796659,12.5405482903539));
#3568=CARTESIAN_POINT('Ctrl Pts',(-22.2818678186764,-18.8326492210802,12.6571278655842));
#3569=CARTESIAN_POINT('Ctrl Pts',(-11.3113672135929,-27.2018444083877,12.7737074408144));
#3570=CARTESIAN_POINT('Ctrl Pts',(2.3032544026142,-29.4458751053102,12.8902870160446));
#3571=CARTESIAN_POINT('Ctrl Pts',(15.3794430939978,-25.0406509328732,13.0068665912749));
#3572=CARTESIAN_POINT('Ctrl Pts',(24.8604115105793,-15.0149751893008,13.1234461665051));
#3573=CARTESIAN_POINT('Ctrl Pts',(28.5299978446367,-1.71445081385452,13.2400257417353));
#3574=CARTESIAN_POINT('Ctrl Pts',(25.5301320870883,11.7558206942846,13.3566053169655));
#3575=CARTESIAN_POINT('Ctrl Pts',(19.5513207921022,18.7433060944434,13.4343250337857));
#3576=CARTESIAN_POINT('Ctrl Pts',(15.9158774740581,21.3340539080914,13.4731848921958));
#3577=CARTESIAN_POINT('Ctrl Pts',(11.6564191361282,-25.8240167521341,12.9757976352889));
#3578=CARTESIAN_POINT('Ctrl Pts',(12.1343002310261,-25.5913207641029,12.9757976352889));
#3579=CARTESIAN_POINT('Ctrl Pts',(12.6047190643266,-25.3451330404488,12.9757976352889));
#3580=CARTESIAN_POINT('Ctrl Pts',(13.0670712249588,-25.0857369374719,12.9757976352889));
#3581=CARTESIAN_POINT('Ctrl Pts',(13.529813236544,-24.8261221141633,12.9757976352889));
#3582=CARTESIAN_POINT('Ctrl Pts',(13.984475442181,-24.55327644093,12.9757976352889));
#3583=CARTESIAN_POINT('Ctrl Pts',(14.4304339491437,-24.2674351412002,12.9757976352889));
#3584=CARTESIAN_POINT('Ctrl Pts',(14.5378768383061,-24.1985686107822,12.9757976352889));
#3585=CARTESIAN_POINT('Ctrl Pts',(14.6448144191301,-24.1289475311924,12.9757976352889));
#3586=CARTESIAN_POINT('Ctrl Pts',(14.7512377633489,-24.0585747870824,12.9757976352889));
#3587=CARTESIAN_POINT('Ctrl Pts',(15.2136873139589,-23.752778684472,12.9757976352889));
#3588=CARTESIAN_POINT('Ctrl Pts',(15.6664297418404,-23.4327936248981,12.9757976352889));
#3589=CARTESIAN_POINT('Ctrl Pts',(16.1089807833217,-23.0992451948672,12.9757976352889));
#3590=CARTESIAN_POINT('Ctrl Pts',(16.5323427760963,-22.7801594515547,12.9757976352889));
#3591=CARTESIAN_POINT('Ctrl Pts',(16.9463781324949,-22.4486603231167,12.9757976352889));
#3592=CARTESIAN_POINT('Ctrl Pts',(17.3506289654458,-22.1052535212152,12.9757976352889));
#3593=CARTESIAN_POINT('Ctrl Pts',(17.7541430240945,-21.7624726012816,12.9757976352889));
#3594=CARTESIAN_POINT('Ctrl Pts',(18.1479085281682,-21.4078269830056,12.9757976352889));
#3595=CARTESIAN_POINT('Ctrl Pts',(18.5314318923125,-21.0417846445866,12.9757976352889));
#3596=CARTESIAN_POINT('Ctrl Pts',(18.91256063965,-20.6780277761481,12.9757976352889));
#3597=CARTESIAN_POINT('Ctrl Pts',(19.2835750468706,-20.3030156619853,12.9757976352889));
#3598=CARTESIAN_POINT('Ctrl Pts',(19.6439482610653,-19.9171789098192,12.9757976352889));
#3599=CARTESIAN_POINT('Ctrl Pts',(19.7422016113916,-19.8119830959072,12.9757976352889));
#3600=CARTESIAN_POINT('Ctrl Pts',(19.8396636959736,-19.7059824929546,12.9757976352889));
#3601=CARTESIAN_POINT('Ctrl Pts',(19.9363232391515,-19.5991855146506,12.9757976352889));
#3602=CARTESIAN_POINT('Ctrl Pts',(19.983229624726,-19.5473596930314,12.9757976352889));
#3603=CARTESIAN_POINT('Ctrl Pts',(20.0299470149699,-19.4953463302561,12.9757976352889));
#3604=CARTESIAN_POINT('Ctrl Pts',(20.0764740984751,-19.443146377574,12.9757976352889));
#3605=CARTESIAN_POINT('Ctrl Pts',(20.108086556068,-19.4076795340456,12.9757976352889));
#3606=CARTESIAN_POINT('Ctrl Pts',(20.1396062009459,-19.3721320988725,12.9757976352889));
#3607=CARTESIAN_POINT('Ctrl Pts',(20.17102829293,-19.3365094987823,12.9757976352889));
#3608=CARTESIAN_POINT('Ctrl Pts',(20.5210786420821,-18.939664387209,12.9757976352889));
#3609=CARTESIAN_POINT('Ctrl Pts',(20.8591990282559,-18.5332990416228,12.9757976352889));
#3610=CARTESIAN_POINT('Ctrl Pts',(21.1849968521788,-18.1179655894792,12.9757976352889));
#3611=CARTESIAN_POINT('Ctrl Pts',(21.5114277939462,-17.7018250262972,12.9757976352889));
#3612=CARTESIAN_POINT('Ctrl Pts',(21.8254885772021,-17.2766810824159,12.9757976352889));
#3613=CARTESIAN_POINT('Ctrl Pts',(22.1267484793393,-16.8430508114472,12.9757976352889));
#3614=CARTESIAN_POINT('Ctrl Pts',(22.4268126960502,-16.4111415972529,12.9757976352889));
#3615=CARTESIAN_POINT('Ctrl Pts',(22.7141777451764,-15.9708128798762,12.9757976352889));
#3616=CARTESIAN_POINT('Ctrl Pts',(22.9883777234473,-15.5225435964452,12.9757976352889));
#3617=CARTESIAN_POINT('Ctrl Pts',(23.2252011976857,-15.1353783976515,12.9757976352889));
#3618=CARTESIAN_POINT('Ctrl Pts',(23.4522035658064,-14.742289221026,12.9757976352889));
#3619=CARTESIAN_POINT('Ctrl Pts',(23.6690576661895,-14.3435687520504,12.9757976352889));
#3620=CARTESIAN_POINT('Ctrl Pts',(23.9318380617918,-13.860405545143,12.9757976352889));
#3621=CARTESIAN_POINT('Ctrl Pts',(24.1797181243353,-13.3689733708158,12.9757976352889));
#3622=CARTESIAN_POINT('Ctrl Pts',(24.4124943669955,-12.8700122195589,12.9757976352889));
#3623=CARTESIAN_POINT('Ctrl Pts',(24.6161735793231,-12.4334212122092,12.9757976352889));
#3624=CARTESIAN_POINT('Ctrl Pts',(24.8082881429454,-11.9910652107978,12.9757976352889));
#3625=CARTESIAN_POINT('Ctrl Pts',(24.988664319898,-11.5434301897945,12.9757976352889));
#3626=CARTESIAN_POINT('Ctrl Pts',(25.0675788973148,-11.3475898681056,12.9757976352889));
#3627=CARTESIAN_POINT('Ctrl Pts',(25.1442462154015,-11.1507390225416,12.9757976352889));
#3628=CARTESIAN_POINT('Ctrl Pts',(25.2186495550486,-10.9529180499129,12.9757976352889));
#3629=CARTESIAN_POINT('Ctrl Pts',(25.2666835158707,-10.8252070507279,12.9757976352889));
#3630=CARTESIAN_POINT('Ctrl Pts',(25.3137738577657,-10.6970917143742,12.9757976352889));
#3631=CARTESIAN_POINT('Ctrl Pts',(25.3599157835203,-10.5685828918094,12.9757976352889));
#3632=CARTESIAN_POINT('Ctrl Pts',(25.3808305596913,-10.51033362683,12.9757976352889));
#3633=CARTESIAN_POINT('Ctrl Pts',(25.4015504765814,-10.4520035183305,12.9757976352889));
#3634=CARTESIAN_POINT('Ctrl Pts',(25.4220750714232,-10.3935935764099,12.9757976352889));
#3635=CARTESIAN_POINT('Ctrl Pts',(25.4361456690616,-10.3535507498798,12.9757976352889));
#3636=CARTESIAN_POINT('Ctrl Pts',(25.4501230926801,-10.3134742853021,12.9757976352889));
#3637=CARTESIAN_POINT('Ctrl Pts',(25.4640046835855,-10.2733720395985,12.9757976352889));
#3638=CARTESIAN_POINT('Ctrl Pts',(25.6352659578862,-9.77861882663312,12.9757976352889));
#3639=CARTESIAN_POINT('Ctrl Pts',(25.7920651251462,-9.27960077883611,12.9757976352889));
#3640=CARTESIAN_POINT('Ctrl Pts',(25.9343348558941,-8.77699096405925,12.9757976352889));
#3641=CARTESIAN_POINT('Ctrl Pts',(26.0775245691642,-8.27113103948962,12.9757976352889));
#3642=CARTESIAN_POINT('Ctrl Pts',(26.2059964868815,-7.76163226729939,12.9757976352889));
#3643=CARTESIAN_POINT('Ctrl Pts',(26.3196340525725,-7.24915879174863,12.9757976352889));
#3644=CARTESIAN_POINT('Ctrl Pts',(26.433419717355,-6.73601743092909,12.9757976352889));
#3645=CARTESIAN_POINT('Ctrl Pts',(26.5323324625302,-6.21989310925591,12.9757976352889));
#3646=CARTESIAN_POINT('Ctrl Pts',(26.6162053441354,-5.70143790274909,12.9757976352889));
#3647=CARTESIAN_POINT('Ctrl Pts',(26.6997594329695,-5.18495329470916,12.9757976352889));
#3648=CARTESIAN_POINT('Ctrl Pts',(26.7683878565863,-4.66615499038482,12.9757976352889));
#3649=CARTESIAN_POINT('Ctrl Pts',(26.821874547862,-4.1456805749408,12.9757976352889));
#3650=CARTESIAN_POINT('Ctrl Pts',(26.8747513854106,-3.63114059392432,12.9757976352889));
#3651=CARTESIAN_POINT('Ctrl Pts',(26.9128298353338,-3.11496203723572,12.9757976352889));
#3652=CARTESIAN_POINT('Ctrl Pts',(26.9358504819683,-2.59776116165521,12.9757976352889));
#3653=CARTESIAN_POINT('Ctrl Pts',(26.9495313818038,-2.29039475766065,12.9757976352889));
#3654=CARTESIAN_POINT('Ctrl Pts',(26.9578932218963,-1.98266733050097,12.9757976352889));
#3655=CARTESIAN_POINT('Ctrl Pts',(26.9608728607127,-1.67470928613024,12.9757976352889));
#3656=CARTESIAN_POINT('Ctrl Pts',(26.9661628898258,-1.12796281090044,12.9757976352889));
#3657=CARTESIAN_POINT('Ctrl Pts',(26.9544912494647,-0.580488244513632,12.9757976352889));
#3658=CARTESIAN_POINT('Ctrl Pts',(26.9259507754993,-0.0330443909457282,
12.9757976352889));
#3659=CARTESIAN_POINT('Ctrl Pts',(26.9236173239419,0.0117142810471557,12.9757976352889));
#3660=CARTESIAN_POINT('Ctrl Pts',(26.9211715254554,0.0564640693289708,12.9757976352889));
#3661=CARTESIAN_POINT('Ctrl Pts',(26.9186137435426,0.101201357465241,12.9757976352889));
#3662=CARTESIAN_POINT('Ctrl Pts',(26.8889911645869,0.619319748806559,12.9757976352889));
#3663=CARTESIAN_POINT('Ctrl Pts',(26.8443456376602,1.13590054794941,12.9757976352889));
#3664=CARTESIAN_POINT('Ctrl Pts',(26.7849536005356,1.65031519972309,12.9757976352889));
#3665=CARTESIAN_POINT('Ctrl Pts',(26.7250659650683,2.16902239745439,12.9757976352889));
#3666=CARTESIAN_POINT('Ctrl Pts',(26.6501846193477,2.68552763514331,12.9757976352889));
#3667=CARTESIAN_POINT('Ctrl Pts',(26.5605395714987,3.19918851625989,12.9757976352889));
#3668=CARTESIAN_POINT('Ctrl Pts',(26.470524147975,3.71497162833099,12.9757976352889));
#3669=CARTESIAN_POINT('Ctrl Pts',(26.3656226744993,4.2278873366154,12.9757976352889));
#3670=CARTESIAN_POINT('Ctrl Pts',(26.2460157267031,4.73727977804267,12.9757976352889));
#3671=CARTESIAN_POINT('Ctrl Pts',(26.1264670977781,5.24642384600382,12.9757976352889));
#3672=CARTESIAN_POINT('Ctrl Pts',(25.9922271978356,5.75204858287982,12.9757976352889));
#3673=CARTESIAN_POINT('Ctrl Pts',(25.8434260236619,6.25348608661979,12.9757976352889));
#3674=CARTESIAN_POINT('Ctrl Pts',(25.6959299841565,6.75052548346491,12.9757976352889));
#3675=CARTESIAN_POINT('Ctrl Pts',(25.5341267961468,7.24345123602088,12.9757976352889));
#3676=CARTESIAN_POINT('Ctrl Pts',(25.35809611567,7.73159297762111,12.9757976352889));
#3677=CARTESIAN_POINT('Ctrl Pts',(25.1836274815957,8.21540308765989,12.9757976352889));
#3678=CARTESIAN_POINT('Ctrl Pts',(24.9951825634338,8.69451414574507,12.9757976352889));
#3679=CARTESIAN_POINT('Ctrl Pts',(24.7927952651464,9.16824725414618,12.9757976352889));
#3680=CARTESIAN_POINT('Ctrl Pts',(24.7219471520855,9.33408323846288,12.9757976352889));
#3681=CARTESIAN_POINT('Ctrl Pts',(24.6493901098814,9.49925992345181,12.9757976352889));
#3682=CARTESIAN_POINT('Ctrl Pts',(24.5751243711883,9.66374726624597,12.9757976352889));
#3683=CARTESIAN_POINT('Ctrl Pts',(24.5401338904665,9.7412458719058,12.9757976352889));
#3684=CARTESIAN_POINT('Ctrl Pts',(24.5047640964675,9.81859144683595,12.9757976352889));
#3685=CARTESIAN_POINT('Ctrl Pts',(24.4690149656396,9.89578080820796,12.9757976352889));
#3686=CARTESIAN_POINT('Ctrl Pts',(24.4476242396606,9.94196756686089,12.9757976352889));
#3687=CARTESIAN_POINT('Ctrl Pts',(24.4260976989263,9.98809839578041,12.9757976352889));
#3688=CARTESIAN_POINT('Ctrl Pts',(24.404435333178,10.0341726084662,12.9757976352889));
#3689=CARTESIAN_POINT('Ctrl Pts',(24.385047758124,10.075408513486,12.9757976352889));
#3690=CARTESIAN_POINT('Ctrl Pts',(24.365552944271,10.1165957221979,12.9757976352889));
#3691=CARTESIAN_POINT('Ctrl Pts',(24.3459544838252,10.1577264116602,12.9757976352889));
#3692=CARTESIAN_POINT('Ctrl Pts',(24.2169354522145,10.4284947068825,12.9757976352889));
#3693=CARTESIAN_POINT('Ctrl Pts',(24.083380245373,10.6969092586614,12.9757976352889));
#3694=CARTESIAN_POINT('Ctrl Pts',(23.9453199201567,10.9628472645895,12.9757976352889));
#3695=CARTESIAN_POINT('Ctrl Pts',(23.6952802617217,11.4444848970011,12.9757976352889));
#3696=CARTESIAN_POINT('Ctrl Pts',(23.430466923345,11.9180011003966,12.9757976352889));
#3697=CARTESIAN_POINT('Ctrl Pts',(23.1514570763622,12.3828765314573,12.9757976352889));
#3698=CARTESIAN_POINT('Ctrl Pts',(22.8832149071773,12.8298112736428,12.9757976352889));
#3699=CARTESIAN_POINT('Ctrl Pts',(22.6018501544349,13.268759530118,12.9757976352889));
#3700=CARTESIAN_POINT('Ctrl Pts',(22.3078290307755,13.6992322309676,12.9757976352889));
#3701=CARTESIAN_POINT('Ctrl Pts',(22.0138309716204,14.1296711633608,12.9757976352889));
#3702=CARTESIAN_POINT('Ctrl Pts',(21.7071781802885,14.5516362522408,12.9757976352889));
#3703=CARTESIAN_POINT('Ctrl Pts',(21.3882963186468,14.9646057437181,12.9757976352889));
#3704=CARTESIAN_POINT('Ctrl Pts',(21.177775131057,15.2372422221198,12.9757976352889));
#3705=CARTESIAN_POINT('Ctrl Pts',(20.9619231464145,15.5059573333966,12.9757976352889));
#3706=CARTESIAN_POINT('Ctrl Pts',(20.7408542920436,15.7705918764016,12.9757976352889));
#3707=CARTESIAN_POINT('Ctrl Pts',(20.6946233040857,15.8259335318587,12.9757976352889));
#3708=CARTESIAN_POINT('Ctrl Pts',(20.6481641436701,15.881096704007,12.9757976352889));
#3709=CARTESIAN_POINT('Ctrl Pts',(20.601477818387,15.9360798932319,12.9757976352889));
#3710=CARTESIAN_POINT('Ctrl Pts',(20.5655831979077,15.9783535289914,12.9757976352889));
#3711=CARTESIAN_POINT('Ctrl Pts',(20.5295594981154,16.020514627985,12.9757976352889));
#3712=CARTESIAN_POINT('Ctrl Pts',(20.4934104861424,16.0625589231198,12.9757976352889));
#3713=CARTESIAN_POINT('Ctrl Pts',(20.154232851221,16.4570506064994,12.9757976352889));
#3714=CARTESIAN_POINT('Ctrl Pts',(19.8039379139106,16.8413664503326,12.9757976352889));
#3715=CARTESIAN_POINT('Ctrl Pts',(19.4430048750014,17.2150391304962,12.9757976352889));
#3716=CARTESIAN_POINT('Ctrl Pts',(19.0818440478926,17.5889476389656,12.9757976352889));
#3717=CARTESIAN_POINT('Ctrl Pts',(18.7100313380139,17.9521999221253,12.9757976352889));
#3718=CARTESIAN_POINT('Ctrl Pts',(18.3280075378001,18.3042937966703,12.9757976352889));
#3719=CARTESIAN_POINT('Ctrl Pts',(17.9475540423634,18.65494039308,12.9757976352889));
#3720=CARTESIAN_POINT('Ctrl Pts',(17.5569728641473,18.9945204699041,12.9757976352889));
#3721=CARTESIAN_POINT('Ctrl Pts',(17.1566657873088,19.3224989773327,12.9757976352889));
#3722=CARTESIAN_POINT('Ctrl Pts',(16.7608561464395,19.646792657733,12.9757976352889));
#3723=CARTESIAN_POINT('Ctrl Pts',(16.3555375454987,19.9597442697914,12.9757976352889));
#3724=CARTESIAN_POINT('Ctrl Pts',(15.9410710062725,20.2607938044484,12.9757976352889));
#3725=CARTESIAN_POINT('Ctrl Pts',(15.7676106742085,20.3867874548569,12.9757976352889));
#3726=CARTESIAN_POINT('Ctrl Pts',(15.5925477391442,20.5106958592024,12.9757976352889));
#3727=CARTESIAN_POINT('Ctrl Pts',(15.4159074547151,20.632475523477,12.9757976352889));
#3728=CARTESIAN_POINT('Ctrl Pts',(26.5639248077077,-1.00058144210507,11.2486103043628));
#3729=CARTESIAN_POINT('Ctrl Pts',(26.5605620535248,2.52536199898231,11.2803013969304));
#3730=CARTESIAN_POINT('Ctrl Pts',(24.9868140769251,10.3777577505382,11.3508523479082));
#3731=CARTESIAN_POINT('Ctrl Pts',(17.4719760435174,20.4204415635821,11.4602631572959));
#3732=CARTESIAN_POINT('Ctrl Pts',(5.38042272244146,26.1138428383151,11.5768427325262));
#3733=CARTESIAN_POINT('Ctrl Pts',(-7.96891179691627,25.4690494384367,11.6934223077564));
#3734=CARTESIAN_POINT('Ctrl Pts',(-19.4554545967781,18.636783163594,11.8100018829866));
#3735=CARTESIAN_POINT('Ctrl Pts',(-26.3940848174296,7.21418451620052,11.9265814582169));
#3736=CARTESIAN_POINT('Ctrl Pts',(-27.1628097417723,-6.12859995978601,12.0431610334471));
#3737=CARTESIAN_POINT('Ctrl Pts',(-21.58193418917,-18.2724731938157,12.1597406086773));
#3738=CARTESIAN_POINT('Ctrl Pts',(-10.9560493095663,-26.3787673180834,12.2763201839075));
#3739=CARTESIAN_POINT('Ctrl Pts',(2.23089695486832,-28.5523064035054,12.3928997591378));
#3740=CARTESIAN_POINT('Ctrl Pts',(14.8963240580066,-24.2854632930395,12.509479334368));
#3741=CARTESIAN_POINT('Ctrl Pts',(24.0794673409187,-14.5747235441102,12.6260589095982));
#3742=CARTESIAN_POINT('Ctrl Pts',(26.5097001107817,-5.76627287663903,12.7057692329298));
#3743=CARTESIAN_POINT('Ctrl Pts',(26.5653748043545,-1.22177900753106,12.7466196978514));
#3744=CARTESIAN_POINT('Ctrl Pts',(26.5652778163571,-1.00032653562709,12.7486103043628));
#3745=CARTESIAN_POINT('Ctrl Pts',(27.423806604231,-1.00038741993223,10.2459975612697));
#3746=CARTESIAN_POINT('Ctrl Pts',(27.421366308487,2.04559815050897,10.2725104945063));
#3747=CARTESIAN_POINT('Ctrl Pts',(26.9146043512047,5.09225727732194,10.299023427743));
#3748=CARTESIAN_POINT('Ctrl Pts',(25.9187521291691,7.96975209993793,10.3255363609796));
#3749=CARTESIAN_POINT('Ctrl Pts',(24.4591370801569,12.1872802166695,10.3643962193897));
#3750=CARTESIAN_POINT('Ctrl Pts',(21.9488289082232,16.0413994007918,10.4032560777998));
#3751=CARTESIAN_POINT('Ctrl Pts',(18.6811547376298,19.0813153705434,10.4421159362098));
#3752=CARTESIAN_POINT('Ctrl Pts',(15.4134805670364,22.121231340295,10.4809757946199));
#3753=CARTESIAN_POINT('Ctrl Pts',(11.3884403977834,24.3469440956758,10.51983565303));
#3754=CARTESIAN_POINT('Ctrl Pts',(7.07652563726236,25.4984671407777,10.5586955114401));
#3755=CARTESIAN_POINT('Ctrl Pts',(2.76461087674132,26.6499901858797,10.5975553698501));
#3756=CARTESIAN_POINT('Ctrl Pts',(-1.83417847504771,26.7273235207027,10.6364152282602));
#3757=CARTESIAN_POINT('Ctrl Pts',(-6.18235008448547,25.7213506654091,10.6752750866703));
#3758=CARTESIAN_POINT('Ctrl Pts',(-10.5305216939232,24.7153778101156,10.7141349450804));
#3759=CARTESIAN_POINT('Ctrl Pts',(-14.6280755610097,22.6260987647055,10.7529948034904));
#3760=CARTESIAN_POINT('Ctrl Pts',(-17.9960749673128,19.6977492840481,10.7918546619005));
#3761=CARTESIAN_POINT('Ctrl Pts',(-21.364074373616,16.7693998033908,10.8307145203106));
#3762=CARTESIAN_POINT('Ctrl Pts',(-24.0025193191358,13.0019798874862,10.8695743787207));
#3763=CARTESIAN_POINT('Ctrl Pts',(-25.6030299852219,8.83581119112331,10.9084342371307));
#3764=CARTESIAN_POINT('Ctrl Pts',(-27.2035406513081,4.66964249476045,10.9472940955408));
#3765=CARTESIAN_POINT('Ctrl Pts',(-27.7661170379607,0.104725017939314,10.9861539539509));
#3766=CARTESIAN_POINT('Ctrl Pts',(-27.2250021792778,-4.32537888648091,11.025013812361));
#3767=CARTESIAN_POINT('Ctrl Pts',(-26.6838873205948,-8.75548279090116,11.0638736707711));
#3768=CARTESIAN_POINT('Ctrl Pts',(-25.0390812165763,-13.0507731229205,11.1027335291811));
#3769=CARTESIAN_POINT('Ctrl Pts',(-22.4828319428656,-16.7092157971849,11.1415933875912));
#3770=CARTESIAN_POINT('Ctrl Pts',(-19.9265826691548,-20.3676584714493,11.1804532460013));
#3771=CARTESIAN_POINT('Ctrl Pts',(-16.4588902257518,-23.3892534879587,11.2193131044114));
#3772=CARTESIAN_POINT('Ctrl Pts',(-12.4850620878403,-25.4208309324145,11.2581729628214));
#3773=CARTESIAN_POINT('Ctrl Pts',(-8.51123394992871,-27.4524083768702,11.2970328212315));
#3774=CARTESIAN_POINT('Ctrl Pts',(-4.03127011750863,-28.4939682492722,11.3358926796416));
#3775=CARTESIAN_POINT('Ctrl Pts',(0.431205580738702,-28.4237728944955,11.3747525380517));
#3776=CARTESIAN_POINT('Ctrl Pts',(4.89368127898604,-28.3535775397188,11.4136123964617));
#3777=CARTESIAN_POINT('Ctrl Pts',(9.33866884306061,-27.1716269577633,11.4524722548718));
#3778=CARTESIAN_POINT('Ctrl Pts',(13.2466329379278,-25.016068413996,11.4913321132819));
#3779=CARTESIAN_POINT('Ctrl Pts',(17.1545970327949,-22.8605098702288,11.530191971692));
#3780=CARTESIAN_POINT('Ctrl Pts',(20.5255376584547,-19.7313433646497,11.569051830102));
#3781=CARTESIAN_POINT('Ctrl Pts',(22.9654551613536,-15.9943098692732,11.6079116885121));
#3782=CARTESIAN_POINT('Ctrl Pts',(25.4053726642525,-12.2572763738967,11.6467715469222));
#3783=CARTESIAN_POINT('Ctrl Pts',(26.9142670443906,-7.9123758887227,11.6856314053323));
#3784=CARTESIAN_POINT('Ctrl Pts',(27.3157769561328,-3.46744552593963,11.7244912637423));
#3785=CARTESIAN_POINT('Ctrl Pts',(27.3898464627769,-2.64745630671823,11.7316600295848));
#3786=CARTESIAN_POINT('Ctrl Pts',(27.4262295575394,-1.82406287940502,11.7388287954272));
#3787=CARTESIAN_POINT('Ctrl Pts',(27.4254442068237,-1.00060030844965,11.7459975612697));
#3788=CARTESIAN_POINT('Origin',(-0.000173344838925931,-0.999999717040936,
7.20298496621504));
#3789=CARTESIAN_POINT('Ctrl Pts',(26.5617058990421,-1.00040405107987,10.952984966215));
#3790=CARTESIAN_POINT('Ctrl Pts',(26.5602035089913,1.671543151665,10.976994581597));
#3791=CARTESIAN_POINT('Ctrl Pts',(25.509875297286,8.66922811158951,11.0398640553891));
#3792=CARTESIAN_POINT('Ctrl Pts',(19.4551078568525,18.6367831033479,11.1415933875912));
#3793=CARTESIAN_POINT('Ctrl Pts',(7.96856508513069,25.4690493718564,11.2581729628214));
#3794=CARTESIAN_POINT('Ctrl Pts',(-5.38076939735285,26.1138427637633,11.3747525380517));
#3795=CARTESIAN_POINT('Ctrl Pts',(-17.4723226867173,20.420441507432,11.4913321132819));
#3796=CARTESIAN_POINT('Ctrl Pts',(-25.479544536105,9.71974550962518,11.6079116885121));
#3797=CARTESIAN_POINT('Ctrl Pts',(-27.5306474061139,-3.48682342593674,11.7244912637424));
#3798=CARTESIAN_POINT('Ctrl Pts',(-23.1461607231506,-16.112066495281,11.8410708389726));
#3799=CARTESIAN_POINT('Ctrl Pts',(-13.3510123836177,-25.2046769889366,11.9576504142028));
#3800=CARTESIAN_POINT('Ctrl Pts',(-0.434940167433973,-28.6391430786606,
12.074229989433));
#3801=CARTESIAN_POINT('Ctrl Pts',(12.5827647307154,-25.6126188629688,12.1908095646633));
#3802=CARTESIAN_POINT('Ctrl Pts',(22.6590507446768,-16.8325854134177,12.3073891398935));
#3803=CARTESIAN_POINT('Ctrl Pts',(26.2418530234507,-7.47636042905528,12.3947809404108));
#3804=CARTESIAN_POINT('Ctrl Pts',(26.5641198097433,-2.07682890252699,12.4433128825179));
#3805=CARTESIAN_POINT('Ctrl Pts',(26.5631021327104,-1.00061853469961,12.452984966215));
#3806=CARTESIAN_POINT('Ctrl Pts',(-15.9162241637357,21.3340539080916,9.47841037838205));
#3807=CARTESIAN_POINT('Ctrl Pts',(-19.5516674817799,18.7433060944436,9.51727023679213));
#3808=CARTESIAN_POINT('Ctrl Pts',(-25.5304803436204,11.7558231361731,9.59498995361228));
#3809=CARTESIAN_POINT('Ctrl Pts',(-28.5303438645666,-1.71445178354023,9.71156952884251));
#3810=CARTESIAN_POINT('Ctrl Pts',(-24.8607584234042,-15.014974593835,9.82814910407274));
#3811=CARTESIAN_POINT('Ctrl Pts',(-15.3797896033411,-25.0406511827278,9.94472867930296));
#3812=CARTESIAN_POINT('Ctrl Pts',(-2.30360115347075,-29.4458748543148,10.0613082545332));
#3813=CARTESIAN_POINT('Ctrl Pts',(11.311020526251,-27.2018444346978,10.1778878297634));
#3814=CARTESIAN_POINT('Ctrl Pts',(22.2815210537613,-18.8326491210377,10.2944674049936));
#3815=CARTESIAN_POINT('Ctrl Pts',(28.0433940087891,-6.29492930210597,10.4110469802239));
#3816=CARTESIAN_POINT('Ctrl Pts',(27.2497380036326,7.4805846335625,10.5276265554541));
#3817=CARTESIAN_POINT('Ctrl Pts',(20.0860760935403,19.2736377497524,10.6442061306843));
#3818=CARTESIAN_POINT('Ctrl Pts',(8.22700498037864,26.3274861663331,10.7607857059146));
#3819=CARTESIAN_POINT('Ctrl Pts',(-5.55527138313187,26.9931913171247,10.8773652811448));
#3820=CARTESIAN_POINT('Ctrl Pts',(-18.0389745457731,21.1151432641615,10.993944856375));
#3821=CARTESIAN_POINT('Ctrl Pts',(-26.3058843739003,10.0674052876203,11.1105244316053));
#3822=CARTESIAN_POINT('Ctrl Pts',(-28.4235080383269,-3.56747539669412,11.2271040068355));
#3823=CARTESIAN_POINT('Ctrl Pts',(-23.8968249099639,-16.6021768169424,11.3436835820657));
#3824=CARTESIAN_POINT('Ctrl Pts',(-13.7840030599935,-25.9896763101759,11.4602631572959));
#3825=CARTESIAN_POINT('Ctrl Pts',(-0.44904040338425,-29.5355280432186,11.5768427325262));
#3826=CARTESIAN_POINT('Ctrl Pts',(12.990851057897,-26.4108484409317,11.6934223077564));
#3827=CARTESIAN_POINT('Ctrl Pts',(23.3939283606957,-17.3460634030436,11.8100018829866));
#3828=CARTESIAN_POINT('Ctrl Pts',(28.3283466583816,-4.46019246519683,11.9265814582169));
#3829=CARTESIAN_POINT('Ctrl Pts',(26.6406175062308,9.23455997343084,12.0431610334471));
#3830=CARTESIAN_POINT('Ctrl Pts',(18.7252826823269,20.5368196073894,12.1597406086773));
#3831=CARTESIAN_POINT('Ctrl Pts',(6.4326211347431,26.8046568818284,12.2763201839076));
#3832=CARTESIAN_POINT('Ctrl Pts',(-7.36374693341809,26.5726565931612,12.3928997591378));
#3833=CARTESIAN_POINT('Ctrl Pts',(-19.4388672933246,19.8955188630404,12.509479334368));
#3834=CARTESIAN_POINT('Ctrl Pts',(-26.9697920545972,8.33316040673345,12.6260589095982));
#3835=CARTESIAN_POINT('Ctrl Pts',(-28.1965572348991,-5.4096490414675,12.7426384848285));
#3836=CARTESIAN_POINT('Ctrl Pts',(-22.8314119177998,-18.1243139321899,12.8592180600587));
#3837=CARTESIAN_POINT('Ctrl Pts',(-15.6972376119966,-23.9273026710596,12.9369377768788));
#3838=CARTESIAN_POINT('Ctrl Pts',(-11.6563851508134,-25.8246518059275,12.9757976352889));
#3839=CARTESIAN_POINT('Ctrl Pts',(-15.7495674906214,21.1001944465534,9.64420613068434));
#3840=CARTESIAN_POINT('Ctrl Pts',(-19.3469441490667,18.5365743052416,9.68306598909442));
#3841=CARTESIAN_POINT('Ctrl Pts',(-25.2631529722506,11.6222571515114,9.76078570591457));
#3842=CARTESIAN_POINT('Ctrl Pts',(-28.2316049778726,-1.70697076919457,9.8773652811448));
#3843=CARTESIAN_POINT('Ctrl Pts',(-24.6004436978474,-14.8682240516733,9.99394485637503));
#3844=CARTESIAN_POINT('Ctrl Pts',(-15.2187499265657,-24.7889219668337,10.1105244316053));
#3845=CARTESIAN_POINT('Ctrl Pts',(-2.27948200358153,-29.148018623008,10.2271040068355));
#3846=CARTESIAN_POINT('Ctrl Pts',(11.1925812248844,-26.9274854043209,10.3436835820657));
#3847=CARTESIAN_POINT('Ctrl Pts',(22.0482098447136,-18.6459237796638,10.4602631572959));
#3848=CARTESIAN_POINT('Ctrl Pts',(27.749750334828,-6.23948619256439,10.5768427325262));
#3849=CARTESIAN_POINT('Ctrl Pts',(26.9644046869907,7.39178459201835,10.6934223077564));
#3850=CARTESIAN_POINT('Ctrl Pts',(19.8757533479777,19.0613528676176,10.8100018829866));
#3851=CARTESIAN_POINT('Ctrl Pts',(8.14085834862931,26.0413405681742,10.9265814582169));
#3852=CARTESIAN_POINT('Ctrl Pts',(-5.49710405453886,26.7000751326709,11.0431610334471));
#3853=CARTESIAN_POINT('Ctrl Pts',(-17.8500905927545,20.8835760119183,11.1597406086773));
#3854=CARTESIAN_POINT('Ctrl Pts',(-26.0304377613018,9.95151869495525,11.2763201839075));
#3855=CARTESIAN_POINT('Ctrl Pts',(-28.1258878275892,-3.54059140644167,11.3928997591378));
#3856=CARTESIAN_POINT('Ctrl Pts',(-23.6466035143595,-16.4388067097219,11.509479334368));
#3857=CARTESIAN_POINT('Ctrl Pts',(-13.6396728345348,-25.7280098697628,11.6260589095982));
#3858=CARTESIAN_POINT('Ctrl Pts',(-0.444340324734178,-29.2367330550326,
11.7426384848285));
#3859=CARTESIAN_POINT('Ctrl Pts',(12.8548222821699,-26.144771914944,11.8592180600587));
#3860=CARTESIAN_POINT('Ctrl Pts',(23.1489691553561,-17.1749040731683,11.9757976352889));
#3861=CARTESIAN_POINT('Ctrl Pts',(28.0317192505083,-4.42396085106694,12.0923772105191));
#3862=CARTESIAN_POINT('Ctrl Pts',(26.3616622790269,9.12739408861356,12.2089567857494));
#3863=CARTESIAN_POINT('Ctrl Pts',(18.5292087793502,20.3113079714369,12.3255363609796));
#3864=CARTESIAN_POINT('Ctrl Pts',(6.36526346298179,26.513514837952,12.4421159362098));
#3865=CARTESIAN_POINT('Ctrl Pts',(-7.28664309085883,26.2839438200073,12.5586955114401));
#3866=CARTESIAN_POINT('Ctrl Pts',(-19.235325089294,19.6767222752952,12.6752750866703));
#3867=CARTESIAN_POINT('Ctrl Pts',(-26.6873936769799,8.23543306007126,12.7918546619005));
#3868=CARTESIAN_POINT('Ctrl Pts',(-27.9013134218176,-5.36347568512605,12.9084342371308));
#3869=CARTESIAN_POINT('Ctrl Pts',(-22.5923464418884,-17.9450055554491,13.025013812361));
#3870=CARTESIAN_POINT('Ctrl Pts',(-15.5328739430066,-23.6872313067948,13.1027335291811));
#3871=CARTESIAN_POINT('Ctrl Pts',(-11.5343331730456,-25.5647133340396,13.1415933875912));
#3872=CARTESIAN_POINT('Ctrl Pts',(-15.5829108175071,20.8663349850153,9.81000188298663));
#3873=CARTESIAN_POINT('Ctrl Pts',(-19.1422208163536,18.3298425160396,9.84886174139671));
#3874=CARTESIAN_POINT('Ctrl Pts',(-24.9958256008808,11.4886911668496,9.92658145821685));
#3875=CARTESIAN_POINT('Ctrl Pts',(-27.9328660911787,-1.69948975484892,10.0431610334471));
#3876=CARTESIAN_POINT('Ctrl Pts',(-24.3401289722906,-14.7214735095115,10.1597406086773));
#3877=CARTESIAN_POINT('Ctrl Pts',(-15.0577102497902,-24.5371927509396,10.2763201839075));
#3878=CARTESIAN_POINT('Ctrl Pts',(-2.2553628536923,-28.8501623917012,10.3928997591378));
#3879=CARTESIAN_POINT('Ctrl Pts',(11.0741419235177,-26.653126373944,10.509479334368));
#3880=CARTESIAN_POINT('Ctrl Pts',(21.814898635666,-18.4591984382898,10.6260589095982));
#3881=CARTESIAN_POINT('Ctrl Pts',(27.4561066608669,-6.18404308302282,10.7426384848285));
#3882=CARTESIAN_POINT('Ctrl Pts',(26.6790713703489,7.30298455047421,10.8592180600587));
#3883=CARTESIAN_POINT('Ctrl Pts',(19.6654306024151,18.8490679854828,10.9757976352889));
#3884=CARTESIAN_POINT('Ctrl Pts',(8.05471171688001,25.7551949700153,11.0923772105191));
#3885=CARTESIAN_POINT('Ctrl Pts',(-5.43893672594587,26.4069589482171,11.2089567857494));
#3886=CARTESIAN_POINT('Ctrl Pts',(-17.6612066397359,20.6520087596752,11.3255363609796));
#3887=CARTESIAN_POINT('Ctrl Pts',(-25.7549911487034,9.83563210229021,11.4421159362098));
#3888=CARTESIAN_POINT('Ctrl Pts',(-27.8282676168515,-3.51370741618919,11.5586955114401));
#3889=CARTESIAN_POINT('Ctrl Pts',(-23.396382118755,-16.2754366025015,11.6752750866703));
#3890=CARTESIAN_POINT('Ctrl Pts',(-13.4953426090762,-25.4663434293497,11.7918546619005));
#3891=CARTESIAN_POINT('Ctrl Pts',(-0.43964024608408,-28.9379380668466,11.9084342371307));
#3892=CARTESIAN_POINT('Ctrl Pts',(12.7187935064426,-25.8786953889564,12.025013812361));
#3893=CARTESIAN_POINT('Ctrl Pts',(22.9040099500164,-17.003744743293,12.1415933875912));
#3894=CARTESIAN_POINT('Ctrl Pts',(27.7350918426351,-4.38772923693705,12.2581729628214));
#3895=CARTESIAN_POINT('Ctrl Pts',(26.0827070518231,9.02022820379629,12.3747525380517));
#3896=CARTESIAN_POINT('Ctrl Pts',(18.3331348763736,20.0857963354843,12.4913321132819));
#3897=CARTESIAN_POINT('Ctrl Pts',(6.29790579122051,26.2223727940757,12.6079116885121));
#3898=CARTESIAN_POINT('Ctrl Pts',(-7.2095392482996,25.9952310468534,12.7244912637424));
#3899=CARTESIAN_POINT('Ctrl Pts',(-19.0317828852634,19.45792568755,12.8410708389726));
#3900=CARTESIAN_POINT('Ctrl Pts',(-26.4049952993627,8.13770571340906,12.9576504142028));
#3901=CARTESIAN_POINT('Ctrl Pts',(-27.606069608736,-5.31730232878458,13.074229989433));
#3902=CARTESIAN_POINT('Ctrl Pts',(-22.3532809659771,-17.7656971787083,13.1908095646633));
#3903=CARTESIAN_POINT('Ctrl Pts',(-15.3685102740165,-23.44715994253,13.2685292814834));
#3904=CARTESIAN_POINT('Ctrl Pts',(-11.4122811952778,-25.3047748621517,13.3073891398935));
#3905=CARTESIAN_POINT('Ctrl Pts',(-15.4162541443928,20.6324755234771,9.97579763528892));
#3906=CARTESIAN_POINT('Ctrl Pts',(-18.9374974836404,18.1231107268376,10.014657493699));
#3907=CARTESIAN_POINT('Ctrl Pts',(-24.728498229511,11.3551251821879,10.0923772105191));
#3908=CARTESIAN_POINT('Ctrl Pts',(-27.6341272044847,-1.69200874050326,10.2089567857494));
#3909=CARTESIAN_POINT('Ctrl Pts',(-24.0798142467339,-14.5747229673498,10.3255363609796));
#3910=CARTESIAN_POINT('Ctrl Pts',(-14.8966705730148,-24.2854635350455,10.4421159362098));
#3911=CARTESIAN_POINT('Ctrl Pts',(-2.23124370380307,-28.5523061603945,10.5586955114401));
#3912=CARTESIAN_POINT('Ctrl Pts',(10.955702622151,-26.378767343567,10.6752750866703));
#3913=CARTESIAN_POINT('Ctrl Pts',(21.5815874266183,-18.2724730969158,10.7918546619005));
#3914=CARTESIAN_POINT('Ctrl Pts',(27.1624629869058,-6.12859997348123,10.9084342371308));
#3915=CARTESIAN_POINT('Ctrl Pts',(26.393738053707,7.21418450893006,11.025013812361));
#3916=CARTESIAN_POINT('Ctrl Pts',(19.4551078568525,18.6367831033479,11.1415933875912));
#3917=CARTESIAN_POINT('Ctrl Pts',(7.96856508513069,25.4690493718564,11.2581729628214));
#3918=CARTESIAN_POINT('Ctrl Pts',(-5.38076939735285,26.1138427637633,11.3747525380517));
#3919=CARTESIAN_POINT('Ctrl Pts',(-17.4723226867173,20.420441507432,11.4913321132819));
#3920=CARTESIAN_POINT('Ctrl Pts',(-25.479544536105,9.71974550962518,11.6079116885121));
#3921=CARTESIAN_POINT('Ctrl Pts',(-27.5306474061139,-3.48682342593674,11.7244912637424));
#3922=CARTESIAN_POINT('Ctrl Pts',(-23.1461607231506,-16.112066495281,11.8410708389726));
#3923=CARTESIAN_POINT('Ctrl Pts',(-13.3510123836177,-25.2046769889366,11.9576504142028));
#3924=CARTESIAN_POINT('Ctrl Pts',(-0.434940167433973,-28.6391430786606,
12.074229989433));
#3925=CARTESIAN_POINT('Ctrl Pts',(12.5827647307154,-25.6126188629688,12.1908095646633));
#3926=CARTESIAN_POINT('Ctrl Pts',(22.6590507446768,-16.8325854134177,12.3073891398935));
#3927=CARTESIAN_POINT('Ctrl Pts',(27.4384644347618,-4.35149762280716,12.4239687151237));
#3928=CARTESIAN_POINT('Ctrl Pts',(25.8037518246192,8.913062318979,12.540548290354));
#3929=CARTESIAN_POINT('Ctrl Pts',(18.137060973397,19.8602846995318,12.6571278655842));
#3930=CARTESIAN_POINT('Ctrl Pts',(6.23054811945921,25.9312307501994,12.7737074408144));
#3931=CARTESIAN_POINT('Ctrl Pts',(-7.13243540574036,25.7065182736994,12.8902870160446));
#3932=CARTESIAN_POINT('Ctrl Pts',(-18.8282406812327,19.2391290998047,13.0068665912749));
#3933=CARTESIAN_POINT('Ctrl Pts',(-26.1225969217455,8.03997836674687,13.1234461665051));
#3934=CARTESIAN_POINT('Ctrl Pts',(-27.3108257956544,-5.27112897244312,13.2400257417353));
#3935=CARTESIAN_POINT('Ctrl Pts',(-22.1142154900658,-17.5863888019674,13.3566053169655));
#3936=CARTESIAN_POINT('Ctrl Pts',(-15.2041466050265,-23.2070885782652,13.4343250337857));
#3937=CARTESIAN_POINT('Ctrl Pts',(-11.29022921751,-25.0448363902639,13.4731848921958));
#3938=CARTESIAN_POINT('Ctrl Pts',(-15.4165066018532,20.6318043438642,12.9757976352889));
#3939=CARTESIAN_POINT('Ctrl Pts',(-15.8452581018225,20.3367959150508,12.9757976352889));
#3940=CARTESIAN_POINT('Ctrl Pts',(-16.2647349143141,20.0296720299487,12.9757976352889));
#3941=CARTESIAN_POINT('Ctrl Pts',(-16.6743880683937,19.7108283989674,12.9757976352889));
#3942=CARTESIAN_POINT('Ctrl Pts',(-17.0853706469466,19.3909500425801,12.9757976352889));
#3943=CARTESIAN_POINT('Ctrl Pts',(-17.4864661697911,19.0592755230538,12.9757976352889));
#3944=CARTESIAN_POINT('Ctrl Pts',(-17.8770994312496,18.7161564964189,12.9757976352889));
#3945=CARTESIAN_POINT('Ctrl Pts',(-17.9623406499026,18.6412834969611,12.9757976352889));
#3946=CARTESIAN_POINT('Ctrl Pts',(-18.047083594485,18.5658653727121,12.9757976352889));
#3947=CARTESIAN_POINT('Ctrl Pts',(-18.1313221227264,18.4899054920675,12.9757976352889));
#3948=CARTESIAN_POINT('Ctrl Pts',(-18.5135227295657,18.1452661318611,12.9757976352889));
#3949=CARTESIAN_POINT('Ctrl Pts',(-18.8853422258019,17.7894777464019,12.9757976352889));
#3950=CARTESIAN_POINT('Ctrl Pts',(-19.246476404579,17.4231396877815,12.9757976352889));
#3951=CARTESIAN_POINT('Ctrl Pts',(-19.6110841337967,17.0532780254711,12.9757976352889));
#3952=CARTESIAN_POINT('Ctrl Pts',(-19.9648003496306,16.6726624172724,12.9757976352889));
#3953=CARTESIAN_POINT('Ctrl Pts',(-20.3072763974635,16.2818704436688,12.9757976352889));
#3954=CARTESIAN_POINT('Ctrl Pts',(-20.6498746860151,15.8909389838381,12.9757976352889));
#3955=CARTESIAN_POINT('Ctrl Pts',(-20.9812250830581,15.4898234756681,12.9757976352889));
#3956=CARTESIAN_POINT('Ctrl Pts',(-21.3009383307089,15.0790689408515,12.9757976352889));
#3957=CARTESIAN_POINT('Ctrl Pts',(-21.6192949370506,14.6700573634319,12.9757976352889));
#3958=CARTESIAN_POINT('Ctrl Pts',(-21.9261132165279,14.2514879575539,12.9757976352889));
#3959=CARTESIAN_POINT('Ctrl Pts',(-22.2209647210103,13.8238723210789,12.9757976352889));
#3960=CARTESIAN_POINT('Ctrl Pts',(-22.3019078097065,13.706482618585,12.9757976352889));
#3961=CARTESIAN_POINT('Ctrl Pts',(-22.3819487869465,13.5884110397053,12.9757976352889));
#3962=CARTESIAN_POINT('Ctrl Pts',(-22.4610781610506,13.4696678833126,12.9757976352889));
#3963=CARTESIAN_POINT('Ctrl Pts',(-22.4978528758494,13.4144829945139,12.9757976352889));
#3964=CARTESIAN_POINT('Ctrl Pts',(-22.534430694296,13.3591530536203,12.9757976352889));
#3965=CARTESIAN_POINT('Ctrl Pts',(-22.5708106428916,13.3036790865203,12.9757976352889));
#3966=CARTESIAN_POINT('Ctrl Pts',(-22.6004325877408,13.2585100618944,12.9757976352889));
#3967=CARTESIAN_POINT('Ctrl Pts',(-22.6299246132886,13.213243535791,12.9757976352889));
#3968=CARTESIAN_POINT('Ctrl Pts',(-22.6592736543963,13.1678996007441,12.9757976352889));
#3969=CARTESIAN_POINT('Ctrl Pts',(-22.9432042977104,12.7292299828509,12.9757976352889));
#3970=CARTESIAN_POINT('Ctrl Pts',(-23.2140107358185,12.2829327982293,12.9757976352889));
#3971=CARTESIAN_POINT('Ctrl Pts',(-23.4714048696674,11.829632840789,12.9757976352889));
#3972=CARTESIAN_POINT('Ctrl Pts',(-23.7297490146951,11.3746598070415,12.9757976352889));
#3973=CARTESIAN_POINT('Ctrl Pts',(-23.9745819724684,10.9126317987589,12.9757976352889));
#3974=CARTESIAN_POINT('Ctrl Pts',(-24.2055742855709,10.4441441282646,12.9757976352889));
#3975=CARTESIAN_POINT('Ctrl Pts',(-24.4362740747888,9.97624974086,12.9757976352889));
#3976=CARTESIAN_POINT('Ctrl Pts',(-24.6531685305332,9.50191160553124,12.9757976352889));
#3977=CARTESIAN_POINT('Ctrl Pts',(-24.8558871177689,9.02169292879522,12.9757976352889));
#3978=CARTESIAN_POINT('Ctrl Pts',(-25.0300038567751,8.60922897497962,12.9757976352889));
#3979=CARTESIAN_POINT('Ctrl Pts',(-25.1936621415881,8.19242617085167,12.9757976352889));
#3980=CARTESIAN_POINT('Ctrl Pts',(-25.3465998247447,7.77162743164665,12.9757976352889));
#3981=CARTESIAN_POINT('Ctrl Pts',(-25.5334132654816,7.25762160452723,12.9757976352889));
#3982=CARTESIAN_POINT('Ctrl Pts',(-25.704232663447,6.73765370134345,12.9757976352889));
#3983=CARTESIAN_POINT('Ctrl Pts',(-25.8589973343545,6.21249118032024,12.9757976352889));
#3984=CARTESIAN_POINT('Ctrl Pts',(-25.9944164213986,5.75297397442493,12.9757976352889));
#3985=CARTESIAN_POINT('Ctrl Pts',(-26.1175427429241,5.28947905056187,12.9757976352889));
#3986=CARTESIAN_POINT('Ctrl Pts',(-26.2282968568297,4.82251283029346,12.9757976352889));
#3987=CARTESIAN_POINT('Ctrl Pts',(-26.2767517816634,4.61821510892604,12.9757976352889));
#3988=CARTESIAN_POINT('Ctrl Pts',(-26.3228381170295,4.413252899135,12.9757976352889));
#3989=CARTESIAN_POINT('Ctrl Pts',(-26.3665469925149,4.20766843588199,12.9757976352889));
#3990=CARTESIAN_POINT('Ctrl Pts',(-26.3980592002672,4.05945093440769,12.9757976352889));
#3991=CARTESIAN_POINT('Ctrl Pts',(-26.4283356271138,3.91090999710407,12.9757976352889));
#3992=CARTESIAN_POINT('Ctrl Pts',(-26.4573725083201,3.76206145060793,12.9757976352889));
#3993=CARTESIAN_POINT('Ctrl Pts',(-26.4657184537091,3.71927855559023,12.9757976352889));
#3994=CARTESIAN_POINT('Ctrl Pts',(-26.4739619935234,3.67647024795762,12.9757976352889));
#3995=CARTESIAN_POINT('Ctrl Pts',(-26.4821030326898,3.63363690372772,12.9757976352889));
#3996=CARTESIAN_POINT('Ctrl Pts',(-26.4906578298823,3.58862660891423,12.9757976352889));
#3997=CARTESIAN_POINT('Ctrl Pts',(-26.4990976506913,3.54359807269069,12.9757976352889));
#3998=CARTESIAN_POINT('Ctrl Pts',(-26.5074220555004,3.49855437359797,12.9757976352889));
#3999=CARTESIAN_POINT('Ctrl Pts',(-26.6020626302118,2.98645030525668,12.9757976352889));
#4000=CARTESIAN_POINT('Ctrl Pts',(-26.6818099092748,2.47227838578987,12.9757976352889));
#4001=CARTESIAN_POINT('Ctrl Pts',(-26.7467199812011,1.95672156708739,12.9757976352889));
#4002=CARTESIAN_POINT('Ctrl Pts',(-26.8121536575171,1.43700595136948,12.9757976352889));
#4003=CARTESIAN_POINT('Ctrl Pts',(-26.8625098997381,0.915882524719312,12.9757976352889));
#4004=CARTESIAN_POINT('Ctrl Pts',(-26.8977967631977,0.394031889069127,12.9757976352889));
#4005=CARTESIAN_POINT('Ctrl Pts',(-26.933228997501,-0.129968608023181,12.9757976352889));
#4006=CARTESIAN_POINT('Ctrl Pts',(-26.9534675224452,-0.654702823378262,
12.9757976352889));
#4007=CARTESIAN_POINT('Ctrl Pts',(-26.9584694382755,-1.17949335463736,12.9757976352889));
#4008=CARTESIAN_POINT('Ctrl Pts',(-26.9634599600506,-1.70308844550023,12.9757976352889));
#4009=CARTESIAN_POINT('Ctrl Pts',(-26.9532832496465,-2.22674010828102,12.9757976352889));
#4010=CARTESIAN_POINT('Ctrl Pts',(-26.9278451090292,-2.7497794814633,12.9757976352889));
#4011=CARTESIAN_POINT('Ctrl Pts',(-26.9026493673044,-3.26783483609332,12.9757976352889));
#4012=CARTESIAN_POINT('Ctrl Pts',(-26.8624816438015,-3.78529000258697,12.9757976352889));
#4013=CARTESIAN_POINT('Ctrl Pts',(-26.8071996612217,-4.30149147004158,12.9757976352889));
#4014=CARTESIAN_POINT('Ctrl Pts',(-26.7759385389345,-4.59339556692651,12.9757976352889));
#4015=CARTESIAN_POINT('Ctrl Pts',(-26.7398433628157,-4.88489865920609,12.9757976352889));
#4016=CARTESIAN_POINT('Ctrl Pts',(-26.6988811334618,-5.17588116445172,12.9757976352889));
#4017=CARTESIAN_POINT('Ctrl Pts',(-26.660416045837,-5.44912477785112,12.9757976352889));
#4018=CARTESIAN_POINT('Ctrl Pts',(-26.6176591529867,-5.72190934650007,12.9757976352889));
#4019=CARTESIAN_POINT('Ctrl Pts',(-26.5706416425978,-5.99414383474437,12.9757976352889));
#4020=CARTESIAN_POINT('Ctrl Pts',(-26.5470686667905,-6.13063292045311,12.9757976352889));
#4021=CARTESIAN_POINT('Ctrl Pts',(-26.5224246499498,-6.2669837138002,12.9757976352889));
#4022=CARTESIAN_POINT('Ctrl Pts',(-26.4967131698512,-6.40318460928608,12.9757976352889));
#4023=CARTESIAN_POINT('Ctrl Pts',(-26.4779196649991,-6.50273905657382,12.9757976352889));
#4024=CARTESIAN_POINT('Ctrl Pts',(-26.4585558408649,-6.60221341596276,12.9757976352889));
#4025=CARTESIAN_POINT('Ctrl Pts',(-26.4386230163193,-6.70160312153075,12.9757976352889));
#4026=CARTESIAN_POINT('Ctrl Pts',(-26.4254800467065,-6.76713702903636,12.9757976352889));
#4027=CARTESIAN_POINT('Ctrl Pts',(-26.4120883066459,-6.83264061057878,12.9757976352889));
#4028=CARTESIAN_POINT('Ctrl Pts',(-26.3984556117784,-6.8980773639073,12.9757976352889));
#4029=CARTESIAN_POINT('Ctrl Pts',(-26.2923307979297,-7.40747505331237,12.9757976352889));
#4030=CARTESIAN_POINT('Ctrl Pts',(-26.1715485792033,-7.91313740012257,12.9757976352889));
#4031=CARTESIAN_POINT('Ctrl Pts',(-26.0365002336029,-8.4144883288449,12.9757976352889));
#4032=CARTESIAN_POINT('Ctrl Pts',(-25.9001248052664,-8.9207658944641,12.9757976352889));
#4033=CARTESIAN_POINT('Ctrl Pts',(-25.7492013870868,-9.42264735199389,12.9757976352889));
#4034=CARTESIAN_POINT('Ctrl Pts',(-25.5840792023697,-9.91953814111247,12.9757976352889));
#4035=CARTESIAN_POINT('Ctrl Pts',(-25.4179588689285,-10.419432590266,12.9757976352889));
#4036=CARTESIAN_POINT('Ctrl Pts',(-25.2374674490084,-10.9142763344211,12.9757976352889));
#4037=CARTESIAN_POINT('Ctrl Pts',(-25.0429083696901,-11.4034554918508,12.9757976352889));
#4038=CARTESIAN_POINT('Ctrl Pts',(-24.8480321216559,-11.8934321053837,12.9757976352889));
#4039=CARTESIAN_POINT('Ctrl Pts',(-24.6390421359324,-12.37772613459,12.9757976352889));
#4040=CARTESIAN_POINT('Ctrl Pts',(-24.4161935778388,-12.855704935982,12.9757976352889));
#4041=CARTESIAN_POINT('Ctrl Pts',(-24.1946753647741,-13.3308303344721,12.9757976352889));
#4042=CARTESIAN_POINT('Ctrl Pts',(-23.9594633242847,-13.7997161350745,12.9757976352889));
#4043=CARTESIAN_POINT('Ctrl Pts',(-23.7107620443802,-14.2617184084744,12.9757976352889));
#4044=CARTESIAN_POINT('Ctrl Pts',(-23.4639559680818,-14.7202000390579,12.9757976352889));
#4045=CARTESIAN_POINT('Ctrl Pts',(-23.2038652342078,-15.1719030833971,12.9757976352889));
#4046=CARTESIAN_POINT('Ctrl Pts',(-22.9306476548314,-15.6161693837119,12.9757976352889));
#4047=CARTESIAN_POINT('Ctrl Pts',(-22.8324754454546,-15.7758026121194,12.9757976352889));
#4048=CARTESIAN_POINT('Ctrl Pts',(-22.7326080479993,-15.9344753794653,12.9757976352889));
#4049=CARTESIAN_POINT('Ctrl Pts',(-22.6310515231717,-16.0921560688191,12.9757976352889));
#4050=CARTESIAN_POINT('Ctrl Pts',(-22.5520716024975,-16.2147834269151,12.9757976352889));
#4051=CARTESIAN_POINT('Ctrl Pts',(-22.472070070356,-16.3368107565886,12.9757976352889));
#4052=CARTESIAN_POINT('Ctrl Pts',(-22.391049507777,-16.4582229210689,12.9757976352889));
#4053=CARTESIAN_POINT('Ctrl Pts',(-22.3643976537362,-16.4981616623403,12.9757976352889));
#4054=CARTESIAN_POINT('Ctrl Pts',(-22.3376362793763,-16.5380326712948,12.9757976352889));
#4055=CARTESIAN_POINT('Ctrl Pts',(-22.3107724594208,-16.5778252101139,12.9757976352889));
#4056=CARTESIAN_POINT('Ctrl Pts',(-22.1382975448044,-16.8333069229357,12.9757976352889));
#4057=CARTESIAN_POINT('Ctrl Pts',(-21.9615237328716,-17.0856691007838,12.9757976352889));
#4058=CARTESIAN_POINT('Ctrl Pts',(-21.7805079444256,-17.3347902544728,12.9757976352889));
#4059=CARTESIAN_POINT('Ctrl Pts',(-21.4734682052117,-17.7573505997221,12.9757976352889));
#4060=CARTESIAN_POINT('Ctrl Pts',(-21.1542263385466,-18.1705877343922,12.9757976352889));
#4061=CARTESIAN_POINT('Ctrl Pts',(-20.8233592680366,-18.5741525605902,12.9757976352889));
#4062=CARTESIAN_POINT('Ctrl Pts',(-20.4885370530305,-18.982541551365,12.9757976352889));
#4063=CARTESIAN_POINT('Ctrl Pts',(-20.1418097480224,-19.3810259871321,12.9757976352889));
#4064=CARTESIAN_POINT('Ctrl Pts',(-19.7837309594923,-19.7692144651678,12.9757976352889));
#4065=CARTESIAN_POINT('Ctrl Pts',(-19.4248843446257,-20.1582353335783,12.9757976352889));
#4066=CARTESIAN_POINT('Ctrl Pts',(-19.0546371419857,-20.536916387991,12.9757976352889));
#4067=CARTESIAN_POINT('Ctrl Pts',(-18.673507455853,-20.9048287152235,12.9757976352889));
#4068=CARTESIAN_POINT('Ctrl Pts',(-18.4155796276273,-21.1538117543129,12.9757976352889));
#4069=CARTESIAN_POINT('Ctrl Pts',(-18.1526669849979,-21.3978621554456,12.9757976352889));
#4070=CARTESIAN_POINT('Ctrl Pts',(-17.884921295818,-21.636836692931,12.9757976352889));
#4071=CARTESIAN_POINT('Ctrl Pts',(-17.8239835430093,-21.6912262569142,12.9757976352889));
#4072=CARTESIAN_POINT('Ctrl Pts',(-17.7627954127342,-21.7453528561576,12.9757976352889));
#4073=CARTESIAN_POINT('Ctrl Pts',(-17.7013586481349,-21.7992147371959,12.9757976352889));
#4074=CARTESIAN_POINT('Ctrl Pts',(-17.6517348542499,-21.8427201349873,12.9757976352889));
#4075=CARTESIAN_POINT('Ctrl Pts',(-17.6019471031647,-21.8860542828371,12.9757976352889));
#4076=CARTESIAN_POINT('Ctrl Pts',(-17.5520137295787,-21.9292013418485,12.9757976352889));
#4077=CARTESIAN_POINT('Ctrl Pts',(-17.1508663499866,-22.2758298272986,12.9757976352889));
#4078=CARTESIAN_POINT('Ctrl Pts',(-16.7400858879804,-22.6105967153039,12.9757976352889));
#4079=CARTESIAN_POINT('Ctrl Pts',(-16.3202406759416,-22.9331274504959,12.9757976352889));
#4080=CARTESIAN_POINT('Ctrl Pts',(-15.8988226003646,-23.2568664805994,12.9757976352889));
#4081=CARTESIAN_POINT('Ctrl Pts',(-15.4682713586627,-23.5682778551527,12.9757976352889));
#4082=CARTESIAN_POINT('Ctrl Pts',(-15.0291239682712,-23.8669465474402,12.9757976352889));
#4083=CARTESIAN_POINT('Ctrl Pts',(-14.5910211671256,-24.1649048037537,12.9757976352889));
#4084=CARTESIAN_POINT('Ctrl Pts',(-14.1443626630994,-24.4501812420613,12.9757976352889));
#4085=CARTESIAN_POINT('Ctrl Pts',(-13.689650009837,-24.7223228597843,12.9757976352889));
#4086=CARTESIAN_POINT('Ctrl Pts',(-13.2391666668394,-24.9919332716368,12.9757976352889));
#4087=CARTESIAN_POINT('Ctrl Pts',(-12.7807778915065,-25.2486523190236,12.9757976352889));
#4088=CARTESIAN_POINT('Ctrl Pts',(-12.3149463636279,-25.4919951245966,12.9757976352889));
#4089=CARTESIAN_POINT('Ctrl Pts',(-12.0970396109683,-25.6058260642649,12.9757976352889));
#4090=CARTESIAN_POINT('Ctrl Pts',(-11.8775039276384,-25.7167293779808,12.9757976352889));
#4091=CARTESIAN_POINT('Ctrl Pts',(-11.6563851508134,-25.8246518059275,12.9757976352889));
#4092=CARTESIAN_POINT('Ctrl Pts',(27.4245948510611,-1.00063860402079,11.9555977093082));
#4093=CARTESIAN_POINT('Ctrl Pts',(27.4256455331108,-2.11175232539285,11.9459256256111));
#4094=CARTESIAN_POINT('Ctrl Pts',(27.3593370240995,-3.22274141925001,11.936253541914));
#4095=CARTESIAN_POINT('Ctrl Pts',(27.2246554167421,-4.32537888173348,11.9265814582169));
#4096=CARTESIAN_POINT('Ctrl Pts',(26.6835405591529,-8.75548277781251,11.8877215998068));
#4097=CARTESIAN_POINT('Ctrl Pts',(25.0387344599243,-13.0507730904281,11.8488617413967));
#4098=CARTESIAN_POINT('Ctrl Pts',(22.4824851931769,-16.7092157530505,11.8100018829866));
#4099=CARTESIAN_POINT('Ctrl Pts',(19.9262359264295,-20.367658415673,11.7711420245766));
#4100=CARTESIAN_POINT('Ctrl Pts',(16.4585434921633,-23.3892534283023,11.7322821661665));
#4101=CARTESIAN_POINT('Ctrl Pts',(12.4847153648166,-25.4208308683315,11.6934223077564));
#4102=CARTESIAN_POINT('Ctrl Pts',(8.51088723746997,-27.4524083083606,11.6545624493463));
#4103=CARTESIAN_POINT('Ctrl Pts',(4.03092341704286,-28.4939681757896,11.6157025909362));
#4104=CARTESIAN_POINT('Ctrl Pts',(-0.431552269272235,-28.4237728206636,
11.5768427325262));
#4105=CARTESIAN_POINT('Ctrl Pts',(-4.89402795558733,-28.3535774655377,11.5379828741161));
#4106=CARTESIAN_POINT('Ctrl Pts',(-9.3390155077904,-27.1716268878568,11.499123015706));
#4107=CARTESIAN_POINT('Ctrl Pts',(-13.2469795922203,-25.0160683501441,11.4602631572959));
#4108=CARTESIAN_POINT('Ctrl Pts',(-17.1549436766503,-22.8605098124314,11.4214032988859));
#4109=CARTESIAN_POINT('Ctrl Pts',(-20.525884293307,-19.7313433146869,11.3825434404758));
#4110=CARTESIAN_POINT('Ctrl Pts',(-22.9658017896959,-15.9943098291066,11.3436835820657));
#4111=CARTESIAN_POINT('Ctrl Pts',(-25.4057192860849,-12.2572763435263,11.3048237236556));
#4112=CARTESIAN_POINT('Ctrl Pts',(-26.9146136622059,-7.91237587011023,11.2659638652456));
#4113=CARTESIAN_POINT('Ctrl Pts',(-27.3161235728619,-3.46744551934977,11.2271040068355));
#4114=CARTESIAN_POINT('Ctrl Pts',(-27.717633483518,0.97748483141069,11.1882441484254));
#4115=CARTESIAN_POINT('Ctrl Pts',(-27.0117589287091,5.5224450595155,11.1493842900153));
#4116=CARTESIAN_POINT('Ctrl Pts',(-25.2810033466168,9.63621483632478,11.1105244316053));
#4117=CARTESIAN_POINT('Ctrl Pts',(-23.5502477645245,13.749984613134,11.0716645731952));
#4118=CARTESIAN_POINT('Ctrl Pts',(-20.7946111551488,17.4325639386478,11.0328047147851));
#4119=CARTESIAN_POINT('Ctrl Pts',(-17.3361756566874,20.2535282768985,10.993944856375));
#4120=CARTESIAN_POINT('Ctrl Pts',(-13.877740158226,23.0744926151492,10.955084997965));
#4121=CARTESIAN_POINT('Ctrl Pts',(-9.71650577067896,25.0338419661369,10.9162251395549));
#4122=CARTESIAN_POINT('Ctrl Pts',(-5.33884251632036,25.9025657831655,10.8773652811448));
#4123=CARTESIAN_POINT('Ctrl Pts',(-0.961179261961727,26.7712896001942,10.8385054227347));
#4124=CARTESIAN_POINT('Ctrl Pts',(3.63291285920847,26.5493878832636,10.7996455643246));
#4125=CARTESIAN_POINT('Ctrl Pts',(7.90647077198716,25.2627956220349,10.7607857059146));
#4126=CARTESIAN_POINT('Ctrl Pts',(12.1800286847659,23.9762033608062,10.7219258475045));
#4127=CARTESIAN_POINT('Ctrl Pts',(16.1330523891531,21.6249205552793,10.6830659890944));
#4128=CARTESIAN_POINT('Ctrl Pts',(19.3035078930287,18.4837702998175,10.6442061306843));
#4129=CARTESIAN_POINT('Ctrl Pts',(22.4739633969044,15.3426200443558,10.6053462722743));
#4130=CARTESIAN_POINT('Ctrl Pts',(24.8618507002685,11.4116023389591,10.5664864138642));
#4131=CARTESIAN_POINT('Ctrl Pts',(26.18807035281,7.15017449698276,10.5276265554541));
#4132=CARTESIAN_POINT('Ctrl Pts',(27.0074769351378,4.51724561741225,10.5036169400721));
#4133=CARTESIAN_POINT('Ctrl Pts',(27.4216022199885,1.7581858825323,10.4796073246902));
#4134=CARTESIAN_POINT('Ctrl Pts',(27.4231533351331,-1.0004171643281,10.4555977093082));
#4135=CARTESIAN_POINT('Origin',(-0.000173344838927392,-0.999999717040936,
12.9757976352889));
#4136=CARTESIAN_POINT('',(-26.5001733448389,-0.999999717040934,12.9757976352889));
#4137=CARTESIAN_POINT('Origin',(-0.000173344838925931,-0.999999717040938,
12.9757976352889));
#4138=CARTESIAN_POINT('Origin',(-0.000173344838925931,-0.999999717040936,
10.9757976352889));
#4139=CARTESIAN_POINT('Origin',(-2.989334989377,19.4977865533136,32.2661302647797));
#4140=CARTESIAN_POINT('',(-3.1893354972653,25.3073993327612,32.2661302647797));
#4141=CARTESIAN_POINT('',(3.21066450296395,25.304762595421,32.2661302647797));
#4142=CARTESIAN_POINT('Origin',(-0.000173344838925931,-0.999999717040939,
32.2661302647797));
#4143=CARTESIAN_POINT('',(-3.18933498937282,19.4977865358321,32.2661302647797));
#4144=CARTESIAN_POINT('',(3.21066501062587,19.4977870953345,32.2661302647797));
#4145=CARTESIAN_POINT('Origin',(3.21066501062588,19.4977870953342,32.0661302647797));
#4146=CARTESIAN_POINT('',(3.21066450296409,25.304762595421,25.8661302647797));
#4147=CARTESIAN_POINT('',(3.21066450296389,25.304762595421,34.9757976352889));
#4148=CARTESIAN_POINT('',(3.21066501062601,19.4977870953355,25.8661302647797));
#4149=CARTESIAN_POINT('Origin',(2.810665010626,19.4977870603677,25.8661302647797));
#4150=CARTESIAN_POINT('',(-3.18933549726564,25.3073993327612,25.8661302647797));
#4151=CARTESIAN_POINT('Origin',(-0.000173344838925931,-0.999999717040939,
25.8661302647797));
#4152=CARTESIAN_POINT('',(-3.18933498937316,19.4977865358331,25.8661302647797));
#4153=CARTESIAN_POINT('Origin',(-3.18933498937314,19.4977865358352,26.2661302647797));
#4154=CARTESIAN_POINT('',(-3.18933549726516,25.3073993327612,34.9757976352889));
#4155=CARTESIAN_POINT('Origin',(4.774908944734,-2.3,26.4161249176757));
#4156=CARTESIAN_POINT('',(4.77490894473398,-27.0662343727753,26.4161249176756));
#4157=CARTESIAN_POINT('',(4.774908944734,-27.0662343727753,27.0761249176797));
#4158=CARTESIAN_POINT('',(4.774908944734,-27.0662343727753,34.9757976352889));
#4159=CARTESIAN_POINT('',(4.77490894473398,-2.3,26.4161249176756));
#4160=CARTESIAN_POINT('',(4.774908944734,-2.3,27.0761249176797));
#4161=CARTESIAN_POINT('Origin',(3.224908944734,-2.3,27.0761249176757));
#4162=CARTESIAN_POINT('',(3.22490894473498,-27.3030193958816,28.6261249176757));
#4163=CARTESIAN_POINT('Ctrl Pts',(4.77490894473398,-27.0662343727753,27.0761249176797));
#4164=CARTESIAN_POINT('Ctrl Pts',(4.77490894473348,-27.0662343727754,27.2707775434677));
#4165=CARTESIAN_POINT('Ctrl Pts',(4.73599050726648,-27.0734567100967,27.4781536321186));
#4166=CARTESIAN_POINT('Ctrl Pts',(4.5783875847754,-27.1015932964649,27.8591256736805));
#4167=CARTESIAN_POINT('Ctrl Pts',(4.45972396364367,-27.1223739168132,28.0327401145777));
#4168=CARTESIAN_POINT('Ctrl Pts',(4.18541784260585,-27.1677348201515,28.3082438941062));
#4169=CARTESIAN_POINT('Ctrl Pts',(4.01085595426204,-27.19540036912,28.4280487047201));
#4170=CARTESIAN_POINT('Ctrl Pts',(3.62826002321521,-27.2511300289556,28.5869917373395));
#4171=CARTESIAN_POINT('Ctrl Pts',(3.42020631913345,-27.2790734721411,28.6261249176755));
#4172=CARTESIAN_POINT('Ctrl Pts',(3.22490894473498,-27.3030193958816,28.6261249176757));
#4173=CARTESIAN_POINT('',(3.22490894473498,-2.3,28.6261249176757));
#4174=CARTESIAN_POINT('Origin',(3.22490894473498,-2.3,28.6261249176757));
#4175=CARTESIAN_POINT('',(-3.22509105526398,-27.3030395748404,28.6261249176757));
#4176=CARTESIAN_POINT('Origin',(-0.000173344838925931,-0.999999717040939,
28.6261249176757));
#4177=CARTESIAN_POINT('',(-3.22509105526398,-2.3,28.6261249176757));
#4178=CARTESIAN_POINT('Origin',(-3.22509105526501,-2.3,27.0761249176757));
#4179=CARTESIAN_POINT('',(-4.775091055265,-27.0662645215475,27.0761249176737));
#4180=CARTESIAN_POINT('Ctrl Pts',(-3.22509105526501,-27.3030395748403,28.6261249176757));
#4181=CARTESIAN_POINT('Ctrl Pts',(-3.42038839243978,-27.2790948960176,28.6261249176757));
#4182=CARTESIAN_POINT('Ctrl Pts',(-3.62844206400489,-27.2511527846601,28.5869917501248));
#4183=CARTESIAN_POINT('Ctrl Pts',(-4.0110379279419,-27.1954255882826,28.4280487777602));
#4184=CARTESIAN_POINT('Ctrl Pts',(-4.18559978101391,-27.1677611710142,28.3082440148191));
#4185=CARTESIAN_POINT('Ctrl Pts',(-4.45990596846164,-27.1224020328537,28.0327402723552));
#4186=CARTESIAN_POINT('Ctrl Pts',(-4.57856964242489,-27.1016221743456,27.8591257771074));
#4187=CARTESIAN_POINT('Ctrl Pts',(-4.73617261705453,-27.0734866047991,27.4781536583175));
#4188=CARTESIAN_POINT('Ctrl Pts',(-4.77509105526498,-27.0662645215475,27.270777547804));
#4189=CARTESIAN_POINT('Ctrl Pts',(-4.77509105526498,-27.0662645215475,27.0761249176757));
#4190=CARTESIAN_POINT('',(-4.775091055265,-2.3,27.0761249176737));
#4191=CARTESIAN_POINT('Origin',(-4.775091055265,-2.3,27.0761249176737));
#4192=CARTESIAN_POINT('',(-4.77509105526498,-27.0662645215475,26.4161249176766));
#4193=CARTESIAN_POINT('',(-4.775091055265,-27.0662645215475,34.9757976352889));
#4194=CARTESIAN_POINT('',(-4.77509105526498,-2.3,26.4161249176766));
#4195=CARTESIAN_POINT('Origin',(3.22490894473401,-2.3,26.4161249176756));
#4196=CARTESIAN_POINT('',(3.224908944734,-27.3030193958817,24.8661249176759));
#4197=CARTESIAN_POINT('Ctrl Pts',(3.22490894473401,-27.3030193958817,24.8661249176757));
#4198=CARTESIAN_POINT('Ctrl Pts',(3.42020631913248,-27.2790734721412,24.8661249176757));
#4199=CARTESIAN_POINT('Ctrl Pts',(3.62826002321521,-27.2511300289556,24.9052580980118));
#4200=CARTESIAN_POINT('Ctrl Pts',(4.01085595426204,-27.19540036912,25.0642011306312));
#4201=CARTESIAN_POINT('Ctrl Pts',(4.18541784260585,-27.1677348201515,25.1840059412451));
#4202=CARTESIAN_POINT('Ctrl Pts',(4.45972396364367,-27.1223739168132,25.4595097207736));
#4203=CARTESIAN_POINT('Ctrl Pts',(4.5783875847754,-27.1015932964649,25.6331241616708));
#4204=CARTESIAN_POINT('Ctrl Pts',(4.73599050726648,-27.0734567100967,26.0140962032328));
#4205=CARTESIAN_POINT('Ctrl Pts',(4.77490894473398,-27.0662343727753,26.2214722918876));
#4206=CARTESIAN_POINT('Ctrl Pts',(4.77490894473398,-27.0662343727753,26.4161249176756));
#4207=CARTESIAN_POINT('',(3.224908944734,-2.3,24.8661249176759));
#4208=CARTESIAN_POINT('Origin',(-3.22509105526598,-2.3,24.8661249176758));
#4209=CARTESIAN_POINT('',(-3.22509105526598,-27.3030395748402,24.8661249176767));
#4210=CARTESIAN_POINT('Origin',(-0.000173344838925931,-0.999999717040939,
24.8661249176758));
#4211=CARTESIAN_POINT('',(-3.22509105526598,-2.3,24.8661249176767));
#4212=CARTESIAN_POINT('Origin',(-3.22509105526501,-2.3,26.4161249176766));
#4213=CARTESIAN_POINT('Ctrl Pts',(-4.77509105526498,-27.0662645215475,26.4161249176766));
#4214=CARTESIAN_POINT('Ctrl Pts',(-4.77509105526498,-27.0662645215475,26.2214722875483));
#4215=CARTESIAN_POINT('Ctrl Pts',(-4.73617261705453,-27.0734866047991,26.0140961770348));
#4216=CARTESIAN_POINT('Ctrl Pts',(-4.57856964242489,-27.1016221743456,25.6331240582449));
#4217=CARTESIAN_POINT('Ctrl Pts',(-4.45990596846163,-27.1224020328537,25.4595095629971));
#4218=CARTESIAN_POINT('Ctrl Pts',(-4.18559978101391,-27.1677611710142,25.1840058205332));
#4219=CARTESIAN_POINT('Ctrl Pts',(-4.0110379279419,-27.1954255882826,25.0642010575921));
#4220=CARTESIAN_POINT('Ctrl Pts',(-3.62844206400489,-27.2511527846601,24.9052580852275));
#4221=CARTESIAN_POINT('Ctrl Pts',(-3.42038839244074,-27.2790948960175,24.8661249176768));
#4222=CARTESIAN_POINT('Ctrl Pts',(-3.22509105526598,-27.3030395748402,24.8661249176767));
#4223=CARTESIAN_POINT('Origin',(0.,11.515612191715,36.9757976352889));
#4224=CARTESIAN_POINT('',(-1.6,11.515612191715,34.9757976352889));
#4225=CARTESIAN_POINT('',(-1.6,11.515612191715,36.9757976352889));
#4226=CARTESIAN_POINT('Origin',(0.,11.515612191715,34.9757976352889));
#4227=CARTESIAN_POINT('Origin',(0.,-17.88000779919,36.9757976352889));
#4228=CARTESIAN_POINT('',(-1.6,-17.88000779919,34.9757976352889));
#4229=CARTESIAN_POINT('',(-1.6,-17.88000779919,36.9757976352889));
#4230=CARTESIAN_POINT('Origin',(0.,-17.88000779919,34.9757976352889));
#4231=CARTESIAN_POINT('Origin',(-4.70228201833979,-8.77213599672283,36.9757976352889));
#4232=CARTESIAN_POINT('',(-5.30228201833979,-8.77213599672283,34.9757976352889));
#4233=CARTESIAN_POINT('',(-5.30228201833979,-8.77213599672283,36.9757976352889));
#4234=CARTESIAN_POINT('Origin',(-4.70228201833979,-8.77213599672283,34.9757976352889));
#4235=CARTESIAN_POINT('Origin',(-1.77635683940025E-15,-10.3000000417233,
36.9757976352889));
#4236=CARTESIAN_POINT('',(-0.600000000000002,-10.3000000417233,34.9757976352889));
#4237=CARTESIAN_POINT('',(-0.600000000000002,-10.3000000417233,36.9757976352889));
#4238=CARTESIAN_POINT('Origin',(-1.77635683940025E-15,-10.3000000417233,
34.9757976352889));
#4239=CARTESIAN_POINT('Origin',(7.60845213036123,-4.77213599672283,36.9757976352889));
#4240=CARTESIAN_POINT('',(7.00845213036123,-4.77213599672283,34.9757976352889));
#4241=CARTESIAN_POINT('',(7.00845213036123,-4.77213599672283,36.9757976352889));
#4242=CARTESIAN_POINT('Origin',(7.60845213036123,-4.77213599672283,34.9757976352889));
#4243=CARTESIAN_POINT('Origin',(6.47213595499958,-7.00228206006304,36.9757976352889));
#4244=CARTESIAN_POINT('',(5.87213595499958,-7.00228206006304,34.9757976352889));
#4245=CARTESIAN_POINT('',(5.87213595499958,-7.00228206006304,36.9757976352889));
#4246=CARTESIAN_POINT('Origin',(6.47213595499958,-7.00228206006304,34.9757976352889));
#4247=CARTESIAN_POINT('Origin',(2.,-2.30000004172325,36.9757976352889));
#4248=CARTESIAN_POINT('',(1.4,-2.30000004172325,34.9757976352889));
#4249=CARTESIAN_POINT('',(1.4,-2.30000004172325,36.9757976352889));
#4250=CARTESIAN_POINT('Origin',(2.,-2.30000004172325,34.9757976352889));
#4251=CARTESIAN_POINT('Origin',(1.,-0.567949234154374,36.9757976352889));
#4252=CARTESIAN_POINT('',(0.4,-0.567949234154374,34.9757976352889));
#4253=CARTESIAN_POINT('',(0.4,-0.567949234154374,36.9757976352889));
#4254=CARTESIAN_POINT('Origin',(1.,-0.567949234154374,34.9757976352889));
#4255=CARTESIAN_POINT('Origin',(-2.61944293578114,0.722998255693782,36.9757976352889));
#4256=CARTESIAN_POINT('',(-3.21944293578114,0.722998255693782,34.9757976352889));
#4257=CARTESIAN_POINT('',(-3.21944293578114,0.722998255693782,36.9757976352889));
#4258=CARTESIAN_POINT('Origin',(-2.61944293578114,0.722998255693782,34.9757976352889));
#4259=CARTESIAN_POINT('Origin',(4.,-2.30000004172325,36.9757976352889));
#4260=CARTESIAN_POINT('',(3.4,-2.30000004172325,34.9757976352889));
#4261=CARTESIAN_POINT('',(3.4,-2.30000004172325,36.9757976352889));
#4262=CARTESIAN_POINT('Origin',(4.,-2.30000004172325,34.9757976352889));
#4263=CARTESIAN_POINT('Origin',(8.,-2.30000004172325,36.9757976352889));
#4264=CARTESIAN_POINT('',(7.4,-2.30000004172325,34.9757976352889));
#4265=CARTESIAN_POINT('',(7.4,-2.30000004172325,36.9757976352889));
#4266=CARTESIAN_POINT('Origin',(8.,-2.30000004172325,34.9757976352889));
#4267=CARTESIAN_POINT('Origin',(-0.627170779605925,-8.26713141393289,36.9757976352889));
#4268=CARTESIAN_POINT('',(-1.22717077960593,-8.26713141393289,34.9757976352889));
#4269=CARTESIAN_POINT('',(-1.22717077960593,-8.26713141393289,36.9757976352889));
#4270=CARTESIAN_POINT('Origin',(-0.627170779605925,-8.26713141393289,34.9757976352889));
#4271=CARTESIAN_POINT('Origin',(1.85410196624968,3.40633905604767,36.9757976352889));
#4272=CARTESIAN_POINT('',(1.25410196624969,3.40633905604767,34.9757976352889));
#4273=CARTESIAN_POINT('',(1.25410196624969,3.40633905604767,36.9757976352889));
#4274=CARTESIAN_POINT('Origin',(1.85410196624968,3.40633905604767,34.9757976352889));
#4275=CARTESIAN_POINT('Origin',(-5.86888560440284,-3.54747018662981,36.9757976352889));
#4276=CARTESIAN_POINT('',(-6.46888560440284,-3.54747018662981,34.9757976352889));
#4277=CARTESIAN_POINT('',(-6.46888560440284,-3.54747018662981,36.9757976352889));
#4278=CARTESIAN_POINT('Origin',(-5.86888560440284,-3.54747018662981,34.9757976352889));
#4279=CARTESIAN_POINT('Origin',(-6.47213595499958,-7.00228206006304,36.9757976352889));
#4280=CARTESIAN_POINT('',(-7.07213595499958,-7.00228206006304,34.9757976352889));
#4281=CARTESIAN_POINT('',(-7.07213595499958,-7.00228206006304,36.9757976352889));
#4282=CARTESIAN_POINT('Origin',(-6.47213595499958,-7.00228206006304,34.9757976352889));
#4283=CARTESIAN_POINT('Origin',(-3.,2.89615238098338,36.9757976352889));
#4284=CARTESIAN_POINT('',(-3.6,2.89615238098338,34.9757976352889));
#4285=CARTESIAN_POINT('',(-3.6,2.89615238098338,36.9757976352889));
#4286=CARTESIAN_POINT('Origin',(-3.,2.89615238098338,34.9757976352889));
#4287=CARTESIAN_POINT('Origin',(-4.85410196624968,1.22671147203159,36.9757976352889));
#4288=CARTESIAN_POINT('',(-5.45410196624968,1.22671147203159,34.9757976352889));
#4289=CARTESIAN_POINT('',(-5.45410196624968,1.22671147203159,36.9757976352889));
#4290=CARTESIAN_POINT('Origin',(-4.85410196624968,1.22671147203159,34.9757976352889));
#4291=CARTESIAN_POINT('Origin',(4.01478363815315,-6.75886899458762,36.9757976352889));
#4292=CARTESIAN_POINT('',(3.41478363815315,-6.75886899458762,34.9757976352889));
#4293=CARTESIAN_POINT('',(3.41478363815315,-6.75886899458762,36.9757976352889));
#4294=CARTESIAN_POINT('Origin',(4.01478363815315,-6.75886899458762,34.9757976352889));
#4295=CARTESIAN_POINT('Origin',(4.01478363815315,2.15886891114111,36.9757976352889));
#4296=CARTESIAN_POINT('',(3.41478363815315,2.15886891114111,34.9757976352889));
#4297=CARTESIAN_POINT('',(3.41478363815315,2.15886891114111,36.9757976352889));
#4298=CARTESIAN_POINT('Origin',(4.01478363815315,2.15886891114111,34.9757976352889));
#4299=CARTESIAN_POINT('Origin',(-3.83797189445799,-1.17306981435753,36.9757976352889));
#4300=CARTESIAN_POINT('',(-4.43797189445799,-1.17306981435753,34.9757976352889));
#4301=CARTESIAN_POINT('',(-4.43797189445799,-1.17306981435753,36.9757976352889));
#4302=CARTESIAN_POINT('Origin',(-3.83797189445799,-1.17306981435753,34.9757976352889));
#4303=CARTESIAN_POINT('Origin',(1.66166005200754,-5.93852802314133,36.9757976352889));
#4304=CARTESIAN_POINT('',(1.06166005200754,-5.93852802314133,34.9757976352889));
#4305=CARTESIAN_POINT('',(1.06166005200754,-5.93852802314133,36.9757976352889));
#4306=CARTESIAN_POINT('Origin',(1.66166005200754,-5.93852802314133,34.9757976352889));
#4307=CARTESIAN_POINT('Origin',(-0.56925935309314,-6.25928580924698,36.9757976352889));
#4308=CARTESIAN_POINT('',(-1.16925935309314,-6.25928580924698,34.9757976352889));
#4309=CARTESIAN_POINT('',(-1.16925935309314,-6.25928580924698,36.9757976352889));
#4310=CARTESIAN_POINT('Origin',(-0.56925935309314,-6.25928580924698,34.9757976352889));
#4311=CARTESIAN_POINT('Origin',(-3.83797189445799,-3.42693026908897,36.9757976352889));
#4312=CARTESIAN_POINT('',(-4.43797189445799,-3.42693026908897,34.9757976352889));
#4313=CARTESIAN_POINT('',(-4.43797189445799,-3.42693026908897,36.9757976352889));
#4314=CARTESIAN_POINT('Origin',(-3.83797189445799,-3.42693026908897,34.9757976352889));
#4315=CARTESIAN_POINT('Origin',(6.,-2.30000004172325,36.9757976352889));
#4316=CARTESIAN_POINT('',(5.4,-2.30000004172325,34.9757976352889));
#4317=CARTESIAN_POINT('',(5.4,-2.30000004172325,36.9757976352889));
#4318=CARTESIAN_POINT('Origin',(6.,-2.30000004172325,34.9757976352889));
#4319=CARTESIAN_POINT('Origin',(2.47213595499958,-9.90845217208448,36.9757976352889));
#4320=CARTESIAN_POINT('',(1.87213595499958,-9.90845217208448,34.9757976352889));
#4321=CARTESIAN_POINT('',(1.87213595499958,-9.90845217208448,36.9757976352889));
#4322=CARTESIAN_POINT('Origin',(2.47213595499958,-9.90845217208448,34.9757976352889));
#4323=CARTESIAN_POINT('Origin',(-2.47213595499958,5.30845208863798,36.9757976352889));
#4324=CARTESIAN_POINT('',(-3.07213595499958,5.30845208863798,34.9757976352889));
#4325=CARTESIAN_POINT('',(-3.07213595499958,5.30845208863798,36.9757976352889));
#4326=CARTESIAN_POINT('Origin',(-2.47213595499958,5.30845208863798,34.9757976352889));
#4327=CARTESIAN_POINT('Origin',(-1.77635683940025E-15,5.69999995827675,
36.9757976352889));
#4328=CARTESIAN_POINT('',(-0.600000000000002,5.69999995827675,34.9757976352889));
#4329=CARTESIAN_POINT('',(-0.600000000000002,5.69999995827675,36.9757976352889));
#4330=CARTESIAN_POINT('Origin',(-1.77635683940025E-15,5.69999995827675,
34.9757976352889));
#4331=CARTESIAN_POINT('Origin',(4.70228201833979,4.17213591327633,36.9757976352889));
#4332=CARTESIAN_POINT('',(4.10228201833979,4.17213591327633,34.9757976352889));
#4333=CARTESIAN_POINT('',(4.10228201833979,4.17213591327633,36.9757976352889));
#4334=CARTESIAN_POINT('Origin',(4.70228201833979,4.17213591327633,34.9757976352889));
#4335=CARTESIAN_POINT('Origin',(6.47213595499958,2.40228197661653,36.9757976352889));
#4336=CARTESIAN_POINT('',(5.87213595499958,2.40228197661653,34.9757976352889));
#4337=CARTESIAN_POINT('',(5.87213595499958,2.40228197661653,36.9757976352889));
#4338=CARTESIAN_POINT('Origin',(6.47213595499958,2.40228197661653,34.9757976352889));
#4339=CARTESIAN_POINT('Origin',(-2.47213595499958,-9.90845217208448,36.9757976352889));
#4340=CARTESIAN_POINT('',(-3.07213595499958,-9.90845217208448,34.9757976352889));
#4341=CARTESIAN_POINT('',(-3.07213595499958,-9.90845217208448,36.9757976352889));
#4342=CARTESIAN_POINT('Origin',(-2.47213595499958,-9.90845217208448,34.9757976352889));
#4343=CARTESIAN_POINT('Origin',(-6.47213595499958,2.40228197661653,36.9757976352889));
#4344=CARTESIAN_POINT('',(-7.07213595499958,2.40228197661653,34.9757976352889));
#4345=CARTESIAN_POINT('',(-7.07213595499958,2.40228197661653,36.9757976352889));
#4346=CARTESIAN_POINT('Origin',(-6.47213595499958,2.40228197661653,34.9757976352889));
#4347=CARTESIAN_POINT('Origin',(4.70228201833978,-8.77213599672283,36.9757976352889));
#4348=CARTESIAN_POINT('',(4.10228201833978,-8.77213599672283,34.9757976352889));
#4349=CARTESIAN_POINT('',(4.10228201833978,-8.77213599672283,36.9757976352889));
#4350=CARTESIAN_POINT('Origin',(4.70228201833978,-8.77213599672283,34.9757976352889));
#4351=CARTESIAN_POINT('Origin',(3.36501413132472,-4.46256331154564,36.9757976352889));
#4352=CARTESIAN_POINT('',(2.76501413132473,-4.46256331154564,34.9757976352889));
#4353=CARTESIAN_POINT('',(2.76501413132473,-4.46256331154564,36.9757976352889));
#4354=CARTESIAN_POINT('Origin',(3.36501413132472,-4.46256331154564,34.9757976352889));
#4355=CARTESIAN_POINT('Origin',(-1.,-4.03205084929213,36.9757976352889));
#4356=CARTESIAN_POINT('',(-1.6,-4.03205084929213,34.9757976352889));
#4357=CARTESIAN_POINT('',(-1.6,-4.03205084929213,36.9757976352889));
#4358=CARTESIAN_POINT('Origin',(-1.,-4.03205084929213,34.9757976352889));
#4359=CARTESIAN_POINT('Origin',(-2.61944293578114,-5.32299833914028,36.9757976352889));
#4360=CARTESIAN_POINT('',(-3.21944293578114,-5.32299833914028,34.9757976352889));
#4361=CARTESIAN_POINT('',(-3.21944293578114,-5.32299833914028,36.9757976352889));
#4362=CARTESIAN_POINT('Origin',(-2.61944293578114,-5.32299833914028,34.9757976352889));
#4363=CARTESIAN_POINT('Origin',(-0.56925935309314,1.65928572580048,36.9757976352889));
#4364=CARTESIAN_POINT('',(-1.16925935309314,1.65928572580048,34.9757976352889));
#4365=CARTESIAN_POINT('',(-1.16925935309314,1.65928572580048,36.9757976352889));
#4366=CARTESIAN_POINT('Origin',(-0.56925935309314,1.65928572580048,34.9757976352889));
#4367=CARTESIAN_POINT('Origin',(1.66166005200755,1.33852793969482,36.9757976352889));
#4368=CARTESIAN_POINT('',(1.06166005200755,1.33852793969482,34.9757976352889));
#4369=CARTESIAN_POINT('',(1.06166005200755,1.33852793969482,36.9757976352889));
#4370=CARTESIAN_POINT('Origin',(1.66166005200755,1.33852793969482,34.9757976352889));
#4371=CARTESIAN_POINT('Origin',(5.48127274585561,0.14041981673155,36.9757976352889));
#4372=CARTESIAN_POINT('',(4.88127274585561,0.14041981673155,34.9757976352889));
#4373=CARTESIAN_POINT('',(4.88127274585561,0.14041981673155,36.9757976352889));
#4374=CARTESIAN_POINT('Origin',(5.48127274585561,0.14041981673155,34.9757976352889));
#4375=CARTESIAN_POINT('Origin',(-3.,-7.49615246442988,36.9757976352889));
#4376=CARTESIAN_POINT('',(-3.6,-7.49615246442988,34.9757976352889));
#4377=CARTESIAN_POINT('',(-3.6,-7.49615246442988,36.9757976352889));
#4378=CARTESIAN_POINT('Origin',(-3.,-7.49615246442988,34.9757976352889));
#4379=CARTESIAN_POINT('Origin',(5.4812727458556,-4.74041990017806,36.9757976352889));
#4380=CARTESIAN_POINT('',(4.8812727458556,-4.74041990017806,34.9757976352889));
#4381=CARTESIAN_POINT('',(4.8812727458556,-4.74041990017806,36.9757976352889));
#4382=CARTESIAN_POINT('Origin',(5.4812727458556,-4.74041990017806,34.9757976352889));
#4383=CARTESIAN_POINT('Origin',(-8.,-2.30000004172325,36.9757976352889));
#4384=CARTESIAN_POINT('',(-8.6,-2.30000004172325,34.9757976352889));
#4385=CARTESIAN_POINT('',(-8.6,-2.30000004172325,36.9757976352889));
#4386=CARTESIAN_POINT('Origin',(-8.,-2.30000004172325,34.9757976352889));
#4387=CARTESIAN_POINT('Origin',(-5.86888560440283,-1.05252989681669,36.9757976352889));
#4388=CARTESIAN_POINT('',(-6.46888560440283,-1.05252989681669,34.9757976352889));
#4389=CARTESIAN_POINT('',(-6.46888560440283,-1.05252989681669,36.9757976352889));
#4390=CARTESIAN_POINT('Origin',(-5.86888560440283,-1.05252989681669,34.9757976352889));
#4391=CARTESIAN_POINT('Origin',(-0.627170779605918,3.66713133048639,36.9757976352889));
#4392=CARTESIAN_POINT('',(-1.22717077960592,3.66713133048639,34.9757976352889));
#4393=CARTESIAN_POINT('',(-1.22717077960592,3.66713133048639,36.9757976352889));
#4394=CARTESIAN_POINT('Origin',(-0.627170779605918,3.66713133048639,34.9757976352889));
#4395=CARTESIAN_POINT('Origin',(-7.60845213036123,-4.77213599672283,36.9757976352889));
#4396=CARTESIAN_POINT('',(-8.20845213036123,-4.77213599672283,34.9757976352889));
#4397=CARTESIAN_POINT('',(-8.20845213036123,-4.77213599672283,36.9757976352889));
#4398=CARTESIAN_POINT('Origin',(-7.60845213036123,-4.77213599672283,34.9757976352889));
#4399=CARTESIAN_POINT('Origin',(-4.85410196624969,-5.82671155547809,36.9757976352889));
#4400=CARTESIAN_POINT('',(-5.45410196624969,-5.82671155547809,34.9757976352889));
#4401=CARTESIAN_POINT('',(-5.45410196624969,-5.82671155547809,36.9757976352889));
#4402=CARTESIAN_POINT('Origin',(-4.85410196624969,-5.82671155547809,34.9757976352889));
#4403=CARTESIAN_POINT('Origin',(1.85410196624968,-8.00633913949417,36.9757976352889));
#4404=CARTESIAN_POINT('',(1.25410196624968,-8.00633913949417,34.9757976352889));
#4405=CARTESIAN_POINT('',(1.25410196624968,-8.00633913949417,36.9757976352889));
#4406=CARTESIAN_POINT('Origin',(1.85410196624968,-8.00633913949417,34.9757976352889));
#4407=CARTESIAN_POINT('Origin',(0.999999999999999,-4.03205084929213,36.9757976352889));
#4408=CARTESIAN_POINT('',(0.399999999999999,-4.03205084929213,34.9757976352889));
#4409=CARTESIAN_POINT('',(0.399999999999999,-4.03205084929213,36.9757976352889));
#4410=CARTESIAN_POINT('Origin',(0.999999999999999,-4.03205084929213,34.9757976352889));
#4411=CARTESIAN_POINT('Origin',(3.36501413132472,-0.137436771900861,36.9757976352889));
#4412=CARTESIAN_POINT('',(2.76501413132473,-0.137436771900861,34.9757976352889));
#4413=CARTESIAN_POINT('',(2.76501413132473,-0.137436771900861,36.9757976352889));
#4414=CARTESIAN_POINT('Origin',(3.36501413132472,-0.137436771900861,34.9757976352889));
#4415=CARTESIAN_POINT('Origin',(-1.,-0.567949234154373,36.9757976352889));
#4416=CARTESIAN_POINT('',(-1.6,-0.567949234154374,34.9757976352889));
#4417=CARTESIAN_POINT('',(-1.6,-0.567949234154373,36.9757976352889));
#4418=CARTESIAN_POINT('Origin',(-1.,-0.567949234154373,34.9757976352889));
#4419=CARTESIAN_POINT('Origin',(-2.,-2.30000004172325,36.9757976352889));
#4420=CARTESIAN_POINT('',(-2.6,-2.30000004172325,34.9757976352889));
#4421=CARTESIAN_POINT('',(-2.6,-2.30000004172325,36.9757976352889));
#4422=CARTESIAN_POINT('Origin',(-2.,-2.30000004172325,34.9757976352889));
#4423=CARTESIAN_POINT('Origin',(0.,-2.30000004172325,36.9757976352889));
#4424=CARTESIAN_POINT('',(-0.6,-2.30000004172325,34.9757976352889));
#4425=CARTESIAN_POINT('',(-0.6,-2.30000004172325,36.9757976352889));
#4426=CARTESIAN_POINT('Origin',(0.,-2.30000004172325,34.9757976352889));
#4427=CARTESIAN_POINT('Origin',(-7.60845213036123,0.172135913276329,36.9757976352889));
#4428=CARTESIAN_POINT('',(-8.20845213036123,0.172135913276329,34.9757976352889));
#4429=CARTESIAN_POINT('',(-8.20845213036123,0.172135913276329,36.9757976352889));
#4430=CARTESIAN_POINT('Origin',(-7.60845213036123,0.172135913276329,34.9757976352889));
#4431=CARTESIAN_POINT('Origin',(-4.70228201833978,4.17213591327633,36.9757976352889));
#4432=CARTESIAN_POINT('',(-5.30228201833978,4.17213591327633,34.9757976352889));
#4433=CARTESIAN_POINT('',(-5.30228201833978,4.17213591327633,36.9757976352889));
#4434=CARTESIAN_POINT('Origin',(-4.70228201833978,4.17213591327633,34.9757976352889));
#4435=CARTESIAN_POINT('Origin',(2.47213595499958,5.30845208863798,36.9757976352889));
#4436=CARTESIAN_POINT('',(1.87213595499958,5.30845208863798,34.9757976352889));
#4437=CARTESIAN_POINT('',(1.87213595499958,5.30845208863798,36.9757976352889));
#4438=CARTESIAN_POINT('Origin',(2.47213595499958,5.30845208863798,34.9757976352889));
#4439=CARTESIAN_POINT('Origin',(7.60845213036123,0.172135913276328,36.9757976352889));
#4440=CARTESIAN_POINT('',(7.00845213036123,0.172135913276328,34.9757976352889));
#4441=CARTESIAN_POINT('',(7.00845213036123,0.172135913276328,36.9757976352889));
#4442=CARTESIAN_POINT('Origin',(7.60845213036123,0.172135913276328,34.9757976352889));
#4443=CARTESIAN_POINT('Origin',(17.,-17.3,34.9757976352889));
#4444=CARTESIAN_POINT('',(18.,-17.3,25.0661302647797));
#4445=CARTESIAN_POINT('Origin',(17.,-17.3,25.0661302647797));
#4446=CARTESIAN_POINT('',(18.,-17.3,34.9757976352889));
#4447=CARTESIAN_POINT('',(18.,-17.3,34.9757976352889));
#4448=CARTESIAN_POINT('Origin',(17.,-17.3,34.9757976352889));
#4449=CARTESIAN_POINT('Origin',(17.,-17.3,34.9757976352889));
#4450=CARTESIAN_POINT('',(19.,-17.3,25.0661302647797));
#4451=CARTESIAN_POINT('Origin',(17.,-17.3,25.0661302647797));
#4452=CARTESIAN_POINT('',(19.,-17.3,34.9757976352889));
#4453=CARTESIAN_POINT('',(19.,-17.3,34.9757976352889));
#4454=CARTESIAN_POINT('Origin',(17.,-17.3,34.9757976352889));
#4455=CARTESIAN_POINT('Origin',(0.,-2.3,25.0661302647797));
#4456=CARTESIAN_POINT('Origin',(-0.000173344838927392,-0.99999971704094,
34.9757976352889));
#4457=CARTESIAN_POINT('',(-26.5001733448389,-0.999999717040943,34.9757976352889));
#4458=CARTESIAN_POINT('Origin',(-0.000173344838925931,-0.999999717040939,
34.9757976352889));
#4459=CARTESIAN_POINT('',(-15.,12.7,34.9757976352889));
#4460=CARTESIAN_POINT('Origin',(-17.,12.7,34.9757976352889));
#4461=CARTESIAN_POINT('',(-15.,-17.3,34.9757976352889));
#4462=CARTESIAN_POINT('Origin',(-17.,-17.3,34.9757976352889));
#4463=CARTESIAN_POINT('',(19.,12.7,34.9757976352889));
#4464=CARTESIAN_POINT('Origin',(17.,12.7,34.9757976352889));
#4465=CARTESIAN_POINT('Origin',(-17.,12.7,34.9757976352889));
#4466=CARTESIAN_POINT('',(-16.,12.7,25.0661302647797));
#4467=CARTESIAN_POINT('Origin',(-17.,12.7,25.0661302647797));
#4468=CARTESIAN_POINT('',(-16.,12.7,34.9757976352889));
#4469=CARTESIAN_POINT('',(-16.,12.7,34.9757976352889));
#4470=CARTESIAN_POINT('Origin',(-17.,12.7,34.9757976352889));
#4471=CARTESIAN_POINT('Origin',(-17.,12.7,34.9757976352889));
#4472=CARTESIAN_POINT('',(-15.,12.7,25.0661302647797));
#4473=CARTESIAN_POINT('Origin',(-17.,12.7,25.0661302647797));
#4474=CARTESIAN_POINT('',(-15.,12.7,34.9757976352889));
#4475=CARTESIAN_POINT('Origin',(0.,-2.3,25.0661302647797));
#4476=CARTESIAN_POINT('Origin',(-0.000173344838927392,-0.99999971704094,
34.9757976352889));
#4477=CARTESIAN_POINT('Origin',(17.,12.7,34.9757976352889));
#4478=CARTESIAN_POINT('',(18.,12.7,25.0661302647797));
#4479=CARTESIAN_POINT('Origin',(17.,12.7,25.0661302647797));
#4480=CARTESIAN_POINT('',(18.,12.7,34.9757976352889));
#4481=CARTESIAN_POINT('',(18.,12.7,34.9757976352889));
#4482=CARTESIAN_POINT('Origin',(17.,12.7,34.9757976352889));
#4483=CARTESIAN_POINT('Origin',(17.,12.7,34.9757976352889));
#4484=CARTESIAN_POINT('',(19.,12.7,25.0661302647797));
#4485=CARTESIAN_POINT('Origin',(17.,12.7,25.0661302647797));
#4486=CARTESIAN_POINT('',(19.,12.7,34.9757976352889));
#4487=CARTESIAN_POINT('Origin',(0.,-2.3,25.0661302647797));
#4488=CARTESIAN_POINT('Origin',(-0.000173344838927392,-0.99999971704094,
34.9757976352889));
#4489=CARTESIAN_POINT('Origin',(-17.,-17.3,34.9757976352889));
#4490=CARTESIAN_POINT('',(-16.,-17.3,25.0661302647797));
#4491=CARTESIAN_POINT('Origin',(-17.,-17.3,25.0661302647797));
#4492=CARTESIAN_POINT('',(-16.,-17.3,34.9757976352889));
#4493=CARTESIAN_POINT('',(-16.,-17.3,34.9757976352889));
#4494=CARTESIAN_POINT('Origin',(-17.,-17.3,34.9757976352889));
#4495=CARTESIAN_POINT('Origin',(-17.,-17.3,34.9757976352889));
#4496=CARTESIAN_POINT('',(-15.,-17.3,25.0661302647797));
#4497=CARTESIAN_POINT('Origin',(-17.,-17.3,25.0661302647797));
#4498=CARTESIAN_POINT('',(-15.,-17.3,34.9757976352889));
#4499=CARTESIAN_POINT('Origin',(0.,-2.3,25.0661302647797));
#4500=CARTESIAN_POINT('Origin',(-0.000173344838927392,-0.99999971704094,
34.9757976352889));
#4501=CARTESIAN_POINT('Origin',(-0.000173344838925931,-0.999999717040939,
34.9757976352889));
#4502=CARTESIAN_POINT('',(-26.5001733448389,-0.999999717040936,34.9757976352889));
#4503=CARTESIAN_POINT('Origin',(-0.000173344838927392,-0.99999971704094,
34.9757976352889));
#4504=UNCERTAINTY_MEASURE_WITH_UNIT(LENGTH_MEASURE(0.01),#4508,
'DISTANCE_ACCURACY_VALUE',
'Maximum model space distance between geometric entities at asserted c
onnectivities');
#4505=UNCERTAINTY_MEASURE_WITH_UNIT(LENGTH_MEASURE(0.01),#4508,
'DISTANCE_ACCURACY_VALUE',
'Maximum model space distance between geometric entities at asserted c
onnectivities');
#4506=(
GEOMETRIC_REPRESENTATION_CONTEXT(3)
GLOBAL_UNCERTAINTY_ASSIGNED_CONTEXT((#4504))
GLOBAL_UNIT_ASSIGNED_CONTEXT((#4508,#4510,#4511))
REPRESENTATION_CONTEXT('','3D')
);
#4507=(
GEOMETRIC_REPRESENTATION_CONTEXT(3)
GLOBAL_UNCERTAINTY_ASSIGNED_CONTEXT((#4505))
GLOBAL_UNIT_ASSIGNED_CONTEXT((#4508,#4510,#4511))
REPRESENTATION_CONTEXT('','3D')
);
#4508=(
LENGTH_UNIT()
NAMED_UNIT(*)
SI_UNIT(.MILLI.,.METRE.)
);
#4509=(
LENGTH_UNIT()
NAMED_UNIT(*)
SI_UNIT($,.METRE.)
);
#4510=(
NAMED_UNIT(*)
PLANE_ANGLE_UNIT()
SI_UNIT($,.RADIAN.)
);
#4511=(
NAMED_UNIT(*)
SI_UNIT($,.STERADIAN.)
SOLID_ANGLE_UNIT()
);
#4512=SHAPE_DEFINITION_REPRESENTATION(#4513,#4514);
#4513=PRODUCT_DEFINITION_SHAPE('',$,#4516);
#4514=SHAPE_REPRESENTATION('',(#1974),#4506);
#4515=PRODUCT_DEFINITION_CONTEXT('part definition',#4520,'design');
#4516=PRODUCT_DEFINITION('\X2\58F34F53\X0\ (1)','\X2\58F34F53\X0\ (1)',
#4517,#4515);
#4517=PRODUCT_DEFINITION_FORMATION('',$,#4522);
#4518=PRODUCT_RELATED_PRODUCT_CATEGORY('\X2\58F34F53\X0\ (1)',
'\X2\58F34F53\X0\ (1)',(#4522));
#4519=APPLICATION_PROTOCOL_DEFINITION('international standard',
'automotive_design',2009,#4520);
#4520=APPLICATION_CONTEXT(
'Core Data for Automotive Mechanical Design Process');
#4521=PRODUCT_CONTEXT('part definition',#4520,'mechanical');
#4522=PRODUCT('\X2\58F34F53\X0\ (1)','\X2\58F34F53\X0\ (1)',$,(#4521));
#4523=PRESENTATION_STYLE_ASSIGNMENT((#4524));
#4524=SURFACE_STYLE_USAGE(.BOTH.,#4525);
#4525=SURFACE_SIDE_STYLE('',(#4526));
#4526=SURFACE_STYLE_FILL_AREA(#4527);
#4527=FILL_AREA_STYLE('\X2\94A2\X0\ - \X2\7F0E5149\X0\',(#4528));
#4528=FILL_AREA_STYLE_COLOUR('\X2\94A2\X0\ - \X2\7F0E5149\X0\',#4529);
#4529=COLOUR_RGB('\X2\94A2\X0\ - \X2\7F0E5149\X0\',0.627450980392157,0.627450980392157,
0.627450980392157);
ENDSEC;
END-ISO-10303-21;
